Time,V1,V2,V3,V4,V5,V6,V7,V8,V9,V10,V11,V12,V13,V14,V15,V16,V17,V18,V19,V20,V21,V22,V23,V24,V25,V26,V27,V28,Amount,Class
406.0,-2.312226542,1.951992011,-1.609850732,3.997905588,-0.522187865,-1.426545319,-2.537387306,1.391657248,-2.770089277,-2.772272145,3.202033207,-2.899907388,-0.595221881,-4.289253782,0.38972412,-1.14074718,-2.830055675,-0.016822468,0.416955705,0.126910559,0.517232371,-0.035049369,-0.465211076,0.320198199,0.044519167,0.177839798,0.261145003,-0.143275875,0.0,1
472.0,-3.043540624,-3.157307121,1.08846278,2.288643618,1.35980513,-1.064822523,0.325574266,-0.067793653,-0.270952836,-0.838586565,-0.414575448,-0.50314086,0.676501545,-1.692028933,2.000634839,0.666779696,0.599717414,1.725321007,0.28334483,2.102338793,0.661695925,0.435477209,1.375965743,-0.293803153,0.279798032,-0.145361715,-0.252773123,0.035764225,529.0,1
4462.0,-2.303349568,1.75924746,-0.359744743,2.330243051,-0.821628328,-0.075787571,0.562319782,-0.399146578,-0.238253368,-1.525411627,2.032912158,-6.560124295,0.022937323,-1.470101536,-0.698826069,-2.282193829,-4.781830856,-2.615664945,-1.334441067,-0.430021867,-0.294166318,-0.932391057,0.172726296,-0.087329538,-0.156114265,-0.542627889,0.039565989,-0.153028797,239.93,1
6986.0,-4.397974442,1.358367028,-2.592844218,2.679786967,-1.128130942,-1.706536388,-3.496197293,-0.248777743,-0.247767899,-4.801637406,4.895844223,-10.91281932,0.184371686,-6.771096725,-0.007326183,-7.358083221,-12.59841854,-5.131548628,0.308333946,-0.171607879,0.573574068,0.176967718,-0.436206884,-0.053501865,0.252405262,-0.657487755,-0.827135715,0.84957338,59.0,1
7519.0,1.234235046,3.019740421,-4.304596885,4.73279513,3.624200831,-1.357745663,1.713444988,-0.496358487,-1.28285782,-2.447469255,2.101343865,-4.609628391,1.464377625,-6.079337193,-0.339237373,2.581850954,6.739384385,3.042493178,-2.721853122,0.009060836,-0.379068307,-0.704181032,-0.656804756,-1.632652957,1.488901448,0.566797273,-0.010016223,0.146792735,1.0,1
7526.0,0.008430365,4.137836835,-6.240696572,6.675732163,0.768307025,-3.353059548,-1.631734673,0.154612448,-2.795892464,-6.18789063,5.664394709,-9.854484823,-0.306166658,-10.69119621,-0.638498193,-2.041973791,-1.129055877,0.116452521,-1.934665739,0.488378221,0.36451421,-0.608057134,-0.539527942,0.128939983,1.48848121,0.507962678,0.735821636,0.513573741,1.0,1
7535.0,0.026779226,4.132463897,-6.560599968,6.348556673,1.329665669,-2.513478848,-1.6891022,0.303252801,-3.139409057,-6.045467798,6.754625448,-8.948178579,0.702724998,-10.7338541,-1.379519857,-1.638960115,-1.746350136,0.776744098,-1.327356635,0.587743219,0.370508651,-0.576752473,-0.669605372,-0.75990753,1.60505555,0.540675396,0.737040382,0.496699108,1.0,1
7543.0,0.329594333,3.712889295,-5.775935108,6.078265506,1.667359013,-2.420168414,-0.812891249,0.133080118,-2.214311312,-5.134454471,4.560720106,-8.873748362,-0.7974836,-9.17716637,-0.257024775,-0.87168849,1.313013629,0.773913873,-2.370599451,0.269772776,0.156617169,-0.652450441,-0.551572219,-0.716521635,1.415716615,0.55526474,0.530507389,0.404474055,1.0,1
7551.0,0.316459,3.809075947,-5.615159011,6.047445102,1.554025957,-2.651353112,-0.746579273,0.055586311,-2.678678542,-4.959492912,6.439053352,-7.520117393,0.386351667,-9.252307247,-1.365188415,-0.502362191,0.784426598,1.494304607,-1.808012159,0.388307428,0.208828369,-0.511746619,-0.583813221,-0.219845029,1.474752584,0.491191926,0.518868285,0.402528068,1.0,1
7610.0,0.72564574,2.300894438,-5.329976183,4.007682805,-1.73041059,-1.732192568,-3.968592618,1.063728153,-0.486096552,-4.624984954,5.588723915,-7.148242636,1.680450741,-6.210257747,0.495282118,-3.599540209,-4.830324242,-0.64909012,2.250123249,0.504646226,0.589669127,0.109541319,0.601045277,-0.364700278,-1.843077692,0.351909298,0.594549978,0.099372236,1.0,1
7672.0,0.7027099,2.426432806,-5.234513296,4.416661243,-2.170806216,-2.667553561,-3.878088455,0.911337122,-0.166199039,-5.009248502,4.675729419,-8.167188052,0.638559282,-6.763334391,1.296860256,-3.81175841,-3.754128066,-1.049177402,1.554197263,0.422743129,0.551179689,-0.009802357,0.72169823,0.473245751,-1.959303771,0.31947554,0.600484916,0.129305225,1.0,1
7740.0,1.023873869,2.001485266,-4.769751832,3.819194585,-1.271754227,-1.734662427,-3.059245032,0.889804792,0.415382113,-3.955812344,3.572054816,-7.186451591,0.147242341,-5.249304549,1.678333674,-2.641473109,-1.31205856,-0.391716051,1.118263552,0.204137684,0.343282649,-0.054195664,0.709653952,-0.372215867,-2.032068366,0.366777602,0.395170669,0.020205539,1.0,1
7891.0,-1.585505367,3.261584548,-4.137421983,2.357096252,-1.405043314,-1.879437193,-3.513686871,1.515606746,-1.207166361,-6.234561332,5.450746067,-7.333714067,1.361193324,-6.608068252,-0.481069425,-2.60247787,-4.835112052,-0.553026089,0.351948943,0.315957259,0.501543149,-0.546868812,-0.076583636,-0.425550367,0.123644186,0.321984539,0.264028161,0.13281672,1.0,1
8090.0,-1.783228837,3.402793713,-3.822742266,2.625368153,-1.976415411,-2.731689012,-3.430559149,1.413203514,-0.776941495,-6.199881763,4.366713486,-8.243262434,0.345761165,-6.590550297,0.265576096,-3.028452388,-4.214486275,-1.213607848,-0.265421595,0.364089115,0.454031932,-0.577525824,0.045966538,0.461700018,0.044146161,0.305704434,0.530980986,0.243745598,1.0,1
8169.0,0.857321004,4.093911827,-7.423893589,7.380244518,0.973366023,-2.730761517,-1.496497056,0.543015173,-2.351190159,-3.944238498,6.355077737,-7.309747984,0.748450551,-9.057992529,-0.648944909,-1.073116527,1.524500915,1.831363533,-0.089724411,0.48330265,0.375026285,0.145399853,0.240603265,-0.234649223,-1.004880947,0.435831916,0.618323805,0.148468944,1.0,1
8408.0,-1.813280485,4.917850711,-5.926129694,5.701500431,1.204392572,-3.035137548,-1.713402063,0.561257391,-3.796354252,-7.454840651,7.388055123,-10.47522865,-0.379314527,-11.73672912,-2.086988952,-2.442353983,-3.535523512,0.130360307,-2.071450488,0.576656033,0.615641835,-0.406427275,-0.737018076,-0.279641772,1.106766374,0.323885478,0.894766672,0.5695186,1.0,1
8415.0,-0.25147096,4.313523326,-6.891437717,6.796796681,0.616296505,-2.966326542,-2.436652527,0.489327899,-3.371638572,-6.810813099,7.620089058,-10.28528252,-0.342444334,-11.54349792,-1.334987903,-2.689284204,-3.204383403,0.086521896,-1.314495097,0.632709964,0.536892074,-0.546126024,-0.605239548,-0.26374346,1.539915831,0.523573697,0.891024688,0.572740667,1.0,1
8451.0,0.31459659,2.660670277,-5.92003738,4.522499605,-2.315027286,-2.278351654,-4.684053936,1.202270265,-0.694695511,-5.52627806,6.662436831,-8.525464925,0.742745447,-7.67866801,0.593070459,-4.478136595,-5.844266479,-1.102730795,2.177385687,0.562705643,0.743314023,0.064038356,0.677841675,0.083007823,-1.911034464,0.322188398,0.620866539,0.185030355,1.0,1
8528.0,0.447395553,2.481953866,-5.660813931,4.455922812,-2.443779754,-2.185040262,-4.716142945,1.249803252,-0.718326067,-5.390330256,6.454187525,-8.485346574,0.635281409,-7.019901559,0.539814071,-4.649864299,-6.288357509,-1.339312322,2.262984788,0.549612971,0.75605255,0.140167769,0.665411101,0.131463792,-1.908217412,0.334807599,0.748534285,0.175413794,1.0,1
8614.0,-2.169928976,3.639653999,-4.508497786,2.730668149,-2.122692871,-2.341016828,-4.235253083,1.703537658,-1.305279133,-6.716720023,6.353612319,-8.601648263,0.449930038,-7.506169374,-0.438081782,-3.694515998,-6.304753386,-1.267587128,0.35798703,0.500779054,0.645103276,-0.503529449,-0.000522822,0.071695779,0.092007433,0.308497932,0.552590915,0.298954479,1.0,1
8757.0,-1.863755553,3.442643977,-4.468259731,2.805336259,-2.118412477,-2.332284887,-4.261237197,1.701681844,-1.439395875,-6.999906634,6.316209677,-8.670818005,0.316023992,-7.417712065,-0.436537471,-3.65280196,-6.293145319,-1.243248291,0.364810482,0.360924004,0.667926572,-0.516242362,-0.012217812,0.070613703,0.058504467,0.30488284,0.418012467,0.208858278,1.0,1
8808.0,-4.617217204,1.695693653,-3.114372201,4.328198553,-1.873256991,-0.989908136,-4.577264627,0.472216158,0.472016953,-5.576022636,4.802322761,-10.83316447,0.104303876,-9.405423062,-0.807477869,-7.552342204,-9.80256179,-4.120628835,1.74050729,-0.039045934,0.481829697,0.146023056,0.117038528,-0.217564599,-0.138776044,-0.424452881,-1.002041426,0.890780288,1.1,1
8878.0,-2.661802175,5.856393215,-7.653616213,6.379741881,-0.060712119,-3.131549732,-3.103569746,1.778491569,-3.831153716,-7.191604246,7.102988588,-9.928699943,-0.067498378,-10.92418687,-1.697913977,-2.379420985,-2.775113897,0.273798971,-1.382187564,0.39909686,0.73477495,-0.435901182,-0.384765904,-0.286015664,1.007933824,0.413195532,0.280284157,0.303936551,1.0,1
8886.0,-2.535852117,5.793644147,-7.618462836,6.395829746,-0.065210105,-3.136371964,-3.104557363,1.823232638,-3.87865758,-7.29780335,7.071669137,-10.00104637,-0.207934541,-10.86069805,-1.690825041,-2.360856724,-2.760097015,0.298103416,-1.385557802,0.408704184,0.716719907,-0.448059938,-0.402406879,-0.288835223,1.01175224,0.425964621,0.413139556,0.308204657,1.0,1
9064.0,-3.499107537,0.258555161,-4.489558073,4.853894351,-6.974521545,3.628382091,5.431270921,-1.946733711,-0.775680093,-1.987773188,4.690395666,-6.998042432,1.454011986,-3.738023334,0.317742063,-2.013542681,-5.136135103,-1.183822117,1.663394014,-3.042625757,-1.052368256,0.204816874,-2.11900744,0.170278608,-0.393844118,0.296367194,1.985913218,-0.900451638,1809.68,1
11080.0,-2.125489826,5.973555692,-11.03472723,9.007146872,-1.689450534,-2.854415285,-7.810440745,2.030869946,-5.902828122,-12.84093382,12.01891318,-17.76914346,-0.431035658,-19.21432549,-0.962464575,-10.26660918,-15.5033921,-5.494927642,-0.410480977,1.493774646,1.646518293,-0.278484511,-0.664841294,-1.164555369,1.701796414,0.690805615,2.119748733,1.108933403,1.0,1
11092.0,0.378274504,3.914796789,-5.726872015,6.094140959,1.698875264,-2.807313947,-0.591118213,-0.123495593,-2.530712814,-5.15309461,4.654088423,-7.839538998,1.37181858,-9.634689713,-0.739596856,-0.663203946,0.891934541,0.978675639,-2.005476603,0.440439441,0.149895683,-0.601967246,-0.613724336,-0.403113688,1.568445256,0.521883934,0.52793775,0.411910406,1.0,1
11131.0,-1.426623313,4.141986232,-9.804103442,6.666273003,-4.749526793,-2.073129006,-10.08993116,2.791345299,-3.249515617,-11.42045097,10.85301165,-15.96920752,0.546690085,-14.69072913,0.9123374,-12.22718928,-18.58736621,-6.920761861,3.166998907,1.410677653,1.865678768,0.407809282,0.605809354,-0.769348118,-1.746336829,0.502039517,1.97725833,0.711606531,1.0,1
11629.0,-3.891191951,7.098916252,-11.4264671,8.607556787,-2.06570621,-2.985288022,-8.138589417,2.973928079,-6.272790468,-13.19341507,11.61972348,-17.63160631,-0.35519439,-18.82208674,-1.283129086,-10.03109666,-15.22700751,-5.322008981,-0.501750653,1.382619,1.757085227,-0.189709153,-0.508629244,-1.189308169,1.188536499,0.605241886,1.881528752,0.875260407,1.0,1
11635.0,0.919136507,4.199632669,-7.535606594,7.426940375,1.11821533,-2.886722351,-1.341035996,0.363933268,-2.203224431,-4.137840196,4.570112808,-7.629169589,1.733917464,-9.440374995,-0.02335335,-1.233958282,1.632008858,1.315734564,-0.287188855,0.535434663,0.316093599,0.055179227,0.21069215,-0.417917881,-0.911188276,0.466523925,0.62739327,0.157851283,1.0,1
12093.0,-4.696795224,2.693867479,-4.475132713,5.467684549,-1.556758075,-1.549420289,-4.104214873,0.553934075,-1.498468131,-4.594951763,5.275505851,-11.34902855,0.374549235,-8.138694884,0.548570894,-6.653594347,-10.24675541,-4.191066267,0.991486122,-0.158970549,0.573898081,-0.080162775,0.318407817,-0.245862203,0.338238432,0.032270621,-1.508457934,0.608074683,0.0,1
12095.0,-4.727712656,3.044469102,-5.598354267,5.928190802,-2.190769729,-1.529322966,-4.48742196,0.916391814,-1.307010423,-4.138891214,5.149408783,-11.12401861,0.543067766,-7.840942205,0.743633945,-6.77706924,-9.931765154,-4.093021122,1.504924859,-0.207759445,0.650988236,0.254983289,0.628843469,-0.238128454,-0.671332332,-0.033590063,-1.331777322,0.70569759,30.39,1
12393.0,-4.064004738,3.100934891,-1.188498004,3.26463274,-1.903562358,0.320350587,-0.954940039,-3.27753492,2.820828662,1.01511288,3.187186897,-7.004327284,0.872710605,-6.220605353,-0.90444463,-3.075091885,-5.044735692,-1.718082685,-0.662462068,-0.531897693,1.688665431,-0.078844698,0.193730927,0.479495954,-0.506603057,-0.409862744,-3.036271329,-0.630605199,179.66,1
12597.0,-2.589617198,7.016714385,-13.70540729,10.34322806,-2.954461035,-3.055115785,-9.301288615,3.349573361,-5.654212026,-11.85386697,11.66920474,-17.22866224,0.055571566,-18.49377336,-0.304172114,-10.62949739,-14.44121113,-5.105486466,1.270226271,1.488855192,1.887737726,0.333998185,0.287659041,-1.186406409,-0.69027267,0.631703772,1.93422076,0.789687172,1.0,1
13126.0,-2.880042352,5.22544231,-11.06333028,6.689950658,-5.759923989,-2.244030791,-11.19997522,4.014721809,-3.429304264,-11.56194977,10.44684681,-15.47905248,0.734441608,-13.88377855,0.821439545,-11.91148302,-18.1030037,-6.837834539,3.126929352,1.191443966,2.002882877,0.351102065,0.79525514,-0.778379381,-1.646815113,0.487538823,1.427713096,0.583172486,1.0,1
13323.0,-5.454361779,8.287420555,-12.75281127,8.594341893,-3.106002281,-3.179948757,-9.252793938,4.24506221,-6.329800846,-13.13669837,11.22847028,-17.13130095,-0.169401057,-18.04999769,-1.366235661,-9.723565309,-14.74490246,-5.247301106,-0.574675144,1.305861915,1.846164793,-0.267171794,-0.31080397,-1.201685458,1.352176095,0.608424596,1.574714784,0.808725205,1.0,1
14073.0,-4.153014499,8.204796505,-15.03171421,10.33009983,-3.994426097,-3.250013184,-10.41569781,4.62080391,-5.711247971,-11.79718107,11.27792073,-16.72833933,0.241367683,-17.72163835,-0.387299923,-10.32201668,-13.95908537,-5.030710038,1.197266335,1.41262488,1.976988396,0.256510487,0.485908107,-1.198821314,-0.526567395,0.634873502,1.627209076,0.723235069,1.0,1
14152.0,-4.710528782,8.63621439,-15.496222,10.31334937,-4.351340983,-3.322688735,-10.78837284,5.06038112,-5.689311188,-11.71218662,11.1524906,-16.55819714,0.302644522,-17.47592128,-0.412393267,-10.22220317,-13.79914764,-5.008585179,1.162026148,1.434239779,1.990545351,0.223785003,0.554408429,-1.204041596,-0.450684595,0.641836059,1.605957625,0.721643615,1.0,1
15817.0,-4.641892851,2.902086433,-1.572938709,2.507298518,-0.871782564,-1.040902572,-1.59390074,-3.254905086,1.908962686,1.077417521,3.33850216,-6.542610345,1.099536382,-3.266475545,1.014727904,-4.842383078,-5.2698763,-2.344668574,1.959224054,-0.46567922,1.963596666,-0.217413916,-0.549339956,0.645545202,-0.354557819,-0.611763845,-3.908080475,-0.671248265,11.39,1
17187.0,1.088374938,0.898474024,0.394684329,3.170257575,0.175738797,-0.221980885,-0.022988728,-0.010873537,0.860043617,-0.592472935,1.0727284,-2.547556814,1.235950057,-0.330305804,-1.022354375,0.335642173,2.298998221,-0.162096209,-1.532707212,-0.217358192,-0.423553904,-0.800852285,0.077614455,0.167608453,0.350181817,-0.118940929,0.012947766,0.054254272,3.79,1
17220.0,1.189784357,0.942289402,0.082334145,3.024049706,0.412406009,-0.214414558,0.053557839,-0.110353351,0.883797757,-0.554223901,0.154921009,-2.776756575,1.641206626,-0.456076957,-1.240414392,0.857322736,1.707024466,0.526349196,-0.86510461,-0.143434645,-0.502635558,-1.047397528,-0.056752024,-0.340688405,0.541235201,-0.098300287,-0.00304112,0.04981902,3.79,1
17230.0,-0.469326705,1.111452782,2.041002725,1.731595163,0.135146842,-0.093625175,0.26615517,0.082988236,0.580255403,-0.164562675,0.50037637,-3.021760182,0.92421326,1.500793775,-0.400282644,0.706047713,0.115114265,-0.046795879,-2.548521592,-0.358708666,0.159387389,0.592669569,-0.053596184,0.320747502,-0.369120754,-0.136604685,-0.100845187,0.039347148,3.93,1
17520.0,-5.268053221,9.067613427,-15.96072813,10.29660279,-4.708241091,-3.395374852,-11.161057,5.499962634,-5.667375546,-11.62719356,11.02705909,-16.38805417,0.363921487,-17.23020216,-0.437487559,-10.12239192,-13.63920899,-4.986457258,1.126784378,1.455878195,2.004109945,0.191058399,0.62292767,-1.209263557,-0.374798863,0.648798037,1.584697347,0.72005587,1.0,1
17838.0,-5.187878108,6.967708664,-13.51093114,8.617895141,-11.21442239,0.672247839,-9.462532811,5.328704208,-4.897005528,-11.78681166,9.369079058,-15.09416315,1.256377007,-11.8521613,0.274429814,-10.68824179,-18.38881054,-6.898840133,2.382807936,-0.623737292,2.086083001,0.760190241,0.716805786,-0.64674343,-1.617042926,0.17234689,0.626646781,-0.169726031,766.36,1
18088.0,-12.22402062,3.85415033,-12.46676572,9.648310727,-2.726961321,-4.445610382,-21.92281103,0.320792274,-4.433161658,-11.20140009,9.328799257,-13.10493347,0.888480788,-10.14020034,0.713465393,-10.09867066,-17.50661155,-8.06120799,1.606870033,-2.14718144,-1.159829951,-1.504118882,-19.25432762,0.544866726,-4.781605522,-0.007772281,3.052357687,-0.775035651,1218.89,1
18399.0,-14.47443749,6.503184517,-17.71263237,11.27035233,-4.150142064,-3.372098209,-16.53580681,-1.443946993,-6.8152729,-13.67054513,10.54526295,-15.02269963,0.171633085,-15.06637436,-0.25957594,-8.668739272,-12.8041409,-5.116620495,0.579200358,1.10124987,-2.475962229,0.342390706,-3.564508038,-0.81814019,0.153407683,0.755079461,2.706566162,-0.992916047,1.0,1
18675.0,-12.33960316,4.488267302,-16.58707294,10.10727387,-10.42019898,0.130669812,-15.6003233,-1.157695981,-5.304630968,-12.93892931,8.805681967,-13.55613013,1.16546376,-9.809881502,0.369987279,-9.505210445,-17.54203031,-6.792637787,2.069377449,-0.085501463,-2.089609633,1.7453145,1.376815809,-0.554271418,-1.610740852,0.153725445,1.212477208,-1.869290476,188.78,1
18690.0,-15.39884501,7.472323897,-19.02691234,11.16552584,-6.89385628,-2.120936575,-14.91332999,-0.721214094,-7.175096615,-14.16679466,10.27776886,-14.98543373,0.345179234,-14.66638897,-0.346352542,-8.333242496,-12.60259646,-4.876683421,0.604625911,1.111502215,-2.444883682,0.727495341,-0.345078151,-0.981748551,0.995271346,0.816761718,2.262942374,-1.178063163,1.0,1
19762.0,-14.17916511,7.421369962,-21.40583574,11.92751187,-7.974280687,-2.202710277,-15.47161228,-0.35659491,-6.380124898,-13.34827765,10.18758732,-14.56397976,0.593759358,-14.49159835,-0.281392504,-8.264128844,-12.43980497,-4.837079026,0.753149848,1.002764342,-2.366836062,1.130955198,0.991153238,-1.033132107,-0.327179345,0.634692904,2.171904945,-1.395287684,1.0,1
20011.0,-14.72462701,7.875156793,-21.87231736,11.90616991,-8.348733692,-2.26284642,-15.83344278,0.077873674,-6.356833491,-13.26165171,10.06378975,-14.3947668,0.654888723,-14.24831583,-0.305360761,-8.161632445,-12.28096486,-4.818586393,0.719787682,0.996468756,-2.362344928,1.099557296,1.037199423,-1.036359342,-0.254776514,0.642343201,2.161129224,-1.40128202,1.0,1
20332.0,-15.27136186,8.326581061,-22.33859051,11.88531289,-8.721334356,-2.324306949,-16.19641866,0.51288182,-6.333685156,-13.17519808,9.939819742,-14.2254557,0.716033665,-14.00477618,-0.329447848,-8.059419407,-12.12200882,-4.799710133,0.686227164,0.993121017,-2.356896279,1.068019177,1.085617167,-1.039797078,-0.182006136,0.649920861,2.149247078,-1.406811332,1.0,1
20451.0,-15.81917872,8.775997153,-22.80468646,11.86486808,-9.092360532,-2.386893207,-16.56036811,0.948348595,-6.310658433,-13.08889092,9.815703174,-14.05606118,0.777191846,-13.76101796,-0.35363594,-7.957447226,-11.96295423,-4.780507788,0.652498045,0.992278949,-2.350633745,1.036361874,1.136050737,-1.043413741,-0.108923343,0.657436778,2.136424471,-1.411945375,1.0,1
20931.0,-16.36792301,9.223691949,-23.27063052,11.84477659,-9.462037146,-2.450444374,-16.92515204,1.384208479,-6.287735948,-13.0027093,9.691460982,-13.88659516,0.838361376,-13.51707241,-0.377910607,-7.855681494,-11.80381519,-4.761025942,0.618624413,0.993584599,-2.343673594,1.004602414,1.188212157,-1.047183768,-0.035572766,0.664899774,2.122795754,-1.416740615,1.0,1
21046.0,-16.91746827,9.669900173,-23.73644341,11.82499023,-9.830548229,-2.514828873,-17.29065667,1.820407867,-6.264903488,-12.91663611,9.567110295,-13.71706738,0.899540706,-13.27296506,-0.402260044,-7.754094059,-11.64460321,-4.74130271,0.584625973,0.996745095,-2.336110956,0.972754726,1.241865812,-1.051086248,0.03800908,0.672317065,2.108470852,-1.421243253,1.0,1
21419.0,-17.46771001,10.11481572,-24.20214223,11.80546921,-10.19804581,-2.579938008,-17.656788,2.256902476,-6.242149309,-12.8306572,9.442665265,-13.5474859,0.960728558,-13.02871703,-0.426674499,-7.652661665,-11.48532779,-4.721369576,0.550519004,1.001518502,-2.328024416,0.940830319,1.296817061,-1.055103904,0.111792028,0.679694612,2.093540571,-1.425491454,1.0,1
21662.0,-18.01856119,10.55860019,-24.66774125,11.78618036,-10.56465657,-2.645681199,-18.02346767,2.693655403,-6.219463628,-12.74476079,9.318137685,-13.37785743,1.021923868,-12.78434589,-0.451145843,-7.551364931,-11.32599687,-4.701252777,0.516317073,1.007703205,-2.319479462,0.908838783,1.352903707,-1.059222338,0.185750942,0.687037384,2.078080584,-1.429517023,1.0,1
25095.0,1.19239599,1.338973711,-0.678876187,3.123672307,0.643244864,-1.184322994,0.397585526,-0.253498538,0.411134977,-0.859862302,1.124059382,-3.763873848,0.367975967,-0.971757538,-0.013882513,1.457578528,2.611450334,1.29195523,-1.563815227,-0.18545465,-0.377503243,-0.889596748,-0.074207589,0.035445516,0.550577974,-0.027171279,-0.024920621,0.073605399,3.12,1
25198.0,-15.9036352,10.39391714,-19.13360246,6.185968835,-12.53802092,-4.027030447,-13.8978266,10.66225178,-2.844953985,-9.668788912,7.394419411,-11.63563005,1.423276925,-8.6404591,-0.674719539,-7.695568788,-13.68413959,-4.777406039,1.268342773,1.501565411,1.577548225,-1.280137123,-0.601294527,0.040403921,0.995501971,-0.273742712,1.688135896,0.5278308,99.99,1
25231.0,-16.59866474,10.5417508,-19.81898181,6.017294647,-13.02590105,-4.128779003,-14.11886485,11.161144,-4.099551431,-9.222825507,6.329364676,-8.952190712,-0.138363691,-9.825054421,0.057223592,-7.541687424,-14.25959859,-5.035051524,1.43226793,1.534919821,1.725852827,-1.151605776,-0.680051902,0.108175915,1.066878341,-0.233720431,1.707520552,0.511423169,99.99,1
25254.0,-17.27519119,10.81966537,-20.36388597,6.046611747,-13.46503335,-4.166647245,-14.40944799,11.58079672,-4.073855712,-9.153368038,6.210883012,-8.778572032,-0.061367497,-9.574662299,0.04928854,-7.418487279,-14.10277188,-5.016423335,1.390314361,1.544970467,1.729804092,-1.208096082,-0.726839224,0.112539674,1.119193472,-0.23318899,1.684062993,0.503739738,99.99,1
25426.0,1.125335535,1.130146484,-0.962975335,2.675687859,0.990074518,-0.243317741,0.316192138,0.122960132,-1.143342795,-0.369908966,1.834494198,-0.491243315,-1.129907005,-2.238622244,0.278468742,1.477925603,1.776454295,1.149282186,-1.306994645,-0.138813698,-0.166736918,-0.521933839,-0.112376257,-0.59207675,0.520791314,0.043353581,0.015159021,0.063611722,3.76,1
26523.0,-18.4748679,11.58638052,-21.40291681,6.038515416,-14.45115814,-4.146523506,-14.85612367,12.43114047,-4.053353287,-9.040396249,5.966202507,-8.46396613,0.078692132,-9.092532652,0.010822097,-7.186375508,-13.7974745,-4.95849391,1.32116656,1.577924401,1.741135596,-1.251137949,-0.396219126,0.095705556,1.322750943,-0.217954565,1.628792531,0.482248275,99.99,1
26556.0,-19.17982641,11.81792199,-21.91917358,6.086235634,-14.70884479,-4.308887607,-15.35795181,12.85716502,-3.99986077,-8.928655661,5.849293066,-8.261649837,0.153829148,-8.829359228,0.008878839,-7.070953009,-13.62972094,-4.958829816,1.272091364,1.572949615,1.746801542,-1.353148766,-0.762965073,0.117027852,1.297993756,-0.224825057,1.62105239,0.484614403,99.99,1
26585.0,-19.85632233,12.09589323,-22.46408275,6.115541102,-15.14802152,-4.346724083,-15.64850747,13.27680481,-3.97416162,-8.859194059,5.730815537,-8.088033512,0.230824969,-8.578973273,0.000946637,-6.947746067,-13.47289701,-4.940210829,1.230142552,1.582929555,1.75072984,-1.409635709,-0.809809278,0.12139666,1.350300071,-0.224291874,1.597621368,0.476919818,99.99,1
26833.0,-20.53275108,12.37398914,-23.00900291,6.144820978,-15.587296,-4.384490669,-15.93900269,13.69641612,-3.948454919,-8.789723363,5.612347108,-7.914422366,0.307819968,-8.328600888,-0.006979295,-6.824524172,-13.31607919,-4.921612087,1.188204208,1.592753931,1.754607609,-1.466115253,-0.856778636,0.125776576,1.40258699,-0.223754857,1.574248735,0.469200693,99.99,1
26863.0,-21.20911959,12.65219683,-23.55393294,6.17407791,-16.02665813,-4.422194594,-16.22944373,14.1160019,-3.922741449,-8.720244515,5.493886837,-7.740815864,0.38481423,-8.078240669,-0.014899604,-6.70128887,-13.15926686,-4.903031495,1.146275248,1.602438837,1.758440075,-1.522588162,-0.903860198,0.130166452,1.454856519,-0.223214403,1.55092845,0.461459567,99.99,1
26899.0,-21.88543391,12.93050512,-24.09887185,6.203314192,-16.46609912,-4.459842126,-16.51983598,14.53556472,-3.897021888,-8.650758329,5.375433907,-7.567213541,0.461807829,-7.827891399,-0.022814853,-6.578041503,-13.00245946,-4.884467239,1.104354735,1.611998219,1.762231769,-1.579055101,-0.951042745,0.134565292,1.507110398,-0.222670857,1.527655278,0.453698639,99.99,1
26931.0,-22.56169926,13.20890428,-24.64381878,6.232531823,-16.90561136,-4.49743872,-16.81018419,14.95510677,-3.871296823,-8.581265516,5.25698761,-7.393614992,0.538800829,-7.577552018,-0.030725532,-6.454783237,-12.84565652,-4.865917737,1.06244185,1.621444225,1.765986636,-1.635516647,-0.998316503,0.138972227,1.55935014,-0.222124517,1.50442466,0.445919826,99.99,1
26961.0,-23.23792024,13.48738579,-25.18877297,6.261732551,-17.34518817,-4.534989152,-17.10049248,15.37463003,-3.845566772,-8.511766697,5.138547322,-7.220019864,0.615793286,-7.3272216,-0.038632069,-6.331515094,-12.68885763,-4.847381607,1.020535879,1.630787483,1.769708129,-1.691973305,-1.045672923,0.1433865,1.611577072,-0.221575645,1.481232606,0.438124805,99.99,1
27163.0,-23.91410089,13.76594216,-25.73373377,6.290917914,-17.78482366,-4.57249762,-17.39076447,15.79413618,-3.819832187,-8.442262418,5.020112498,-7.046427847,0.692785249,-7.076899329,-0.046534841,-6.208237973,-12.5320624,-4.828857633,0.978636193,1.640037335,1.773399282,-1.748425521,-1.093104488,0.147807442,1.663792357,-0.221024471,1.458075611,0.430315049,99.99,1
27187.0,-24.59024477,14.04456678,-26.27870059,6.320089265,-18.22451267,-4.609967826,-17.68100337,16.21362675,-3.794093469,-8.37275316,4.901682655,-6.872838664,0.769776763,-6.826584487,-0.05443418,-6.084952665,-12.37527053,-4.810344741,0.936742238,1.649202022,1.777062772,-1.804873686,-1.140604569,0.152234466,1.715997024,-0.220471199,1.434950581,0.422491858,99.99,1
27219.0,-25.26635502,14.32325381,-26.82367291,6.349247807,-18.66425061,-4.647403049,-17.97121202,16.63310306,-3.768350971,-8.303239351,4.783257367,-6.699252074,0.846767865,-6.576276436,-0.06233038,-5.961659873,-12.21848172,-4.791841983,0.894853522,1.658288844,1.78070097,-1.861318147,-1.188167293,0.156667051,1.768191982,-0.219916008,1.411854777,0.414656384,99.99,1
27252.0,-25.94243445,14.60199804,-27.36865029,6.378394608,-19.1040334,-4.684806204,-18.26139293,17.05256631,-3.74260501,-8.23372137,4.664836254,-6.52566786,0.923758589,-6.325974612,-0.070223703,-5.838360219,-12.06169571,-4.773348514,0.852969608,1.66730429,1.784315984,-1.917759213,-1.235787439,0.161104732,1.820378041,-0.219359059,1.388785762,0.40680965,99.99,1
27784.0,0.288028928,0.965681439,-1.4594952,1.921863002,-1.91241403,-1.1302819,-2.81426266,0.648663225,-0.69526264,-3.465689086,2.351619106,-3.826705319,-0.767569849,-4.852866915,1.664863004,-2.61736133,-4.835558306,-1.921751601,-0.385884175,0.330916894,0.603127128,0.380690182,-0.064125176,0.271380101,0.337219535,0.626155869,0.565124826,0.305925255,23.36,1
28143.0,-27.14367842,15.36580438,-28.40742446,6.370895347,-20.08787757,-4.666313063,-18.70947882,17.90357438,-3.722278738,-8.120961738,4.419943456,-6.210941121,1.063837395,-5.843528381,-0.108836449,-5.606597326,-11.75625561,-4.714946761,0.783577594,1.703887646,1.796826389,-1.960973717,-0.902247452,0.144011442,2.024388039,-0.204214066,1.332153059,0.385890728,99.99,1
28242.0,-2.787247931,-0.071340378,-1.505287775,3.361777137,-3.357421669,0.565834734,0.303653111,0.966914485,-2.245881952,-3.651426569,0.987277022,-3.834781569,-0.961354143,-3.182168085,-1.126002284,-2.954300813,-5.841218002,-2.910430298,-1.155850173,1.607396772,0.882940442,-0.24620193,1.752226785,0.219924965,0.156281695,-0.265894318,0.220694023,0.25607687,730.86,1
28625.0,-27.84818067,15.59819266,-28.92375595,6.418441747,-20.34622816,-4.828202466,-19.21089642,18.32940553,-3.668734939,-8.009159386,4.303095818,-6.008660007,1.138968829,-5.58044712,-0.110737116,-5.491073262,-11.5885436,-4.715420171,0.734573493,1.697856263,1.802149134,-2.062934276,-1.269843436,0.165409188,1.999499113,-0.211058522,1.324809493,0.388090178,99.99,1
28658.0,-28.52426759,15.87692299,-29.46873209,6.447591402,-20.78600004,-4.865613418,-19.50108408,18.74887195,-3.642989819,-7.939642419,4.184673689,-5.835075215,1.215959645,-5.330143782,-0.118631138,-5.367775276,-11.43175691,-4.696924444,0.692688412,1.706889062,1.805769784,-2.119376168,-1.317449622,0.16984563,2.051687335,-0.210502,1.301733965,0.380246181,99.99,1
28692.0,-29.20032859,16.15570143,-30.01371249,6.47673118,-21.22580965,-4.902997397,-19.79124841,19.16832739,-3.617241786,-7.870121943,4.066255073,-5.661492423,1.292950145,-5.079845681,-0.12652274,-5.24447152,-11.27497259,-4.678436529,0.650807371,1.715861824,1.809370933,-2.175815203,-1.365104108,0.17428636,2.103868072,-0.209943999,1.278680971,0.372392714,99.99,1
28726.0,-29.87636551,16.43452455,-30.55869682,6.505861787,-21.6656543,-4.940356329,-20.08139107,19.58777262,-3.591491047,-7.800598208,3.947839717,-5.487911486,1.369940349,-4.829552443,-0.134412095,-5.121162405,-11.11819045,-4.65995587,0.608930081,1.724778838,1.812953975,-2.232251588,-1.412803443,0.17873107,2.156041858,-0.209384624,1.255648901,0.364530453,99.99,1
28755.0,-30.55238004,16.71338924,-31.10368482,6.534983864,-22.10553152,-4.977691964,-20.37151359,20.00720837,-3.565737791,-7.731071441,3.829427395,-5.314332276,1.44693028,-4.579263728,-0.14229936,-4.997848304,-10.96141036,-4.641481959,0.56705628,1.733643994,1.816520171,-2.288685505,-1.460544499,0.183179483,2.208209178,-0.208823971,1.232636295,0.356660011,99.99,1
29526.0,1.102804325,2.829167999,-3.932870265,4.70769144,2.937966855,-1.800903718,1.672734122,-0.300240349,-2.783011088,-1.88484244,3.79256536,-1.460471123,-1.312776276,-7.077360606,-0.299466317,2.493227604,6.244987102,2.971749364,-2.679950242,-0.030879972,-0.106994396,-0.250050304,-0.521626533,-0.448949514,1.291646482,0.516326674,0.009146281,0.153317636,0.68,1
29531.0,-1.060676284,2.60857947,-2.971679003,4.360089352,3.738853043,-2.728395073,1.987616355,-0.357344707,-2.757534513,-2.335933327,2.111516867,-2.59194965,-1.950589355,-7.311579817,0.077752766,2.290607832,6.50927165,2.569971426,-3.286150082,-0.089061537,-0.063167877,-0.207385284,-0.183260817,-0.103679373,0.896178353,0.407386872,-0.130918311,0.192177382,0.68,1
29753.0,0.26961409,3.549755129,-5.810353445,5.809369574,1.538807934,-2.269219136,-0.824203333,0.351069915,-3.759059456,-4.592389806,5.47939151,-5.657857541,-2.64807609,-10.38488974,-0.225946408,-0.701882909,0.409735841,0.939603694,-1.954299955,0.310524633,0.371121111,-0.32228952,-0.549855883,-0.520628959,1.378210387,0.564714293,0.553254714,0.402400009,0.68,1
29785.0,0.92376442,0.344048072,-2.880003656,1.721680075,-3.019564779,-0.639736123,-3.801324502,1.299095885,0.864065471,-2.895251668,3.028162231,-2.549177308,-1.560431825,-2.971316758,1.078895397,-4.702011825,-4.908098507,-1.50887329,3.001685059,0.170871766,0.899931176,1.481271004,0.725265549,0.176959583,-1.815637975,-0.536517111,0.48903502,-0.049728579,30.3,1
30852.0,-2.830984056,0.885657038,1.199930098,2.86129224,0.321668778,0.289966026,1.767760449,-2.451049662,0.069735807,3.245086401,0.675287853,-0.677096334,-0.222741128,-0.913786971,1.603331923,-1.024502092,0.022045207,-0.940684674,0.48475894,-1.016923144,0.54658934,0.334970737,0.172105676,0.623590288,-0.527114316,-0.079214654,-2.532445298,0.311176715,104.81,1
32686.0,0.287952772,1.728734645,-1.652173046,3.813544188,-1.090927154,-0.984744666,-2.202317927,0.555087932,-2.033892048,-2.734155555,2.368433673,-3.656802651,-0.169534683,-4.74441333,0.765192829,-2.479513556,-4.931111968,-2.547402527,-0.902689803,0.26525021,0.26220151,-0.633527564,0.09289101,0.187612656,0.368708354,-0.132474029,0.576560757,0.309842705,0.0,1
32745.0,-2.17913506,0.020217918,-2.182732796,2.572046261,-3.663733112,0.081567933,0.268048731,0.660437429,-2.374027363,-3.58281002,1.975821062,-3.500542265,0.170681027,-2.735940374,1.670251104,-4.046292997,-5.079479085,-2.586857045,1.669260553,1.9579603,1.026421111,0.299613502,1.656800007,0.328432502,0.106456828,0.691774506,0.196778974,0.241085157,717.15,1
34256.0,0.539275914,1.554889763,-2.066180333,3.241617463,0.184735711,0.028329559,-1.51552138,0.537035374,-1.999846036,-2.133176443,2.756171945,-2.242864368,0.615204247,-4.652803807,0.222163816,-0.77566602,-3.218618252,-0.370992501,-0.686196724,0.302734579,0.371773459,0.111954592,-0.305225079,-1.053835262,0.771174907,0.240878214,0.418434532,0.232169715,19.02,1
34521.0,1.081233775,0.416413936,0.862918741,2.520862807,-0.0050205,0.563341023,-0.123372252,0.223121853,-0.67359755,0.64454973,1.120505177,1.237773313,0.342362114,0.038371979,-1.194503088,0.085406344,-0.219143226,-0.694259215,-0.655269928,-0.165248777,-0.159387124,-0.305154013,0.053619736,0.011761444,0.375145782,-0.106298753,0.021008265,0.010559208,1.52,1
34634.0,0.333499491,1.699873446,-2.596561167,3.643945269,-0.585067615,-0.654658532,-2.27578851,0.675228969,-2.042415924,-2.83487116,2.802005126,-4.392732438,-1.36967145,-5.327286652,0.163158962,-1.359389477,-5.095182879,-0.338012656,-0.124137989,0.329341714,0.469211945,-0.144362651,-0.317980934,-0.76964431,0.807854588,0.228164299,0.551001874,0.30547342,18.96,1
34684.0,-2.439236969,2.591458163,-2.84012565,1.28624391,-1.777016191,-1.436138771,-2.206056242,-2.282724858,-0.292885036,-3.717449929,3.907399128,-7.220003686,-1.211739346,-9.657626594,0.9275179,-4.738662343,-9.276635569,-3.081961081,0.177745635,0.513529865,1.774460092,-0.771389808,0.065726703,0.103915745,-0.057577926,0.242652461,-0.268649222,-0.743712586,125.3,1
34687.0,-0.860826892,3.131789633,-5.052968134,5.420940709,-2.494141416,-1.811286628,-5.479117451,1.189471987,-3.908205793,-7.060746182,4.729974154,-8.629054408,1.178797963,-11.18206341,0.445243113,-6.532982278,-13.38925072,-4.480412567,0.432054207,1.08575952,1.19269354,0.090355811,-0.341880851,-0.215924151,1.053031946,0.271139003,1.373299577,0.691195096,19.02,1
35585.0,-2.019000719,1.491269729,0.005221816,0.81725327,0.973252234,-0.639268313,-0.974072997,-3.146928891,-0.003159074,-0.121653218,0.024369606,-1.07381224,-2.002769109,-0.895433621,1.748936301,-0.103527024,2.03119575,0.317598357,0.386760637,-1.029964682,2.839596108,-1.185442841,-0.142811876,-0.086102938,-0.329113254,0.523601226,0.626282771,0.152439938,0.76,1
35771.0,-3.218952011,2.708535411,-3.263041587,1.361865944,-1.645775675,-1.852981871,-3.069958214,-1.796875856,-0.213356097,-3.551984009,3.779749539,-6.984771477,-1.140977189,-9.377878452,0.921463507,-4.652071195,-9.094231297,-3.082549954,0.132330776,0.571654488,1.80787725,-0.890421395,-0.325814387,0.123039597,-0.093013747,0.23210597,-0.310518998,-0.745294627,60.6,1
35866.0,-2.044488689,3.368306217,-3.937111391,5.623119731,-3.079232039,-1.253474118,-5.778879593,1.707428158,-4.467103123,-6.06779815,3.839787711,-8.277840948,1.493914908,-8.416681212,0.792297928,-7.862658826,-14.57083663,-5.185385533,2.414389569,1.112027619,1.483594216,0.834310713,-0.14848562,0.001668855,-0.038995731,0.389526402,1.300236456,0.549940374,7.61,1
35899.0,-2.857169754,4.045601381,-4.197298786,5.487198631,-3.070776168,-1.422686338,-5.65131374,2.019657395,-5.015490987,-6.319707509,3.779602208,-8.077093646,1.440888856,-7.891908779,0.530452788,-7.954070045,-14.26505595,-5.771064426,2.892169685,0.981608722,1.080322734,-0.56138415,0.102678427,-0.067194723,-0.476931194,-0.103716356,1.166961492,0.663632067,1.0,1
35906.0,-3.519029545,4.140867176,-3.628202369,5.505672037,-4.057462506,-0.905945283,-6.652031121,2.634524165,-4.67940204,-6.546241815,3.53820204,-8.042285142,1.697509384,-8.051048902,1.070457396,-7.395956925,-14.32962616,-4.868010236,2.463843039,0.898723234,1.582555933,0.778710245,-0.135707278,-0.0042778,0.032706159,0.362014053,0.900925138,0.554897499,9.13,1
35926.0,-3.896582592,4.518354703,-4.45402724,5.547453347,-4.121458573,-1.163406658,-6.805053053,2.928356254,-4.917129599,-6.600460622,3.367845608,-7.88897752,1.682603467,-7.628651916,0.779245996,-7.533404329,-14.06462394,-4.960108633,2.525784924,0.757286727,1.69104203,0.920020577,-0.151103893,0.011006878,0.080303267,0.412191351,0.635788871,0.50104955,4.56,1
35942.0,-4.194073676,4.382897362,-5.118363373,4.45522984,-4.812620682,-1.224644707,-7.281327867,3.332249795,-3.679658513,-7.524368337,2.954344366,-7.099825343,1.520368908,-7.687802767,-0.225002021,-8.520850166,-13.27729974,-5.25370462,3.623331814,0.579098498,1.550472966,0.614572855,0.028520792,0.013704324,-0.149512013,-0.131686656,0.473934222,0.473757482,14.46,1
35953.0,-4.844371522,5.649438648,-6.730395746,5.252842019,-4.40956615,-1.740767456,-6.311698529,3.449167313,-5.416284359,-7.833555571,3.657349565,-7.781447953,1.507720427,-8.604758868,0.010592688,-6.553973257,-12.62439365,-4.989909738,1.645413893,0.28455509,1.194888356,-0.845752532,0.190673885,-0.216443253,-0.3250331,-0.270327593,0.210214052,0.391854886,111.7,1
36170.0,-5.685013418,5.77651621,-7.064976729,5.902715452,-4.715563831,-1.755633324,-6.958679143,3.877795187,-5.541528828,-7.502112191,3.676703187,-7.642983067,1.689865123,-8.299659531,0.646996365,-6.79279506,-12.07593206,-4.882179643,2.626624525,0.299488632,1.128641074,-0.962959729,-0.110045084,-0.177733241,-0.089175416,-0.049446723,0.303444582,0.219380439,111.7,1
37167.0,-7.923890701,-5.198360199,-3.000023922,4.420666202,2.272193965,-3.394483429,-5.283435335,0.131618922,0.658176429,-0.794993882,3.266066016,-2.719184951,-0.124103963,-5.274865819,0.638575003,-2.995830378,-4.698433449,-1.711871225,3.025260992,-2.169810892,-0.734307917,-0.59992626,-4.908301176,0.410170235,-1.16766025,0.520507647,1.937421403,-1.552592839,12.31,1
39729.0,-0.964567283,-1.643540668,-0.187726849,1.15825311,-2.458335646,0.85222166,2.785162546,-0.303608539,0.940005531,-1.965308809,0.159743522,-0.490697387,-1.181976993,-1.95887597,1.152743286,-1.341269358,2.49832485,0.777831089,1.406044874,1.784449335,0.447180122,0.536203895,1.634060501,0.203838849,0.218748855,-0.221885828,-0.308554718,-0.164500018,776.83,1
40086.0,1.083692681,1.179501206,-1.346150391,1.998824401,0.818034176,-0.771419408,0.230307373,0.093683131,-0.167594342,-1.959809258,2.80433478,0.312424169,-0.595976467,-4.662576955,-0.29951502,1.001413919,3.902824784,1.619609227,-0.888087464,-0.060158538,-0.311999618,-0.639699711,-0.120249015,-0.180217694,0.609282565,-0.339524442,0.096701291,0.114971916,1.0,1
40276.0,1.159373145,2.844794699,-4.050679508,4.777700881,2.948980041,-2.01036111,1.744085818,-0.410286522,-2.450197747,-2.042167863,1.84409317,-2.425932815,-1.584275134,-7.208311579,0.459828383,2.375296198,6.443509864,2.591846063,-2.889770358,-0.059264386,-0.176541019,-0.433469859,-0.529323202,-0.597019605,1.335954053,0.547092071,0.009978944,0.16076915,1.0,1
40662.0,-4.446846548,-0.014793158,-5.126306996,6.945129976,5.269255348,-4.297177163,-2.591241685,0.342670615,-3.880663045,-3.976525139,5.730084356,-5.031868148,-1.135439109,-10.78705057,0.265456231,-1.104217463,0.636412737,0.994101369,-0.688720555,-0.108006423,0.247912823,-0.049586179,-0.226016962,-0.401235601,0.856123603,0.661272427,0.492559739,0.97183435,1.0,1
40742.0,-2.377532802,0.520539362,-8.094139455,8.005351473,2.640750214,-3.381586453,-1.934372441,0.562322112,-3.104027186,-3.051210355,5.735762659,-4.747692501,-0.784223284,-10.7163393,0.656516978,-1.142467272,0.918590809,1.126335223,0.092973478,-0.634747081,0.148284202,0.721099541,2.661290698,-0.508619934,-0.401656629,0.587611216,0.500326371,0.551759688,1.0,1
40892.0,-2.140511492,4.104871451,-8.996859402,4.028390951,-5.131359346,-4.153568445,-9.360095134,1.92207488,-4.026180375,-13.69131513,9.095288152,-14.16812088,-0.14045539,-17.62063435,1.482740411,-13.25683309,-21.6754835,-7.823468816,2.995111167,1.725577616,1.854266661,-0.165533726,-0.339938979,0.296313763,1.36422533,-0.518995631,2.352333465,1.130624835,0.76,1
40918.0,-3.140259538,3.367342309,-2.778931407,3.859700674,-1.159518363,-0.721552488,-4.195341543,-0.598345847,-2.870144772,-5.290610062,3.823762084,-7.492276169,-1.52436748,-8.527678622,-0.391214525,-6.18087991,-9.698839411,-4.818233341,-0.871581688,0.077781446,2.452338505,-0.292962575,-0.189330326,-0.166482104,0.038039624,-0.015476535,0.776691266,0.39755749,0.76,1
40919.0,-2.740482502,3.65809482,-4.11063552,5.340241669,-2.66677476,-0.092781815,-4.388698809,-0.280132706,-2.821894582,-4.466284163,3.969799812,-7.346716786,-1.16331177,-8.225568912,0.825001832,-6.772867034,-8.815785426,-4.568859284,1.126598656,0.18532527,2.417495412,-0.097711951,0.382154507,-0.15475652,-0.403955926,0.27789493,0.830061639,0.218690442,112.33,1
41116.0,-3.600543504,4.519046947,-6.340883535,6.214767278,-5.829557637,-2.478094956,-9.938411559,2.830086051,-5.659161611,-11.29815649,7.252953227,-14.27509185,0.188903284,-14.55595721,-0.338288547,-12.14654014,-25.16279937,-9.042845151,0.787578808,1.384742762,2.263770356,0.620749345,-0.094068667,0.536719087,0.398142307,0.008276587,2.053524253,0.835749003,3.79,1
41138.0,-4.595617042,5.08369023,-7.581014617,7.546032795,-6.949164564,-1.72918493,-8.19019172,2.71466961,-7.083169331,-11.14127769,7.381859374,-14.4686551,0.299659909,-13.60221147,0.5161127,-13.56327296,-23.81563583,-9.170557219,3.66952344,1.682160306,2.248971226,0.566843572,0.033744053,0.591783408,0.334228765,0.386801106,2.163897767,0.983103834,340.11,1
41147.0,-5.314173206,4.145943611,-8.532522459,8.344391674,-5.718008208,-3.043536081,-10.98918467,3.404128656,-6.167233642,-11.435624,7.674533834,-14.29609143,0.526938924,-15.44502581,0.991651201,-12.391346,-22.54165173,-7.986720653,2.992554463,1.150017319,2.331465808,0.862996306,-0.614453238,0.523647877,-0.712593272,0.324637965,2.245091466,0.497320849,88.23,1
41164.0,-5.932777955,4.571743204,-9.427246928,6.577056438,-6.115218125,-3.661797896,-10.89407855,3.709210008,-5.859523873,-12.98161915,8.265294601,-14.15416536,0.479842782,-16.33759594,1.64604528,-12.37539744,-21.09061272,-7.724545736,3.856374743,1.191078305,2.014271566,-0.167416618,0.04996753,0.384429719,-0.077883567,0.565492906,1.792011917,0.371007021,5.3,1
41170.0,-6.498086169,4.75051466,-8.966557831,7.098854313,-6.958376223,-2.822126187,-10.33340566,4.031907302,-6.64877821,-11.63441442,6.877570898,-13.69768562,0.463040402,-13.0441824,-0.309229266,-12.31757972,-24.01909855,-9.335193079,1.951890495,0.568338011,2.158143084,0.111510363,0.216413836,0.584661255,0.760359508,0.081972343,1.415067511,0.035124145,83.38,1
41181.0,-7.334341021,4.960892291,-8.451409591,8.174825168,-7.23746373,-2.382710665,-11.50884186,4.635797537,-6.557760366,-11.51986093,6.455828133,-13.38022187,0.545279227,-13.02686386,-0.453594544,-13.25154198,-22.88399858,-9.287832214,4.038230505,0.723313822,2.153755026,0.033921618,-0.01409492,0.625249955,-0.053390334,0.16470874,1.411047494,0.3156448,11.38,1
41194.0,-7.896886153,5.381019523,-8.451161615,7.963928087,-7.86241943,-2.376819975,-11.94972346,5.051355673,-6.912076009,-11.58974831,6.645200726,-13.5420956,0.888247919,-12.62331605,1.002755196,-12.43227914,-23.24159715,-8.495298938,3.453942555,0.645974322,2.557943956,0.926277883,0.03279494,0.638072586,0.361887214,0.44457652,1.101923148,0.205958013,1.52,1
41203.0,-8.426814465,6.241658913,-9.946469745,8.199613932,-8.213093368,-2.522046051,-11.64302827,5.339500098,-7.051015828,-12.26532384,7.04773274,-13.74295284,0.821627223,-14.10746426,1.02047094,-11.84788719,-21.67398671,-7.784042475,3.204309217,0.563869353,2.427460374,0.692666548,0.020305167,0.499809093,0.467593622,0.48316197,1.19567087,0.19829435,88.23,1
41204.0,-8.440283963,6.147653324,-11.68370616,6.702779571,-8.155839297,-3.716264156,-12.40731306,5.626571296,-6.232160894,-13.38668344,7.605559474,-13.35181502,0.827049643,-14.97947735,1.532813084,-11.77149697,-20.29921651,-7.60911006,3.809136436,0.52073233,2.19285542,-0.282596815,0.008068498,0.403858337,-0.018788393,0.522721636,0.79269069,0.067789546,30.26,1
41227.0,-9.001351345,6.613283943,-12.42363472,7.519929232,-10.26625464,-2.113207542,-9.984287448,5.541941433,-7.383704535,-13.2151723,6.895181368,-13.27969971,0.755263579,-13.41701227,-0.210774362,-10.92265513,-21.90649322,-8.829819766,1.852466989,-0.645393858,1.7758909,-1.224757612,0.082593541,0.452088727,0.463827333,-0.296928065,0.526505578,-0.450890489,459.07,1
41233.0,-10.64579965,5.918306659,-11.67104259,8.807369179,-7.975501366,-3.586806344,-13.61679705,6.428169346,-7.368451293,-12.88815829,6.854953114,-13.21169503,1.035612343,-13.77895564,1.040448355,-11.29032781,-20.57802205,-7.547824112,3.118479766,-0.046170179,2.571969593,0.206809359,-1.6678014,0.558418754,-0.027897877,0.354253782,0.273328727,-0.152908081,0.0,1
41237.0,-10.28178404,6.302384784,-13.27171803,8.925115476,-9.975578311,-2.832513464,-12.70325266,6.706845839,-7.078423958,-12.80568319,6.786058302,-13.06423989,1.179524511,-13.69487304,0.951479176,-10.95428573,-20.58359279,-7.517262132,2.872353636,-0.247647528,2.479413508,0.366932842,0.042804648,0.478278892,0.157770818,0.329900959,0.163504341,-0.485552213,118.3,1
41243.0,-10.94073911,6.261585851,-14.18233878,7.183602086,-9.951363344,-3.860820337,-13.54730219,7.096471646,-6.294029443,-13.60814316,7.127165321,-12.61100369,1.214556398,-13.90629682,1.514069906,-11.12573906,-19.71625731,-7.55278909,3.656787071,-0.088342082,2.267448261,-0.492029168,-0.239302866,0.45436821,-0.101611063,0.446996733,0.062292647,-0.4397699,45.49,1
41273.0,-11.68221489,6.332882093,-13.29710925,7.690771915,-10.88989052,-2.792360038,-12.56178258,7.28712221,-7.570322409,-12.83573768,5.804707852,-12.15623949,1.184984663,-10.46867709,-0.416743197,-10.99979235,-22.60886819,-9.498745921,2.102735407,-1.009319938,2.133456284,-1.271508967,-0.035303887,0.615053695,0.349023768,-0.428922797,-0.694935387,-0.818970429,173.07,1
41285.0,-12.83575958,6.574615429,-12.78846248,8.786256839,-10.72312092,-2.813535856,-14.24884653,7.960520822,-7.718750649,-13.07406817,5.975130667,-12.37537465,1.472205119,-11.47069251,0.993143254,-10.97380462,-21.0476299,-7.990783284,3.331039029,-0.61729615,2.67949007,-0.047335106,-0.836982346,0.625349328,0.125864938,0.177623612,-0.817680256,-0.521029796,37.32,1
41305.0,-12.98094256,6.720507771,-13.45563594,8.698610093,-11.47955178,-2.681518651,-14.01929076,8.218190513,-7.930899968,-12.6959474,5.589361632,-11.96086603,1.538670762,-9.887214067,0.633979218,-11.35024385,-21.71018765,-8.859451925,3.62971365,-0.84330262,2.549628235,-0.532227764,-0.235096474,0.673209169,0.226597972,-0.006167858,-1.185695506,-0.747361321,59.68,1
41308.0,-13.68076032,6.990389242,-13.77000114,8.694896899,-11.42696797,-2.91984499,-14.59456159,8.622904736,-8.090697004,-12.78063394,5.330601351,-11.89806515,1.595992902,-9.560169271,0.596403763,-11.3809956,-21.53680163,-8.485355805,3.51761051,-0.87739161,2.989552509,0.497598717,-0.509290299,0.732503457,0.280527954,0.280037142,-1.406686836,-0.663643364,0.76,1
41313.0,-13.89720587,6.344280456,-14.28166644,5.581008997,-12.88713316,-3.146176367,-15.45046722,9.060281474,-5.486120777,-14.67647025,5.148351721,-10.74959199,1.585488968,-9.798012077,0.733276999,-12.6752689,-20.74066372,-8.153668026,5.22834179,-1.025227924,3.058081838,0.94118029,-0.232710298,0.763508019,0.075456239,-0.453839572,-1.508968257,-0.686835739,9.99,1
41353.0,-15.0209806,8.075239752,-16.29809054,5.664820053,-11.91815337,-4.246957124,-14.71666755,9.435084321,-6.795398127,-15.12416281,6.037666229,-11.67672224,1.326978786,-12.38160589,-0.071639278,-9.48414337,-19.67188145,-7.643272821,1.169064418,-0.995786858,2.525115463,-0.832074337,-0.186116823,0.429780834,0.697102812,0.056031074,-1.31088762,-0.707402991,34.12,1
41397.0,-14.97034565,8.40142101,-16.86723849,8.252334306,-13.56513049,-2.782437559,-14.26373535,9.643419146,-7.701498684,-14.22669806,5.610998797,-11.79397883,1.59838653,-11.60697038,-0.044180444,-9.286954737,-19.89972642,-7.518050849,1.243517499,-1.614660056,2.714044802,-0.101355311,-0.439665974,0.519513861,0.789327982,0.064357427,-1.621385686,-1.104819209,273.01,1
41413.0,-15.14044962,7.378042412,-16.35636736,9.194934914,-13.46616329,-2.958430501,-16.16553862,10.07525395,-7.901821126,-13.00940281,4.828235332,-11.05840142,1.998125576,-8.592047402,0.540385309,-10.6157453,-21.01789834,-8.397393052,3.18355895,-1.691481988,3.147428105,0.341677595,-1.150162471,0.795189735,-0.194542181,0.145963569,-2.458680348,-1.189887881,106.55,1
41505.0,-16.52650657,8.584971796,-18.64985319,9.505593515,-13.79381853,-2.832404299,-16.7016943,7.517343904,-8.507058637,-14.11018444,5.29923635,-10.83400648,1.671120253,-9.373858584,0.360805642,-9.899246541,-19.23629237,-8.398551995,3.101735369,-1.514923435,1.190738695,-1.127670009,-2.35857877,0.673461329,-1.413699675,-0.462762361,-2.018575249,-1.04280417,364.19,1
41582.0,-1.048005289,1.300218777,-0.180400576,2.589842643,-1.164793552,0.031823406,-2.175778099,0.699071738,-1.140208278,-3.226787107,3.49080495,-2.45433921,0.177189485,-5.160608097,-0.686114234,-3.996144713,-4.695562722,-1.819160964,1.461080319,0.644993308,0.549014458,0.624321411,-0.13666272,0.131737919,0.030921372,-0.176701082,0.504897672,0.069882453,39.45,1
41607.0,-18.24751323,8.713250171,-17.88012682,9.249459237,-14.54121252,-1.911563593,-18.01466013,5.52216219,-9.283924512,-14.55715905,4.392435586,-10.38007312,1.611820901,-6.917639506,0.158841037,-10.32824239,-20.25455569,-8.534522564,3.256534481,-0.526368288,0.598842606,0.615318868,-0.486498927,0.739268468,-0.236844752,-0.04608167,-3.011473285,-1.022147466,53.95,1
41646.0,-3.240186587,2.97812179,-4.162313937,3.869124379,-3.645256455,-0.126270561,-4.744729737,-0.065331044,-2.168366095,-4.758304075,3.471097846,-6.533106769,-0.98346867,-6.073989003,1.125406709,-7.718042405,-9.855927437,-5.193907893,2.042697688,-0.224043463,2.601441029,0.231910116,-0.036489849,0.042639645,-0.438330346,-0.12582108,0.421299802,0.003145876,172.32,1
41743.0,-2.144411474,1.073499095,-2.773662944,1.384393731,-4.015477127,0.747235432,1.525637535,0.192987836,-2.431861966,-4.155837834,4.35477463,-2.872400109,0.468875462,-4.555666748,0.699671493,-2.901140776,-4.674667111,-2.213623252,1.29616505,0.668123787,0.14465328,-0.88568164,0.625098628,0.096526892,-0.189454896,0.532908314,0.423044722,-0.21026631,802.52,1
41791.0,-7.222731306,6.15577293,-10.82645984,4.180779179,-6.123555101,-3.114136482,-6.895112283,5.161516377,-2.516476533,-6.403370552,3.186057948,-6.855570981,-0.837722615,-8.036614875,0.956969644,-4.557193454,-7.654704244,-2.588418644,0.718555009,0.818859417,0.912700322,-0.630358133,0.190886662,-0.061263432,0.379774657,-0.266845465,1.193694577,0.257468457,99.99,1
41851.0,-19.13973286,9.28684736,-20.1349921,7.81867331,-15.65220768,-1.668347707,-21.3404781,0.641899701,-8.550110327,-16.64962816,4.818152447,-9.445314783,1.317056293,-7.243460974,0.830910291,-9.53325705,-18.75064115,-8.092648773,3.326758275,0.427203431,-2.182691946,0.520543072,-0.760556415,0.662766638,-0.948454306,0.121795926,-3.381842929,-1.256523621,139.9,1
41870.0,-20.9069081,9.843153223,-19.94772605,6.155788648,-15.14201316,-2.239565648,-21.23446315,1.151795066,-8.739670371,-18.27116817,4.677349297,-9.583566437,1.035165824,-8.199690029,-0.326518882,-8.376438821,-18.48546032,-7.589973959,1.126640365,0.396654845,-1.977196194,0.652931885,-0.519776859,0.54170173,-0.053860761,0.112670774,-3.765371009,-1.071238312,1.0,1
41991.0,-4.566341567,3.35345148,-4.572027808,3.616119304,-2.493138109,-1.089999713,-5.55143307,0.447783084,-2.424414026,-5.699922283,3.586824183,-6.636229049,-1.128176444,-7.245549595,0.638325536,-6.856810039,-8.851878505,-4.591883227,0.936939859,-0.249127727,2.674465879,-0.02087998,-0.302447084,-0.0863964,-0.51605978,-0.295102234,0.195985146,0.141115103,1.0,1
42247.0,-2.52401157,2.098151867,-4.94607521,6.45658841,3.173921377,-3.058806055,-0.184709665,-0.390419987,-3.649811799,-4.077585409,4.389213503,-5.849558007,-0.750964375,-11.58389839,0.838750053,-1.461029247,0.635694233,0.390150149,-1.063027616,-0.162797482,0.027934968,0.220366441,0.976347942,-0.290539415,1.161001791,0.663953624,0.456022723,-0.405682085,1.0,1
42474.0,-3.843009034,3.375110204,-5.492893197,6.136377643,2.797195461,-2.646162265,-1.668931064,-2.617552052,-3.945842603,-4.565252094,4.097216074,-5.450916439,-0.965692752,-10.90445887,0.526947764,-1.13975413,0.835639563,0.389774231,-1.439607976,0.054795567,-1.277811583,0.719652001,0.451125175,-0.258093651,0.656129467,0.556676326,0.739383213,-0.203049674,1.0,1
42985.0,-4.075974685,0.963031254,-5.076070198,4.955963358,-0.161436852,-2.832662998,-7.619765445,1.618895441,-2.992092157,-7.142199114,6.278665845,-9.407060948,-1.818873961,-10.73957189,0.224206084,-8.427082796,-13.50215289,-4.712967589,2.630475995,0.058861252,1.030738252,0.165327776,-1.017502314,-0.477983381,-0.304986825,-0.106089275,1.899714342,0.511461707,1.0,1
42988.0,-4.423507627,1.648047774,-6.934387857,4.894600566,-5.07813112,0.010848878,-3.409095679,1.4092905,-3.260671529,-7.781352763,6.283377078,-9.65660636,-1.619134855,-10.73210893,0.288220764,-7.898122052,-13.5706825,-4.5902353,2.590173384,-0.562264104,0.698359061,0.487477721,1.22869828,-0.535217333,0.388278096,-0.009465647,2.300164248,0.08123149,648.0,1
43028.0,-1.109645525,0.8110693,-1.138135327,0.93526467,-2.330247878,-0.116106055,-1.621986235,0.4580279,-0.912189159,-2.961995702,2.778967896,-2.379599611,0.918962784,-4.01578678,-0.530009791,-2.815887768,-6.649357788,-1.746113284,1.083406764,0.168890573,0.641593528,0.841754905,0.176727751,0.081004118,-0.258898743,0.707654245,0.418648659,0.080755754,204.27,1
43369.0,-3.365318521,2.426503265,-3.752226527,0.276016598,-2.305870297,-1.961578319,-3.029283445,-1.674461748,0.183961286,-4.980928438,3.657881667,-6.409822355,-1.087310295,-8.509433187,1.432571787,-5.369890011,-9.0690794,-2.819806596,0.874542948,-0.036837326,2.070008164,-0.512625728,-0.248501692,0.126549624,0.104166257,-1.055997326,-1.200164967,-1.012065843,88.0,1
43494.0,-1.278137735,0.71624158,-1.143279229,0.217804801,-1.29389047,-1.168951525,-2.564181983,0.204532468,-1.611154623,-1.250285537,3.367361023,-4.583095845,-0.806939684,-5.208305222,0.525823682,-1.815914313,-5.249111468,-2.196691207,2.109052645,0.817203155,0.490182668,0.470427403,-0.126261344,-0.126644459,-0.661907559,-0.349792997,0.454851068,0.137843477,24.9,1
44393.0,-4.617461029,3.663395253,-5.29744641,3.880959654,-3.263550913,-0.918546734,-5.715262078,0.83103955,-2.457033778,-5.726817096,3.525725987,-6.48911156,-1.012790632,-7.052310952,0.784445403,-6.77397675,-8.588070073,-4.510891745,1.147877838,-0.346455833,2.698174895,-0.027080891,0.36677523,-0.123011442,-0.300456527,-0.23999624,-0.183463054,-0.073359703,1.0,1
44532.0,-0.234922309,0.355412643,1.972182786,-1.255592713,-0.681386509,-0.665731671,0.05911049,-0.003153277,1.122451136,-1.481245861,-0.473852106,0.92218442,0.91351384,-0.499349579,0.933898443,-0.560471963,-0.207706529,0.380541571,0.574335961,-0.003469463,0.22067043,0.912107214,-0.28633768,0.451208247,0.188315252,-0.531845781,0.123184688,0.039580635,1.0,1
45463.0,-1.476893436,2.122313792,-1.22946956,1.201848798,-0.343264388,-1.317703909,-1.528142159,-0.620953383,-1.213040323,-2.975267248,3.532219602,-3.68263987,-1.154777486,-5.165229227,-0.240091425,-2.404927288,-5.671738641,-0.994293951,-0.289935891,0.276893466,1.186035605,-0.04021487,-0.238930087,0.110144326,0.04541837,-0.569232317,0.481018702,-0.047555443,1.0,1
45501.0,1.001991715,0.04793838,-0.349001552,1.493958437,0.186938875,0.190965634,-0.001112104,0.147140195,0.58041534,-0.792937991,-0.984171728,-0.567380065,-1.10559225,-1.381213542,0.405490421,0.279890165,1.13216021,0.092992976,-0.298920455,0.016003673,-0.334417439,-1.014314673,-0.128427316,-0.946241838,0.456090275,-0.453205972,0.046627092,0.064698354,105.99,1
45541.0,-1.519243531,2.308492454,-1.50359932,2.064100584,-1.000845058,-1.016897033,-2.05973052,-0.275166375,-1.562206097,-2.755796928,3.43824826,-3.52152936,-0.918761288,-4.452100249,0.499313754,-2.907903434,-5.248646395,-0.936814653,1.160120294,0.175018552,1.307871432,0.102825644,-0.017746283,0.149695926,-0.096602468,-0.369114568,-0.019244093,-0.208319092,1.0,1
46057.0,-1.309441346,1.786494949,-1.37107024,1.214335492,-0.336642222,-1.390119865,-1.709109107,0.66774759,-1.6998088,-3.84391104,2.962598791,-3.956045201,-1.539231919,-4.634631393,-0.248403491,-2.058551384,-5.635494004,-0.775271204,-0.239309654,0.253464129,0.533521286,-0.022179953,-0.299555851,-0.226416167,0.364360461,-0.475101785,0.571426304,0.293425837,1.0,1
46149.0,-1.346508818,2.132430627,-1.854355318,2.116997706,-1.070378379,-1.092671357,-2.230986064,1.036424908,-1.895515736,-3.36401058,2.887047877,-3.784459658,-1.288904258,-3.985626008,0.531838298,-2.60370265,-5.157596397,-0.696010005,1.285961395,0.221918669,0.609508182,0.202874285,-0.060791387,-0.186733353,-0.017401227,-0.283751034,0.395451049,0.233138576,1.0,1
46925.0,-0.481531151,1.059542277,0.647117403,0.905586234,0.81936824,-0.091183566,0.504134851,0.161064336,-0.765053777,-0.550545348,1.48028602,-0.105359123,-0.804841455,-0.819901849,0.916881766,0.201150539,0.874890632,0.941476679,0.272698476,-0.042515133,0.070632869,0.192490772,-0.174659253,-0.438908073,0.239258997,-0.217823405,-0.072852248,0.010463313,1.0,1
47545.0,1.176715759,0.557090903,-0.490799623,0.756424293,0.249191559,-0.781870547,0.228750322,-0.040840079,-0.432110564,-0.585778431,2.281939376,0.654566719,-0.310379432,-1.043705225,0.513750399,0.399177755,1.143130078,0.256013886,-0.511210088,-0.102771805,-0.062166,-0.12816813,-0.04017599,0.110040347,0.437891432,0.368808854,-0.018287348,0.031173403,0.76,1
47826.0,-0.887286906,1.390001509,1.21968582,1.661425176,1.009227839,-0.733908445,0.855828927,7.68e-05,-1.275631494,-0.433393926,0.141178993,-0.460348456,-0.367867931,-1.168339418,0.152107631,0.882231824,0.601804858,-0.304092391,-2.191764278,-0.268347371,-0.083734377,-0.346930257,-0.050618707,0.231044425,-0.450759875,-0.376205381,0.034504369,0.15777532,7.58,1
47923.0,0.364376991,1.443523465,-2.220907374,2.036985086,-1.237055031,-1.728161006,-2.058582365,0.358895084,-1.393305709,-3.505790326,2.814314155,-3.342175996,-0.150269367,-4.820322244,1.102609558,-3.157032672,-4.405850225,-2.558827851,-0.208809537,0.310979603,0.402729681,-0.132128892,-0.032977176,0.460860837,0.560403798,0.409366102,0.539668285,0.296918378,0.76,1
47982.0,-1.232804128,2.244118745,-1.703825793,1.492535865,-1.19298517,-1.686110213,-1.864611505,0.856122314,-1.973535278,-3.942382904,2.40165068,-3.394265618,-0.145161725,-4.329795513,0.758760886,-3.199046476,-4.480183565,-2.485668784,-0.095807434,0.207889302,0.560475066,0.165681718,-0.013753517,0.47493518,-0.218725074,0.302809126,0.466030942,0.250133539,0.76,1
48380.0,-2.790771039,-1.464268987,1.031165008,1.921356084,-0.09001382,-0.483871348,0.780731181,-0.348775796,0.609133452,0.225933803,-1.064534195,-0.787372738,-1.576469585,-0.126756362,0.367012282,-0.635321655,0.327006411,0.043816087,1.403573762,-1.376720779,-0.392667222,0.440019839,0.777659196,0.418551936,0.244563186,-0.159360689,0.060539534,0.356958363,208.58,1
48533.0,1.243848449,0.524525773,-0.538883626,1.209195974,0.479537597,-0.197428734,0.04916626,0.037791632,0.128118591,-0.552902906,-0.668358831,-0.818803694,-0.883832091,-0.994580854,1.50684875,0.624003315,0.705794272,0.524181774,-0.731749846,-0.171540655,-0.051659886,-0.084089409,-0.192846389,-0.917391986,0.681952813,-0.194418574,0.045917145,0.040135998,1.0,1
48884.0,-2.139050557,1.394367662,-0.612034895,1.049327056,-1.162101908,-0.768219363,-1.997237401,0.574996543,-0.980831776,-2.495619245,2.555589153,-3.53043627,-1.016233815,-3.455196577,-0.056363386,-2.46773703,-7.140325966,-1.271280022,-0.001721924,0.025426513,0.696954881,0.740003045,-0.155115249,-0.050607446,0.268368293,-0.469432841,-0.405813768,-0.152170847,19.73,1
49985.0,-1.554216368,1.694229289,-0.903333638,2.425436085,-2.899787485,0.13302843,-0.286225919,0.555944559,-1.394918382,-2.892611761,1.962235975,-2.385262661,0.458337202,-3.724543454,1.843978325,-2.013923708,-2.815600296,-1.092290272,0.13968723,-0.032334386,0.493436339,0.733393182,0.20234996,0.492053701,-0.183790909,-0.19991712,0.395200622,0.027693032,360.0,1
50706.0,-8.461844701,6.866198415,-11.83826922,4.194210967,-6.923097097,-3.221146649,-7.553496511,6.015618187,-2.46614344,-6.246243185,2.94398522,-6.512389337,-0.698175947,-7.543645932,0.926455284,-4.330294806,-7.339697964,-2.550900854,0.645904896,0.814710156,0.918244481,-0.715366337,0.210747336,-0.060211474,0.509534595,-0.257283693,1.170026516,0.229300915,99.99,1
50808.0,-9.169789824,7.092196801,-12.35403687,4.243068974,-7.176437755,-3.386618049,-8.058011947,6.442908664,-2.412986602,-6.134906887,2.826671228,-6.309842777,-0.623002386,-7.279869219,0.924233226,-4.215537135,-7.171672415,-2.550336685,0.596364321,0.816651662,0.926156961,-0.817706132,-0.150434416,-0.03938306,0.485639754,-0.264324609,1.15969046,0.232758088,99.99,1
51112.0,-9.848775832,7.365546486,-12.89853823,4.273323073,-7.611991011,-3.427045237,-8.350808153,6.863603922,-2.387567325,-6.065782363,2.707856405,-6.136034466,-0.545976096,-7.028980273,0.916068575,-4.092884494,-7.014621707,-2.530967259,0.554027499,0.832398066,0.931958309,-0.874467361,-0.192639469,-0.035426027,0.53866505,-0.263933517,1.134095094,0.225973164,99.99,1
51135.0,-10.52730443,7.639745109,-13.4431145,4.303402918,-8.048209867,-3.466996536,-8.643192792,7.2841053,-2.362096638,-5.99659592,2.58910354,-5.962261422,-0.468955403,-6.778183722,0.907946622,-3.970130032,-6.857612655,-2.511735682,0.511761952,0.847085223,0.937415596,-0.931178206,-0.235696693,-0.031393354,0.591558277,-0.263516323,1.108897298,0.219021143,99.99,1
51155.0,-11.20546139,7.914633492,-13.98775164,4.33334118,-8.484969523,-3.506561173,-8.935243032,7.704449151,-2.33658418,-5.927359169,2.470401016,-5.788517031,-0.391939257,-6.527462241,0.899859362,-3.847292842,-6.700637448,-2.492616107,0.469554314,0.860911742,0.942593331,-0.987848115,-0.279446305,-0.027299225,0.644344196,-0.263077923,1.084022528,0.211933357,99.99,1
52814.0,-1.101847007,-1.632441213,0.901066557,0.847752886,-1.249090729,0.654936785,1.448867826,0.023307913,-0.136742417,-0.150129183,1.172355083,-0.795988137,-2.136950966,0.578869439,1.412114723,0.013466807,-0.119204381,0.826814374,0.476859902,1.230277841,0.610653921,0.835795007,1.179955421,-0.029090886,-0.300895694,0.699174953,-0.336071709,-0.177586828,519.9,1
52934.0,1.036638558,0.40722728,0.757706165,3.161821447,-0.568122226,0.202180695,-0.689804056,0.411379939,0.336769232,-0.283731284,0.903117453,-0.158825775,-1.930709019,-2.376653641,-1.810172485,0.935791272,1.591506148,1.259470714,-0.666806394,-0.219461074,-0.050107622,0.123760576,-0.132567902,0.350230554,0.507701401,0.189620905,0.061015666,0.06314128,0.76,1
53031.0,0.206075454,1.387359821,-1.045286987,4.228686194,-1.647549174,-0.180896946,-2.943677575,0.859155533,-1.181743007,-3.096503599,3.200912355,-2.450832429,0.316619879,-6.397170315,-2.129728365,-2.427373075,-4.448472252,-1.21222045,0.034655456,0.3514844,0.469199426,0.344930464,-0.203799378,0.376640378,0.71548549,0.226002881,0.628544616,0.319917988,0.76,1
53076.0,1.296230804,0.417447288,0.193963068,0.901644195,0.130531367,-0.371634021,0.158125824,-0.202668657,-0.079511756,-0.045088248,-0.876737592,0.687487636,1.574717703,-0.00779123,0.948315692,0.377153837,-0.868182736,-0.067135112,-0.064492966,-0.02955935,-0.11211351,-0.220002032,-0.121021884,-0.440454448,0.671540041,-0.413518434,0.032838041,0.020600197,1.18,1
53451.0,0.385108461,1.217620323,-1.953872165,2.087075991,-1.144225406,-0.576887995,-2.582865044,0.643229999,-1.191232692,-3.095093607,2.821144888,-3.100545658,0.146199374,-4.510123915,0.574490023,-2.123462785,-6.053319388,-0.706376153,0.572791028,0.380545212,0.594623132,0.372143666,-0.310455791,-0.624065149,0.84021613,-0.159451767,0.599482365,0.28891555,8.0,1
53658.0,-1.739340964,1.344520789,-0.534379047,3.195291499,-0.416196142,-1.261960668,-2.340990939,0.713003646,-1.416264999,-2.996669302,0.747478136,-4.596611512,-1.927759702,-4.757074499,-1.247814819,-2.535494251,-5.356464544,-1.974748525,-0.603726269,0.002749478,0.383180108,-0.213952218,-0.336639825,0.237076301,0.246002932,-0.044227636,0.510729075,0.220951594,0.0,1
53727.0,-1.649278816,1.263973556,-1.050825674,2.237990639,-2.527889238,-0.889939993,-2.355253671,0.854658641,-1.281242617,-2.705011382,1.17447506,-4.381919567,-1.226665898,-2.953824253,1.994161194,-3.30425391,-5.585794366,-1.643704032,2.118633325,0.08740637,0.679176431,0.731907051,0.333045476,0.392505236,-0.274197298,0.802348668,0.390808553,0.112145531,112.45,1
53937.0,-2.042608199,1.573578074,-2.372652433,-0.572676431,-2.097352765,-0.174142123,-3.039519787,-1.634232951,-0.594808639,-5.459601894,2.378537225,-2.330270647,-0.246232725,-4.058523436,-0.316983147,-2.522660811,-5.603400348,-0.778439964,0.860211794,0.825565985,-0.723326196,0.501221637,-0.696892261,-0.600513726,0.127547029,-0.78607222,0.606097322,0.171696508,261.87,1
54846.0,-2.986465508,-0.000891229,0.60588683,0.338337781,0.685448451,-1.581954437,0.504206377,-0.233402618,0.636767743,1.010291022,0.004517968,0.044396639,0.420853062,-0.931614225,1.147973683,0.483063094,-0.15247083,-0.285666259,0.072549849,-0.764274258,-0.875146364,-0.509848661,1.313917904,0.355064731,0.448551563,0.19348978,1.214587687,-0.013922897,1.79,1
55279.0,-5.753851922,0.577609831,-6.312781518,5.159401364,-1.69831985,-2.68328644,-7.934389138,2.37354992,-3.073078869,-7.145136625,6.25006759,-9.150822685,-1.37614147,-9.982584707,1.202216968,-7.565042492,-13.69147445,-4.366867281,2.181422736,0.017500021,1.177852408,0.175331359,-1.211123321,-0.446891082,-0.405520353,-0.16579749,1.505515913,0.35949205,1.0,1
55311.0,-6.15960693,1.468712923,-6.850888147,5.174706273,-2.986703924,-1.795054146,-6.545071526,2.621236138,-3.605870126,-8.122161075,6.029032563,-9.225855308,-1.546758631,-10.30933419,0.308062394,-7.787326221,-12.822177,-4.367677133,2.643984221,-0.289829586,1.061314182,0.125737469,0.589592332,-0.568730605,0.582824721,-0.042582645,0.951130233,0.158996024,0.83,1
55614.0,-7.347954947,2.397041348,-7.572355818,5.177819255,-2.854838283,-1.795238774,-8.783234735,0.437156561,-3.74059751,-8.332863063,5.763189409,-8.707879292,-1.716949488,-9.577194393,0.146369003,-7.586490786,-12.50393097,-4.375631012,2.46519487,0.073163791,-0.17527337,0.543325052,-0.547955067,-0.50372169,-0.310932776,-0.163986018,1.197895047,0.378186688,0.83,1
55618.0,-7.427924231,2.948209208,-8.678550384,5.18530348,-4.761089973,-0.957095016,-7.773379785,0.717309274,-3.682359238,-8.403150262,5.705205507,-8.640746412,-1.602925019,-9.466139123,0.137324187,-7.303242729,-12.44803924,-4.332834241,2.35202964,-0.123085016,-0.299847071,0.610478814,0.789022761,-0.56451194,0.201195825,-0.111225431,1.144598509,0.102279545,130.44,1
55760.0,-6.003421676,-3.930731396,-0.007045455,1.714669183,3.414666602,-2.329582623,-1.90151169,-2.746111091,0.887673208,-0.049232856,-0.153131027,-0.814309846,-1.894795586,-0.831482609,1.387288695,1.188906759,0.536817323,-0.051403214,-1.231385502,-4.128185829,1.101671317,-0.992493707,-0.698258928,0.139897674,-0.205150796,-0.472412263,1.775378057,-0.104284626,311.91,1
56098.0,-1.229668917,1.956099151,-0.85119796,2.79698655,-1.913976841,-0.044934446,-1.340739354,-0.555547987,-1.18446766,-3.245108597,2.33832327,-2.820042188,0.763325773,-5.419589869,0.041432793,-4.180757788,-4.285070592,-2.536451573,0.930239186,0.270459255,1.20805426,0.277611797,0.0192658,0.508528831,-0.201182897,-0.249600419,0.562238743,0.075308501,170.92,1
56624.0,-7.90142135,2.720472487,-7.885935672,6.348333551,-5.480119036,-0.33305924,-8.682376445,1.164431078,-4.542447386,-7.74848005,5.266585873,-8.679678803,-1.166365678,-8.107974661,0.701364761,-6.288305758,-13.7531308,-4.329239274,1.504250211,-0.614719344,0.077739051,1.092436595,0.320132727,-0.434642553,-0.380687072,0.213630359,0.423620329,-0.105168534,153.46,1
56650.0,-8.762083394,2.791030282,-7.682766857,6.991213965,-5.230695451,-0.357387951,-9.685621456,1.749334945,-4.495678865,-7.864506479,4.77414774,-8.245897882,-1.33349186,-7.974250523,-0.398798947,-7.244340474,-12.76009395,-4.824740223,2.836992995,-0.460389539,-0.090526788,0.348589628,0.05113239,-0.415429872,0.219665266,0.330020365,-0.028251755,-0.156270273,7.52,1
56806.0,0.016827808,2.400825547,-4.220359821,3.462217464,-0.624142188,-1.294302586,-2.986028314,0.751882725,-1.606672299,-5.974925438,3.264922152,-5.095031624,0.307807541,-10.01810606,0.273282637,-3.562533517,-4.377105684,-1.792634943,0.080280773,0.590418383,0.285831618,-0.771508089,-0.265199774,-0.87307715,0.939776316,-0.219084743,0.874493632,0.470434222,1.0,1
56887.0,-0.075483466,1.812354584,-2.56698081,4.127548607,-1.62853157,-0.805895446,-3.390134545,1.019353262,-2.451251252,-3.555834927,4.31571103,-5.479801677,-2.115503156,-5.588785577,0.280108069,-3.507230624,-7.457094938,-2.325491682,-0.440434553,0.338598141,0.794372452,0.270471232,-0.143624141,0.013565915,0.634203129,0.213693187,0.773625467,0.387434055,5.0,1
57007.0,-1.271244192,2.462675269,-2.851395003,2.324480065,-1.37224489,-0.948195687,-3.065234362,1.166926948,-2.268770588,-4.881142927,2.255147489,-4.686386898,0.652374669,-6.174288348,0.594379608,-4.849692387,-6.536520735,-3.119093882,1.71549442,0.560478076,0.652941051,0.081930976,-0.221347831,-0.523582159,0.224228162,0.756334523,0.632800477,0.250187093,0.01,1
57027.0,-2.335654929,2.225379941,-3.379450386,2.178538229,-3.568263715,0.316813584,-1.734948003,1.449139434,-1.980033481,-5.71150474,1.837214902,-4.540341645,0.74784586,-6.28431407,-0.128887217,-3.563239406,-7.368320646,-2.692953158,-0.450550114,0.274027123,0.785540122,0.297411984,0.308536146,-0.598415746,-0.121850331,-0.49101831,0.701606041,0.206966343,444.17,1
57163.0,-10.36304947,4.543672013,-9.795897736,5.508003334,-6.037155994,-0.133492972,-11.72434612,-3.198345572,-4.767842224,-9.332128069,5.224124004,-7.743122345,-1.5603432,-7.140418033,1.185977826,-6.598704066,-12.120539,-3.904091533,2.513430401,0.92439618,-2.457144873,1.687256642,0.977178354,-0.543368977,-0.289124787,-0.107586425,0.330641898,0.16357715,1.0,1
58060.0,-2.630597703,5.12575923,-6.092254547,5.527393062,1.605144855,-2.31988353,-3.207075706,-1.482583211,-5.074870632,-6.778331382,5.725254591,-6.949171825,-3.127795012,-11.09042481,-0.800272569,-1.707500854,-1.685473017,0.274890839,-2.028885352,0.94886377,-0.527474204,0.220546095,-1.371109895,-0.504898995,0.382306793,0.395527722,0.782035951,0.628527864,1.0,1
58067.0,-0.264868684,3.386139969,-3.45499699,4.367629058,3.336060428,-2.053918423,0.256890458,-2.957235441,-2.855797234,-2.808455543,1.847503511,-2.414822338,-2.573224542,-6.59912613,0.123470383,2.572371808,6.609365809,2.5306698,-3.602657251,0.482513022,-1.394503794,-0.166029307,-1.452081183,-0.251814671,1.243460543,0.452786777,0.132218076,0.424599466,1.0,1
58199.0,0.340390791,2.015233463,-2.777329561,3.812024131,-0.461729072,-1.152021971,-2.001958668,0.548681057,-2.344041663,-3.076698585,3.55473755,-3.9696893,-0.932183689,-5.876067321,-0.06673945,-1.495280775,-4.424757174,-0.619323237,-0.231198386,0.326772803,0.299768816,-0.583282924,-0.18769605,-0.329255753,0.732328138,0.058079714,0.553143343,0.318832446,1.75,1
58217.0,-0.443793957,1.27139529,1.206177863,0.790371244,0.418935335,-0.848375715,0.917690595,-0.235511405,-0.285692136,-0.867899742,0.61497712,-0.657947691,-0.948412032,-1.635144524,1.263203163,0.068532887,1.325794102,0.376383481,-1.096196454,-0.067205036,0.119278777,0.51347945,-0.264243409,0.443311288,0.029516392,-0.335141049,-0.188814985,-0.123391459,5.09,1
58222.0,-1.322789063,1.552768211,-2.276920704,2.992117391,-1.94706392,-0.48028825,-1.362387523,0.953242227,-2.32962886,-3.393553481,3.128439692,-3.570393731,-0.595198191,-3.988415055,0.995905842,-2.843784559,-4.826246116,-0.703883465,2.152214558,0.988493487,0.614968997,-0.195199717,0.590711262,-0.233377664,-0.164285287,-0.277497871,0.428610085,0.246393746,270.0,1
58642.0,-0.45138257,2.2251465,-4.953050453,4.342228248,-3.65619019,-0.020121466,-5.407553618,-0.748436141,-1.362197751,-4.170622887,3.762306382,-4.226224695,-2.04669403,-4.710497936,0.21757236,-4.739083784,-6.131886752,-2.425870639,2.31416487,0.724381268,-0.575924092,0.495889441,1.154127939,-0.016185786,-2.079928263,-0.554376906,0.455179271,0.001320656,113.92,1
58822.0,-4.384220899,3.26466481,-3.077158017,3.403593597,-1.93807528,-1.221081278,-3.310316609,-1.11197501,-1.977593281,-3.288203565,2.886091477,-6.848977934,-1.029234591,-7.460102983,0.055906018,-4.334783427,-9.874560393,-3.541903329,-0.53155876,-0.141533269,2.076382721,-0.990302787,-0.330358452,0.158377626,0.006351446,-0.493860013,-1.537652378,-0.994022491,45.64,1
59011.0,-2.32692237,-3.34843873,-3.513407961,3.17505971,-2.815137034,-0.203362788,-0.89214443,0.333225703,-0.802005229,-4.350685312,3.064245841,-2.718730632,0.068787703,-5.586873126,-0.966076478,-2.502049417,-4.460494632,-0.870525745,0.595629104,3.209170944,1.226648399,-0.695902073,-1.478490211,-0.0615526,0.236155012,0.531910616,0.302324354,0.536375348,1389.56,1
59385.0,-7.626924092,-6.976420008,-2.077911151,3.41675416,4.458758402,-5.080407799,-6.578947868,1.760341414,-0.599508728,-4.001742085,2.611761843,-2.210691055,0.145323221,-5.281678131,-1.446227315,-2.342178262,-4.442082059,-0.812202197,0.254771833,2.875260304,1.224794983,-0.656639147,-0.330810729,-0.078946015,0.270305925,0.43111911,0.821381427,-1.056087774,18.98,1
59669.0,0.32600663,1.286637565,-2.007181287,2.419674796,-1.532901697,-1.432803315,-2.45952964,0.617737792,-1.12586103,-3.236784016,3.561794964,-3.914679352,-2.124956456,-4.45889503,0.578201875,-2.343304119,-5.071450108,-0.749172321,0.228422748,0.222666683,0.556894674,0.169775529,-0.174357059,0.308061323,0.710996128,-0.231029818,0.580495234,0.300984038,6.27,1
59777.0,-8.257110817,-4.81446074,-5.36530689,1.204229864,-3.347420097,-1.331601475,-1.967892799,1.295437817,-1.674415243,-3.426052253,0.14456269,-4.28352931,-0.240895042,-3.657490404,0.923104768,0.844221069,-3.948311852,-1.807515992,0.105878827,-1.233987257,0.436390207,-0.077552723,-3.091624356,-0.390200886,-0.288688941,-0.340004217,0.039819105,-1.00790031,319.2,1
59840.0,-3.21538176,-0.364223121,-1.261883344,3.794949039,0.71120593,-1.316475603,-5.165140556,0.625278384,-1.582300585,-3.252633595,5.040751203,-5.314442204,-0.656470662,-6.233043671,0.974771279,-6.890317745,-9.516411485,-4.364127715,2.598577556,0.019626169,0.401341241,0.152191259,-0.934675474,-0.256148382,-0.469403309,-0.282495914,0.866076911,-0.433465944,5.91,1
60353.0,-3.975216475,0.581573271,-1.880372107,4.31924128,-3.02432976,1.240792771,-1.909558926,0.660717557,-2.752610565,-3.550385399,4.838964187,-6.040235379,-0.374460484,-6.221945359,0.958758444,-5.073642635,-10.44100867,-3.755524601,0.606452965,-0.656511434,0.578984296,1.39731082,1.04532195,-0.303999869,0.005294959,0.235435244,0.962014797,-0.673557393,454.82,1
61108.0,-2.756007119,0.683821377,-1.390168883,1.501887261,-1.165614356,-0.131206949,-1.478740616,-0.246921578,-0.100522732,-2.301109897,1.914454045,-3.830998011,0.719488567,-6.353019858,1.438716192,-3.297239075,-4.862971499,-2.002353999,1.54523327,-0.10694464,0.320473876,0.611026686,0.174863684,-0.502151101,-0.174712784,1.179242083,-1.166315328,0.821214803,101.5,1
61646.0,-1.52230451,1.505152043,0.372364351,2.286868558,-0.526518744,0.998593092,-1.08755604,-0.027248403,-0.533001251,0.169572798,2.790396391,-2.316951892,-0.782531787,-3.431737963,-0.527701761,-3.29355769,-3.901498984,-2.525440482,0.79514422,0.412800621,0.332216176,0.493980865,-0.080198293,-0.253327338,-0.477799683,0.991739678,-0.952553959,-0.390363998,19.04,1
62059.0,-1.644403097,3.129851933,-2.576976822,3.415573363,-0.448525407,-1.241892856,-1.991652188,1.00266489,-2.809071243,-4.153692406,1.398185119,-5.653269702,-1.233694138,-6.332512815,0.4587148,-1.983609608,-4.929162023,-1.038482085,-0.1338192,0.290186829,0.417762091,-0.648575872,-0.318617393,-0.680412932,0.389868676,0.055750296,0.394681955,0.298820726,6.62,1
62080.0,-1.599457402,2.607720029,-2.987192942,3.064156147,-2.497914317,-0.541102793,-2.277786228,1.268166108,-1.997331053,-3.834775088,1.113354093,-4.976921041,-0.795530935,-4.549556744,1.813763254,-3.177460496,-5.369348778,-1.121454157,2.030591938,0.22533293,0.66293304,0.184086858,-0.089451803,-0.505999935,-0.062258889,-0.052714413,0.322854005,0.135267637,180.0,1
62330.0,1.140864737,1.221317431,-1.45295546,2.067575058,0.854742052,-0.981222508,0.325713914,-0.037721407,0.113219372,-2.12697275,0.915947029,-0.468571538,-0.523377294,-4.861866581,0.421013354,0.866440625,4.082484884,1.196318152,-1.100763584,-0.067712041,-0.377597095,-0.79345966,-0.132333172,-0.331586269,0.664877857,-0.309312434,0.099941947,0.122988312,1.0,1
62341.0,-5.267759743,2.506718959,-5.290924818,4.886134198,-3.343188411,-1.100085485,-5.810509186,1.726343355,-0.74927716,-4.834827995,3.54601225,-7.751285478,-1.195693945,-10.01850245,0.296396122,-7.477161727,-9.785800262,-4.243977148,2.681126782,-0.28604327,0.764265625,0.473261684,0.548481723,-0.156850052,-0.710186945,-0.366422677,-1.48676592,0.677664105,1.1,1
62467.0,-5.344665375,-0.285760408,-3.835615782,5.337048027,-7.6099087,3.874668032,1.289629924,0.201741917,-3.003532437,-3.990551332,4.986013804,-6.116383223,0.042324406,-6.043393144,1.821401032,-4.745462468,-10.07564559,-3.604596016,1.43529381,-1.562162358,0.276010822,1.342044557,-1.016578695,-0.071361297,-0.335869335,0.441044176,1.52061262,-1.115936803,1402.16,1
63578.0,-0.639191253,-0.085594789,1.265451959,1.401165732,-0.260542079,1.009794578,1.301998971,-0.135257523,-0.431520922,-0.091353373,-0.921051996,-0.613815529,0.198913056,0.016087005,2.206263775,-0.527140628,-0.05727868,0.448655661,1.164435465,0.861306751,0.340330753,0.760169762,0.353376975,-0.778892743,-0.07068116,-0.033354644,-0.061962422,-0.062686532,290.18,1
64093.0,-6.133986948,2.941499449,-5.593985568,3.258845223,-5.315512219,-0.637327763,-4.476488045,1.695993587,-1.606743151,-5.11725921,3.97722224,-8.066096093,-0.760887592,-8.660770959,2.22023799,-6.237596542,-11.04638166,-4.155879368,1.763610874,-0.815086316,0.868339851,0.793736498,0.217346587,-0.021985065,0.145881914,0.665087661,-1.684186049,0.310195463,294.9,1
64412.0,-1.348041644,2.522820676,-0.782432259,4.083046652,-0.66228033,-0.598775713,-1.943551851,-0.329578951,-1.853274226,-3.162135955,1.533193838,-4.635126948,-1.113572734,-6.435870738,-0.293191948,-2.849930795,-3.654258288,-1.183034137,0.831623853,0.348896285,1.079871408,-0.35202641,-0.218357653,0.125865684,-0.074180176,0.179115527,0.612579819,0.23420609,1.0,1
64443.0,1.079523978,0.872988039,-0.303850487,2.755368851,0.301687623,-0.350283737,-0.042847968,0.246624608,-0.779175596,-0.157696446,1.928567632,-0.935863286,-2.431446445,-1.633472024,0.534336653,1.425605504,1.593528786,1.178467846,-1.568697558,-0.252115099,-0.023254785,-0.158600834,-0.038806158,-0.060327255,0.358338898,0.07698357,0.018935832,0.060574149,0.0,1
64585.0,1.08043337,0.962830681,-0.278065478,2.743318063,0.412364076,-0.320778353,0.041289549,0.1761703,-0.966951551,-0.194120467,2.140056816,-0.276308753,-1.191305738,-1.880275403,0.398271956,1.367433022,1.5226617,1.026317483,-1.577070478,-0.172658645,-0.008996174,-0.057036144,-0.053691509,-0.026373277,0.400299731,0.072827771,0.027042934,0.063237573,0.0,1
64785.0,-8.744414644,-3.420467984,-4.850574732,6.606845786,-2.800546172,0.105511584,-3.269801299,0.940377923,-2.558690602,-3.624774714,5.267861604,-5.583696926,0.173895592,-6.679976755,2.084199143,-4.348891446,-8.760786023,-3.407548544,1.332930065,-1.818315425,0.102912554,0.311626102,-4.1291955,0.034638732,-1.133631231,0.272265246,1.841307269,-1.796362587,720.38,1
65358.0,1.193916069,-0.571085007,0.742522414,-0.014587682,-0.624560898,0.83216166,-0.833350425,0.272896999,1.169425399,-0.371671945,-0.245676823,1.37594135,0.870456831,-0.819319365,-1.550903562,0.125852996,-0.397245549,0.272377065,1.226022198,0.062908129,-0.049502428,0.207265101,-0.265271877,-0.67929377,0.511811528,1.246604437,-0.028671104,-0.006112008,31.91,1
65385.0,-2.923826664,1.524837164,-3.018758033,3.289291475,-5.755542374,2.218276303,-0.509995432,-3.569443569,-1.016591689,-4.320535776,1.277202265,-3.701749667,-0.971869594,-4.857776672,0.090605522,-2.80150199,-4.186807537,-1.648406094,1.176445598,-0.447039407,-0.511656805,-0.122724086,-4.288638999,0.563796658,-0.94945135,-0.204532177,1.510206487,-0.324706013,1354.25,1
65728.0,1.227614414,-0.668973794,-0.271784826,-0.589439742,-0.604795004,-0.350284967,-0.486364541,-0.010808629,-0.794944156,0.264544749,0.88126805,-0.324703761,-0.2632638,-1.112735439,-0.540849503,1.533411248,0.831442611,-0.473346677,1.190121264,0.27379921,-0.026054722,-0.295254768,-0.18045852,-0.436538663,0.494649059,-0.283738267,-0.001128279,0.035074501,98.01,1
65936.0,-3.593476003,0.781442263,-1.822447514,0.605760683,-1.194655867,-0.517194857,-1.722523123,0.128889524,0.014963308,-2.85611683,1.61826162,-3.581374501,0.62370692,-6.16045662,0.494733399,-2.54310504,-5.301273391,-2.192712706,-0.094723793,-0.478219313,0.351792126,0.39124895,-0.252874891,-0.49804248,0.010172193,0.909928722,-1.478767246,0.722673039,101.5,1
66037.0,0.286302364,1.399344748,-1.682502709,3.86437704,-1.185373402,-0.341732014,-2.539380123,0.768378375,-1.547881628,-2.659717947,2.621588126,-3.462361885,-1.054300173,-4.955823304,-1.400274458,-2.339942917,-5.197794477,-1.342814498,0.288846911,0.270360155,0.352456414,-0.243677652,-0.194078547,-0.172201087,0.742237198,0.127789797,0.56973079,0.291205859,7.53,1
67150.0,-1.82429506,0.403326527,-1.994122006,2.756558164,-3.139064326,0.408185015,-1.209045119,1.095634354,-1.447224892,-3.951002892,2.560700202,-3.411982911,-0.78166962,-4.732767535,-0.433973655,-3.306088412,-4.231021875,-0.75080977,2.690808342,1.503688305,0.838760421,0.341727096,0.947506491,-0.145493002,0.049325773,0.831065452,0.332421304,0.252712729,489.71,1
67571.0,-0.758468653,-0.045410278,-0.16843829,-1.313274814,-1.901762532,0.739433415,3.071892046,-0.483422244,0.618202762,-1.769059721,-0.651414014,-0.005423291,-0.517194341,0.21746976,0.883558824,-1.173977649,0.24334711,-0.342300728,0.687056202,-0.032499899,0.042619457,0.397223782,0.072228865,-0.242275997,0.56091647,-0.540954584,0.150606446,-0.117140115,549.06,1
67857.0,-1.739333784,-1.30465465,0.314102907,0.053740106,-0.0586957,0.071259557,0.694861853,-0.313269935,-0.649377114,0.51756788,-1.356557756,-0.238382664,0.069579019,-0.431690054,-0.674723889,-1.654161807,-0.053960601,0.52074584,-1.554561747,-1.463994324,-0.665172079,-0.632078029,-0.4211758,-0.400774353,-0.001640302,-0.495162313,0.03163262,0.066279688,320.0,1
68207.0,-13.19267096,12.78597064,-9.906650021,3.320336883,-4.801175932,5.760058556,-18.75088916,-37.35344264,-0.391539744,-5.052502367,4.406805524,-4.610756477,-1.90948797,-9.072710934,-0.226074451,-6.211557482,-6.248145353,-3.149246695,0.051576119,-3.493049915,27.20283916,-8.887017141,5.303606904,-0.639434802,0.263203123,-0.10887693,1.269566355,0.939407363,1.0,1
68357.0,1.23260447,-0.548931183,1.087872669,0.89408182,-1.433054899,-0.356797142,-0.717492197,0.003166531,-0.100396733,0.543187256,-1.039417068,0.285261609,-0.206006568,-0.498521776,-1.064108451,-2.156036543,0.564761098,0.83785666,-0.72898976,-0.576274061,-0.448670517,-0.517567968,0.012833335,0.699216728,0.527257981,-0.322606503,0.080805437,0.035427182,19.59,1
69394.0,1.140431324,1.134243003,-1.429454741,2.012225989,0.622800198,-1.152923087,0.221159478,0.037371773,0.034485926,-1.879643821,2.19166508,-0.487849733,-1.757137099,-4.461051207,-0.402884206,1.410917109,3.619251252,2.284926763,-0.443999192,-0.099711878,-0.367136001,-0.891627121,-0.160578067,-0.108325962,0.668374321,-0.352393243,0.071992769,0.11368437,1.0,1
70071.0,-0.440095203,1.137238976,-3.227079757,3.242292934,-2.033998153,-1.618414648,-3.028012599,0.76455482,-1.801937209,-4.711768684,4.663254585,-5.171734608,-1.624070248,-6.713878195,0.607986268,-3.275207499,-6.823831213,-1.355308686,0.291250739,0.895840844,0.764186725,-0.275577693,-0.343571526,0.233084829,0.60643364,-0.315433462,0.768290751,0.459623328,227.3,1
70229.0,0.315641749,1.636777962,-1.519649883,4.028570999,-1.186794267,-0.7898131,-2.279807405,0.472987927,-1.657635003,-2.894990401,1.601985383,-2.824945625,1.269203636,-5.591363689,-0.974827287,-2.737795496,-4.961534316,-2.224797408,-0.13611727,0.388884849,0.34592075,-0.108001595,-0.165441942,0.27989458,0.808783093,0.117362633,0.589594903,0.309064074,3.79,1
70270.0,-1.512515758,1.133138588,-1.60105248,2.813400968,-2.664503406,-0.310371094,-1.520895164,0.852995775,-1.496494506,-4.056292616,1.553755868,-2.743551359,1.504540671,-5.428788499,-0.016017123,-3.727187613,-3.946299589,-1.680286443,2.30361261,1.249585563,0.729827756,0.485285915,0.567005413,0.323585692,0.040870854,0.825813553,0.414482272,0.267265082,318.11,1
70536.0,-2.271754537,-0.457654561,-2.589054639,2.230778267,-4.278982503,0.38861008,0.102485457,0.813127838,-1.092920839,-5.032028386,3.51034756,-2.227398406,0.656823928,-5.199185743,-0.12831103,-3.943520999,-3.820522327,-0.570821094,2.783383408,2.285757903,1.09634201,0.658398655,1.711675735,0.333540036,0.538591374,-0.193528512,0.258194101,0.247269214,824.83,1
70828.0,0.196706752,1.189757286,0.704882218,2.891387773,0.045555369,1.24573046,-1.1987142,-2.421616411,-1.232088646,0.324238886,-1.27393508,-0.868686295,-1.181944655,1.027584172,1.688132345,0.256215978,0.12060834,-0.052346017,0.329826632,0.646616407,-1.328131789,0.189310618,-0.005524184,-0.814707739,0.40092428,0.286281379,0.135214946,0.257314769,0.76,1
71033.0,-3.170818415,0.185734555,-3.399851579,3.76115529,-2.148047028,-1.598944425,-2.519565318,1.316215011,-2.400106116,-4.993417038,4.447191766,-5.293760103,-1.419578299,-6.425276214,0.914083034,-3.515197166,-6.347453308,-0.903512166,1.191606268,1.932253725,1.092051134,-0.041080429,0.904395218,0.180015602,0.04997034,-0.257099838,0.859281566,0.225924186,426.4,1
72327.0,-4.19873461,0.194120637,-3.917585678,3.920747846,-1.875485747,-2.118932927,-3.61444511,1.687884465,-2.189871136,-4.684233325,4.376906664,-5.007440828,-1.304745078,-6.192475264,1.002404267,-3.316934301,-6.188834152,-1.040412649,1.233044349,1.003350431,0.801312236,-0.183000576,-0.440386862,0.292539412,-0.144967422,-0.251743982,1.249413674,-0.131524644,238.9,1
72824.0,-1.111495232,-0.257575207,2.250209635,1.152670903,0.432904474,1.254126028,-0.58416279,-0.609681605,1.014602463,0.334532824,0.826374844,0.1968869,-1.885993498,-0.472025637,-0.578141396,-1.243007101,0.570459827,-0.159056766,0.407187527,-0.510613592,0.86291279,0.927825035,-0.343058086,-0.25626823,-0.600742166,-0.180331288,0.026762226,-0.358335321,45.03,1
73408.0,-2.869794946,1.335666962,-1.009530198,1.693884729,-0.741479895,-0.796772696,-2.614241877,1.066636468,-1.135496522,-3.943336821,2.572830216,-2.2886635,0.562084178,-5.33871421,-1.853251891,-2.619233054,-5.231425127,-1.234853737,0.397308037,0.01155721,0.528421373,0.228027081,-0.749297963,-0.067178963,0.215792485,-0.453651012,0.349191043,0.198862268,16.48,1
74159.0,-1.548788099,1.80869795,-0.953509034,2.213085393,-2.015727792,-0.913456845,-2.356012983,1.197168967,-1.678374057,-3.538650232,3.102089927,-3.993373054,-1.937410623,-3.822894106,0.830970111,-2.475358854,-5.211875168,-0.413871678,0.933262165,0.390785964,0.855138263,0.774744821,0.059037152,0.343199808,-0.468937929,-0.278337987,0.625922215,0.395573378,76.94,1
74262.0,-2.250534809,2.365754878,-2.955491179,0.089790598,-2.830744567,-0.844461639,-0.174061561,-0.407138138,0.174216294,-2.998926256,2.605168575,-3.677716614,-0.961254636,-4.629480997,1.942181613,-4.180378884,-4.605686468,-2.557184137,1.589582202,-0.486537142,0.256559618,-0.466245243,0.291104927,0.242566553,-1.279093712,-1.123534337,-0.630976513,0.326839204,311.28,1
75033.0,-0.430330206,0.985632694,0.645789437,0.317131047,0.616332206,-1.347462457,1.078233569,-0.161518268,-0.492855875,-1.039637697,-0.395607723,-0.66468393,-0.985700497,-0.660967627,0.344105203,0.530852434,0.278141865,0.355529917,-1.081223261,-0.115281935,-0.016378018,-0.207609058,-0.164119226,0.255280162,0.454797818,-0.505032216,-0.039455969,-0.006357582,30.14,1
75556.0,-0.734303155,0.435519332,-0.530865547,-0.471119607,0.643214387,0.71383237,-1.234572071,-2.551411599,-2.057723826,0.166830708,0.567551955,-0.858059916,-0.44806793,-0.264936239,0.888862939,0.838120617,1.425059654,-0.169664183,2.502027389,0.864536121,-1.004877379,1.150353588,-0.152555283,-1.386744633,0.004716015,0.219145838,-0.058257308,0.158047989,29.95,1
75581.0,-2.866363705,2.346949431,-4.053306688,3.98335888,-3.463185713,-1.280953016,-4.474763835,1.216655285,-2.309828698,-5.515507073,3.048392034,-7.128250768,0.005955801,-7.495187336,-0.251088022,-7.568014899,-12.22363285,-4.895175194,2.524967469,0.270013154,1.049731562,0.475840283,0.404480059,0.28202979,-0.506901096,-0.371741093,0.615256964,0.803162842,124.53,1
75851.0,-4.793667431,3.418910653,-5.074444533,4.035986943,-3.527874599,-1.923241502,-5.065980838,1.99688476,-3.097379164,-6.447202274,3.775578439,-7.498783455,0.231306922,-8.658268432,1.343307657,-6.17333086,-10.70801825,-3.504894192,1.884044257,0.342122343,1.168617819,0.289530904,-0.371888204,0.144761277,0.084734825,-0.197431471,0.328671522,0.835394921,99.85,1
75978.0,-5.140723118,3.568751234,-5.896245457,4.16471993,-4.091192639,-1.989960291,-5.472436017,2.422820662,-2.909735258,-6.287803351,3.704312152,-7.267549534,0.329269938,-8.458974956,1.354487201,-5.976220982,-10.57601491,-3.525161247,1.737976005,0.3189952,1.131130282,0.11802151,-0.332704205,0.139940734,0.324757896,-0.18076913,0.177810383,0.661555356,99.9,1
76575.0,-5.622469419,3.480623179,-6.200676594,4.311233668,-5.226286324,-1.341763573,-5.220940942,2.682843537,-2.921484382,-6.561257411,3.211263878,-6.861660514,0.326461835,-7.755253664,0.504652193,-6.276616786,-10.6117147,-4.146773745,2.197287713,-0.156288523,0.949568986,-0.42898575,-0.3506755,0.197549504,0.15923423,-0.377790861,-0.213561786,0.459528918,219.8,1
76826.0,-6.616292926,3.563427898,-7.058901298,4.284345955,-5.096298873,-1.768617804,-4.937554127,2.748459545,-3.796759595,-6.825490104,3.259594754,-6.943890618,0.435975163,-6.947010309,1.011004065,-6.166837425,-10.5643466,-4.010188153,2.143501795,-0.541634156,1.215976106,0.041177744,-1.059097702,0.275662062,0.057424928,-0.265838484,-0.514636936,0.388590269,254.76,1
76845.0,1.141572041,1.291195042,-1.432900453,2.058202222,0.940823738,-0.958273876,0.391154204,-0.092519203,-0.032828594,-2.155302544,1.080438616,0.044415321,0.44117659,-5.053824765,0.315185257,0.821195362,4.027366039,1.07797898,-1.107275855,-0.005912577,-0.366507065,-0.714464901,-0.143910667,-0.305177619,0.69751406,-0.312544723,0.106247471,0.125059863,1.0,1
76857.0,1.140207954,1.156431079,-1.471577967,2.076278405,0.774809059,-1.002531952,0.264947929,0.013162261,0.248835339,-2.100666513,0.763204841,-0.944916479,-1.419034471,-4.683619696,0.519282301,0.908454083,4.133666669,1.306204525,-1.094716474,-0.125097258,-0.387894981,-0.866811936,-0.12158264,-0.356108586,0.634572811,-0.306311023,0.094086818,0.121064728,1.0,1
76867.0,1.082566234,1.094861513,-1.367020048,2.012554296,0.708142048,-0.807712094,0.151952109,0.158352531,0.009872284,-1.925278124,2.605937023,-0.309218873,-1.767548916,-4.429194587,-0.171939795,1.055513936,3.970586937,1.762248572,-0.880812103,-0.135789404,-0.325283765,-0.734343618,-0.106725343,-0.224999064,0.569167327,-0.335032649,0.089140141,0.11233722,1.0,1
76876.0,-1.298359003,1.079671157,-0.180677931,1.287839084,1.858273479,-2.223695002,0.525166986,-0.096874311,-0.168893374,-2.544410419,0.706999574,-0.835695915,-1.022117317,-4.993991789,-0.455706843,1.315365139,3.639199548,1.623426095,-1.539338832,-0.187571994,-0.332983054,-0.851270428,-0.370799799,0.298241687,0.442929877,-0.522832451,0.000104857,0.135698346,1.0,1
77154.0,-0.715413746,0.608590313,1.15550089,-0.267565093,-0.563747541,-0.61889796,0.698307699,0.069836902,-0.133341031,-1.025335393,1.500629181,-0.417898027,-1.590295151,-1.074999041,0.288234298,1.377768509,0.223886854,1.311072675,-0.896071786,-0.186977993,0.130748608,0.239389294,-0.090227407,0.411572391,-0.216125966,0.353896329,-0.062361263,0.008433002,129.0,1
77171.0,1.118559635,1.291858263,-1.298805326,2.135771701,0.772203698,-1.147291442,0.390577698,-0.107072318,-0.038339269,-2.152518891,1.35275259,0.09284859,0.273152695,-5.012202359,0.303552415,0.731437272,4.152085573,0.985358288,-1.229254318,-0.02357579,-0.34637378,-0.663587986,-0.102325809,0.017910575,0.650301614,-0.33236563,0.105948677,0.128123729,1.0,1
77182.0,-1.410851902,2.268270614,-2.297553649,1.871330527,0.248957098,-1.208798691,-1.358648491,1.102916132,-1.317363771,-4.626919164,3.357639737,-2.998814904,-1.956786345,-6.766633371,-0.869899592,-0.868576752,-0.370333269,0.419265507,-0.894893657,0.05806259,0.155380927,-0.614880422,-0.196125538,-0.464375543,0.118473101,-0.484537035,0.373595916,0.187657249,1.0,1
77202.0,-0.356326154,1.43530513,-0.813563965,1.993117177,2.05587754,-0.543578666,0.487691067,0.085448805,-0.536351998,-2.231209328,0.27398357,-0.535839387,0.595677222,-5.141823493,0.732366764,0.623912781,4.090983247,1.634084028,0.26084733,0.303261648,-0.312862942,-0.687873797,-0.267002509,-1.158480063,0.271459964,-0.155397186,0.114328416,0.101525594,1.0,1
77627.0,-7.139060068,2.773081604,-6.757845069,4.446455974,-5.464428185,-1.713401451,-6.485365409,3.409394799,-3.053492714,-6.260705515,2.394167666,-6.16353738,0.602850521,-5.606346429,0.206621734,-6.52508104,-11.40836754,-4.693977736,2.431274492,-0.616949301,1.303250309,-0.016118152,-0.876669888,0.382229801,-1.054623888,-0.614606037,-0.766848112,0.409423944,106.9,1
78725.0,-4.312479081,1.886475698,-2.338633561,-0.475242892,-1.185443862,-2.112078898,-2.122792966,0.272565132,0.290273064,-3.833741385,2.509781404,-3.611231365,-1.02429953,-5.291924955,1.649807349,-3.262658419,-4.33311796,-1.863048968,-0.009533607,-0.718705615,0.550540662,-0.06787022,-1.114691863,0.269069433,-0.020572459,-0.963488862,-0.918888354,0.001453562,60.0,1
79540.0,-0.114360704,1.036129402,1.984405261,3.128243274,-0.74034356,1.548618696,-1.701283955,-2.203841748,-1.242264775,0.269561809,1.293418297,0.933215784,-0.135325961,0.52148369,0.386884188,0.059868954,0.306339379,0.265051989,0.223718288,0.732852498,-1.032934652,1.19642831,-0.112856718,0.254718993,0.696667886,0.482370417,0.129969314,0.223924334,0.2,1
81372.0,-0.885254089,1.790649232,-0.945148961,3.853432747,-1.543510075,0.188582114,-2.988382756,1.344058551,-2.294534709,-1.88617599,1.904283593,-4.002414031,-0.936955588,-2.801915423,0.798328053,-2.348739926,-6.426734307,-0.827308425,1.732381758,0.370040521,0.746159905,0.550802012,-0.034882342,-0.567608404,-0.528317953,0.258782457,0.506892695,0.176735549,7.57,1
82289.0,-1.464896548,1.975527527,-1.077144539,2.81919064,0.069850228,-0.78904363,-1.196101449,0.673654375,-1.363723876,-2.932895258,0.30136883,-3.246141437,-0.465640148,-5.429361879,-1.304982916,-0.953623443,-2.727343001,-0.636436919,-0.927124073,0.0489688,0.174099466,-0.27250529,-0.03154945,-0.40616593,0.15776898,-0.10439292,0.07379556,-0.041570252,1.0,1
83934.0,-0.433222447,2.428379118,-3.996454397,4.871298541,-1.796307856,-0.58686759,-4.654542618,1.285229671,-2.743538816,-5.638941313,4.343743498,-6.65573447,-0.293108663,-9.505140826,-1.396149059,-4.850323159,-10.00625283,-2.789598112,0.982583859,0.74502933,0.713558822,-0.408953596,-0.320889532,-0.804230275,0.962851576,0.199558011,1.094533182,0.541147568,1.0,1
84204.0,-0.937843305,3.46288949,-6.445103954,4.932198666,-2.23398307,-2.291561121,-5.695593929,1.338824634,-4.322376553,-8.099119398,7.182967009,-9.445943382,-0.314619968,-12.99146558,-0.136358932,-6.367524375,-12.73439389,-3.845129659,1.00766726,1.129532281,1.066550249,-0.521657289,-0.319917293,-0.405859088,0.90680216,1.16578389,1.374495332,0.729889342,0.0,1
84204.0,-1.92745282,1.827620567,-7.019494685,5.34830324,-2.73918788,-2.107219296,-5.015847976,1.20586816,-4.382712509,-8.337706974,7.190306089,-9.42484446,-0.223292646,-12.87549422,-0.071918161,-6.299961398,-12.71920716,-3.740176156,0.84405961,2.172709056,1.376938323,-0.792016726,-0.771414188,-0.379574272,0.718716522,1.111151256,1.277707257,0.819081152,512.25,1
84694.0,-4.868108438,1.264419774,-5.167885427,3.193647845,-3.045621377,-2.096166099,-6.445610183,2.422535592,-3.214055416,-8.745972612,5.416041909,-8.164125077,-0.165010607,-10.19353036,-1.89521031,-7.360474609,-14.66877108,-4.877119005,1.385609528,0.66730978,1.269205389,0.057657252,0.6293074,-0.168431774,0.443743902,0.276539472,1.441273968,-0.127943726,12.31,1
84789.0,-1.430863728,-0.802528699,1.1233203,0.389760265,-0.281213534,-0.055123492,1.326232489,0.195699815,-0.54688955,-0.713473761,1.274629078,0.023682135,-1.521696108,0.727242086,0.166504662,0.348037592,-0.566390083,0.216016102,-1.140375643,0.63418429,0.32557547,0.014001845,0.844946016,0.114962885,0.156364811,-0.619437447,-0.120351073,0.035594173,354.33,1
85181.0,-3.003459422,2.09615031,-0.487030348,3.06945316,-1.774328684,0.25180421,-4.328776495,-2.425478144,-0.985222034,-3.995210734,1.880601553,-2.325179128,0.636458663,-5.417499345,-0.262909465,-3.818085664,-3.700707026,-1.991412078,0.779950535,0.692537381,0.163966694,1.245648321,-0.26924134,0.537102119,-0.220756683,-0.059554773,0.460709677,-0.033550607,2.0,1
85285.0,-7.030308144,3.421990905,-9.525071773,5.270891009,-4.024630276,-2.865681618,-6.989194734,3.791550938,-4.622730336,-8.409664876,6.309044006,-8.576761433,0.246746717,-11.53404602,-0.364265139,-5.452494658,-11.88757002,-3.56358481,0.876018768,0.545698041,1.103397745,-0.541854752,0.036943222,-0.355519004,0.353634382,1.042457993,1.359515632,-0.272188101,0.0,1
85285.0,-6.713406972,3.921104152,-9.746678217,5.148262549,-5.15156272,-2.099388657,-5.937766832,3.578779604,-4.684951751,-8.537757687,6.348979303,-8.681608932,0.251179385,-11.60800226,-0.351568782,-5.363566433,-11.93909151,-3.58360287,0.897402406,0.135711323,0.954272202,-0.451086449,0.127214424,-0.339449869,0.394095514,1.075295099,1.649905909,-0.394905372,252.92,1
85573.0,-1.756711851,3.266574254,-4.153387897,3.924525614,-1.753771843,-1.005786779,-4.313217176,1.560711903,-3.295673668,-6.213355249,4.522991975,-6.652844053,-0.124685234,-8.604486202,0.110359315,-5.945480612,-9.338937794,-2.390192588,3.184152356,0.874720103,0.911427442,0.053061281,-0.367700954,-0.776337756,0.292093831,0.025999714,1.0629682,0.501148168,1.0,1
85576.0,-2.207630918,3.259076104,-5.43636547,3.684737394,-3.06640091,-0.671323195,-3.696178394,1.822272458,-3.049652728,-6.353887252,4.351481497,-6.45324733,-0.061431937,-8.442872857,-0.32882064,-5.440795183,-9.518037892,-2.438068618,2.33675362,0.80833636,0.920899034,0.037674509,0.026753978,-0.791488824,0.176492777,-0.136312279,1.087584824,0.373833529,240.77,1
85864.0,-3.365264919,2.928541107,-5.660999199,3.891159928,-1.84037511,-1.800887204,-5.558679353,2.402321683,-2.848922721,-5.995676127,4.221304108,-6.119667353,0.023013571,-8.149321784,-0.301351931,-5.375282893,-9.315001385,-2.487562569,2.355918912,0.576379465,0.875260063,-0.102501391,-0.606282749,-0.743164794,0.096318936,-0.135060497,1.23869473,0.099823756,1.0,1
85867.0,-3.586963862,2.609127038,-5.568577208,3.631946953,-4.543589711,-0.157899075,-4.089127668,2.417305144,-3.239900975,-5.822449156,3.369186052,-5.691925786,0.287371391,-5.413786691,-0.555549925,-5.863661713,-11.14324102,-3.480939553,2.794333404,-0.178533964,1.024422834,0.428756482,0.182032121,-0.534597883,0.168933495,-0.149843614,0.685517241,-0.299728379,310.42,1
86376.0,-0.67023813,0.945206352,0.610050626,2.640065087,-2.707774626,1.952610561,-1.624608199,-5.229907862,0.210202028,-2.06990439,-0.529805728,0.999716276,-0.086112024,-1.50855714,-0.450669492,-0.328387383,2.270271178,0.709666018,0.913175997,1.474928757,-2.504450187,1.436472378,0.351542386,0.648466904,0.579681417,0.075737593,0.346717084,0.282208626,323.77,1
87202.0,-0.419820174,-1.155978008,-2.092515502,2.78675033,0.736296592,-0.167291966,1.600027463,-0.117426851,-0.796953814,-0.133950251,1.033032012,-0.284367998,-1.20827981,-0.429211904,0.24894536,-0.92892153,1.679985519,1.315338866,2.226160656,1.275358027,0.480639718,0.533516931,1.284645406,0.51613127,-0.6029411,-0.30502369,-0.021363145,0.129096386,451.27,1
87883.0,-1.360292634,-0.45806897,-0.700403918,2.737229172,-1.005105974,2.891399364,5.802537353,-1.933197352,-1.017717143,1.987861863,0.504116141,-0.863430853,-0.184450076,-1.016915535,-1.559410198,1.154312686,-2.043857668,-0.151698807,-0.943513535,-1.493401375,-0.936989532,-0.053811586,0.580105894,0.216927302,0.15164293,-0.332114569,-0.469800302,-1.495005897,829.41,1
88672.0,-3.859880787,2.632881312,-5.26426531,3.446113147,-0.675231057,-1.904959454,-3.291040869,-0.985766041,-1.168114167,-3.93629417,4.256564487,-6.600654481,0.005626376,-9.958530919,2.471357904,-5.70014142,-6.388092738,-1.838159301,2.993173507,-0.178626358,1.664119015,0.785075272,0.068412486,0.778960916,-0.86316592,-0.006809614,-1.06573404,1.773326446,1.18,1
88737.0,1.917826531,0.951966571,-2.059205513,3.833997712,1.668192191,0.769825697,0.232463057,0.107940567,-1.143645689,0.541699243,0.30197723,0.257697091,0.709147652,-2.420715975,-1.997740181,1.50669615,0.799832475,1.162764262,-1.150627357,-0.115922318,0.015255354,0.239994342,-0.111915985,-0.38057589,0.370994789,0.189116547,-0.005823281,-0.012105091,9.21,1
90676.0,-2.40558049,3.738234965,-2.317843041,1.367442441,0.394001128,1.919937985,-3.106942048,-10.76440253,3.35352486,0.369936028,0.382172177,-2.262932535,1.210604583,-1.880618705,-0.934160416,0.235476804,3.321569311,1.90627083,-0.581355691,-2.140873823,10.00599801,-2.454964095,1.684956947,0.118263083,-1.531380112,-0.695307571,-0.152501562,-0.138866256,6.99,1
91075.0,-1.855060702,1.554963607,-1.405808829,0.669327346,-0.28022952,1.178652467,-3.459979066,-2.815154953,1.242228765,-4.15635448,2.209440752,-5.122314109,0.661297106,-3.10393772,-2.410869732,-2.425015632,-3.960622689,-0.125017788,0.600397288,0.536916458,-0.095308307,0.946628918,-0.297402959,-0.368343891,0.198731156,-0.078590592,0.366709356,0.073766717,38.76,1
91407.0,-3.951208507,2.881805182,-6.421490295,2.434181424,-1.327324538,-2.122105987,-3.22753333,-0.685560476,0.775985125,-4.723091746,4.921657447,-8.752770087,1.520197742,-8.552022732,0.351975958,-4.534029753,-6.465408634,-1.890309979,0.174840186,-0.669351429,1.410478565,0.279402821,0.570821171,0.656271015,-0.298600549,-0.407571359,-1.37870253,1.379130292,52.69,1
91502.0,0.007379075,2.365182529,-2.600287382,1.111601765,3.276441326,-1.776140785,2.114530881,-0.830084107,0.900489974,-3.376177067,2.05681206,-3.98425673,1.021967913,-5.967904969,-1.151608315,1.679739601,5.586114687,2.789131156,-2.241074853,-0.006388497,-0.563944162,-0.902099515,-0.404382449,-0.012943901,0.589836155,-0.734449052,-0.447529183,-0.362374775,1.0,1
91524.0,1.954851738,1.630056303,-4.337199681,2.378367292,2.113347861,-1.583850667,0.653745453,-0.192892012,1.217608255,-2.829098205,3.504567793,-3.91819988,-1.01579193,-4.704508705,-0.968553076,1.854771917,6.024396767,3.531250335,-1.196284776,-0.230640095,-0.474437305,-0.974624666,-0.048154504,-0.023524268,0.362192024,-0.570709267,0.02561872,0.081880389,1.0,1
91554.0,-5.100255663,3.63344238,-3.843918624,0.183208447,-1.183997376,1.602139333,-3.005953152,-8.645037802,1.285458107,-3.717481375,3.719211539,-5.034029747,0.918999158,-4.220365918,-1.050499957,-1.691045268,-2.372423207,0.450098503,0.407805061,-2.806301923,8.280439326,-2.797149541,1.090706593,-0.159259597,0.532156369,-0.497125808,0.943621625,0.553580692,261.22,1
92092.0,-1.108478219,3.448952572,-6.216971806,3.021051618,-0.529900932,-2.551375175,-2.001742908,1.092432374,-0.836098369,-4.095648973,2.425950716,-6.067261945,1.83243272,-3.501702516,-1.004008205,-3.501281103,-2.941876324,-1.125741062,0.373714808,-0.068598381,0.825951491,1.14416979,0.208559482,-0.295497424,-0.690232196,-0.364749076,0.22932722,0.208829892,18.0,1
92102.0,-1.66293711,3.253892424,-7.040484712,2.26645648,-4.177648913,-0.746924828,-0.248336733,1.091156516,-0.307137451,-5.567947051,2.712739404,-5.948403127,2.144726055,-4.211755924,-0.137195539,-2.63940914,-2.532355406,-0.667067027,0.626059293,-0.842178337,0.450381285,0.52116153,0.308325446,-0.318011841,-1.25536157,-0.691963404,0.264878381,-0.130444804,600.73,1
93742.0,-3.291125093,4.401194152,-8.394211623,4.453579569,-4.790054518,-4.240182082,-9.219000996,1.974029957,-2.912942709,-13.54016824,9.41303954,-18.04759657,-0.728186554,-15.39304483,0.349485049,-13.30388758,-21.29790578,-7.262310795,2.27422551,1.490869142,2.102343468,0.597370315,-0.328086184,0.445752402,0.585280581,-0.399005422,2.116004442,1.050743804,1.0,1
93823.0,-3.821938801,5.667247309,-9.244963458,8.246146934,-4.368286087,-3.450734518,-8.427378029,2.305608505,-5.338079184,-12.01116088,8.621255081,-18.68371463,-0.962073428,-15.29765619,-2.414132123,-12.10560225,-21.33819509,-8.045435716,0.156015033,1.115246889,1.990519705,0.083353322,-0.062263553,0.390187802,0.329883884,0.098017083,1.869570163,1.000849563,75.86,1
93824.0,-3.632808949,5.437263362,-9.136521481,10.30722631,-5.421830295,-2.864815149,-10.63408762,3.01812658,-4.891640321,-11.23504791,8.788783667,-18.55369701,-0.339533408,-15.62318733,-0.188978574,-12.42796136,-20.15904745,-6.888891093,2.586093217,1.354064795,2.309880169,0.978660126,-0.096130144,0.432376723,-0.43562793,0.650892786,1.693607508,0.857685372,8.54,1
93834.0,-3.765680122,5.890735238,-10.20226763,10.25903598,-5.611448417,-3.235375579,-10.63268348,3.272716326,-5.268905243,-11.18212545,8.879475668,-18.43113103,-0.232822028,-15.0216573,0.141186253,-12.1863625,-20.16556738,-7.051651353,2.500827208,1.194137321,2.245605934,0.546320675,0.381853428,0.382024544,-0.821036495,0.39435512,1.412960993,0.782407054,0.01,1
93853.0,-6.185857478,7.102984922,-13.03045526,8.010823398,-7.885237361,-3.974549994,-12.22960778,4.971231702,-4.248307013,-12.9654812,8.688307992,-17.18291843,0.069576915,-14.11615601,0.959031717,-12.37533374,-18.71676451,-6.522014573,3.51795494,0.483930108,2.50277241,0.48169129,0.480957978,0.360318639,-0.293354296,-0.199193158,-0.203917328,0.398927186,44.9,1
93853.0,-5.839191619,7.151532354,-12.81676008,7.031114765,-9.651272168,-2.938427258,-11.54320717,4.843626532,-3.494275725,-13.32078887,8.460244449,-17.00328945,0.101556615,-14.09445166,0.747030766,-12.66169572,-18.91249382,-6.626974845,4.008920742,0.055683881,2.462055911,1.054865184,0.530480596,0.472669814,-0.275997968,0.282435025,0.10488602,0.254417097,316.06,1
93856.0,-6.750508516,5.367416051,-10.05463495,9.064477918,-7.968118084,-2.263798414,-10.31756618,4.237665731,-5.324108806,-11.09239237,7.154082842,-17.15040525,-0.095399228,-11.03011036,-1.959054555,-12.44856234,-22.66790541,-9.264608733,1.982356317,-0.081219892,1.909032018,-0.348739731,0.425000563,0.67490867,-0.784208393,-0.247422103,1.159581374,0.197817875,209.65,1
93860.0,-10.85028159,6.727465688,-16.76058341,8.425831679,-10.25269687,-4.192171044,-14.07708601,7.168287933,-3.683242174,-15.23996196,8.030708408,-16.06030576,0.270529742,-14.95298104,-0.241094884,-11.86673064,-15.48698992,-5.748651557,4.130031427,-0.646818273,2.541636947,0.135534921,-1.023966892,0.406264526,0.106592779,-0.026232389,-1.464630024,-0.41168182,78.0,1
93860.0,-10.63237491,7.251936229,-17.68107182,8.204144406,-10.16659075,-4.51034377,-12.98160616,6.783588798,-4.659329584,-14.92465477,8.389142335,-16.46550394,0.33851696,-14.2244036,0.556584473,-11.68399804,-15.84161598,-5.753199753,3.813040793,-0.810146482,2.715357044,0.69560269,-1.138122067,0.459442242,0.386337323,0.522438449,-1.416603737,-0.488307036,188.52,1
93879.0,-13.08651942,7.352148339,-18.25657611,10.64850545,-11.73147645,-3.659167406,-14.87365796,8.810472675,-5.418204072,-13.20257715,6.357227363,-15.53161118,0.659694875,-11.4123296,-2.447576074,-9.833743021,-18.17461743,-7.269904593,0.623796612,-1.376298409,2.761157059,-0.26616181,-0.412860725,0.519952216,-0.74390896,-0.167808225,-2.498300252,-0.711066152,30.31,1
93879.0,-12.83363142,7.508789806,-20.49195221,7.465779992,-11.57530371,-5.140999477,-14.0205637,8.332120471,-4.337712531,-15.56379134,7.610819788,-15.59232322,0.504789055,-13.2478886,-0.79652603,-10.34232836,-16.04452434,-5.882135938,1.573697896,-1.378923224,2.966842404,0.615344322,-0.766494757,0.431261005,-0.104974995,-0.010091327,-2.40081135,-0.7205566,104.03,1
93888.0,-10.04063146,6.139182715,-12.97297189,7.740555445,-8.684704528,-3.837429167,-11.9077019,5.833273001,-5.731054244,-12.43894491,6.989885613,-16.21861039,0.253303366,-8.728645065,-0.147529091,-14.12985452,-20.68502755,-8.484449057,4.851255137,-0.082275225,2.823431432,1.153005013,-0.56734285,0.843011622,0.549937645,0.113891876,-0.307375,0.061630641,1.0,1
93897.0,-10.30081976,6.483094588,-15.07636272,6.554191153,-8.880251722,-4.47167242,-14.9006886,3.840170238,-4.358441422,-14.53316169,7.58874088,-15.83571881,0.135035383,-11.56700592,-0.077026912,-11.46742974,-19.17299636,-6.969856384,2.211755833,0.113244363,1.508748425,1.041642099,-0.682789603,0.573543946,-1.602388974,-0.393520821,-0.468892516,0.10592016,1.0,1
93904.0,-11.32063311,7.191950143,-13.17908255,9.099551882,-10.09474888,-2.44011507,-14.1843373,4.452502934,-6.241960003,-12.61816269,6.057319305,-15.71760665,0.11781741,-8.653743357,-2.502553776,-11.23136445,-21.58515214,-9.090892061,1.171188733,-0.180934725,1.082235328,-0.3505625,0.483043946,0.661132921,-0.396521512,-0.413315388,-0.997547798,-0.235035883,37.93,1
93920.0,-12.38104821,8.213022153,-16.96252965,7.116090598,-9.772826359,-3.666835648,-16.14736337,2.078705953,-4.250656834,-16.74604411,7.425800963,-15.5648376,-0.42633842,-14.02953767,-1.68188923,-11.13376098,-15.83358888,-5.748532938,2.271081507,0.5377949,0.167703335,1.503413334,-0.767755382,0.371951476,-1.415639479,-0.51702216,-0.434620523,0.292721057,97.0,1
93965.0,-11.39772672,7.763953046,-18.57230746,6.711855252,-10.1742156,-4.395918331,-15.89378824,2.083012582,-4.98883718,-15.34609885,7.093182073,-14.97975476,-0.148288045,-9.935679582,-1.16199939,-11.64683383,-18.38385246,-7.402730804,1.94169681,0.20887913,0.339007373,1.342922614,0.239217367,0.534644166,-0.174964906,-0.500240427,-1.722060267,-0.574339363,11.4,1
94141.0,-13.51207372,8.215176737,-16.58260573,6.20736889,-11.31847152,-2.997206988,-17.64047041,0.040349075,-5.620232189,-15.12375218,5.934657343,-14.17503016,-0.169044492,-6.552553684,-1.570007233,-12.17255302,-20.16454223,-8.668815197,2.550870344,0.694574465,-0.907905601,1.514028276,-0.141879203,0.789185966,-0.031342768,-0.255056582,-1.865830889,-0.442204312,45.48,1
94362.0,-26.45774465,16.4974719,-30.17731746,8.904156771,-17.89259969,-1.227903881,-31.19732855,-11.43892041,-9.462572605,-22.18708856,4.419996602,-10.59230501,-0.703795804,-3.926207316,-2.400246492,-6.80988994,-12.46231495,-5.501050784,-0.567939573,2.812241109,-8.755698321,3.460893345,0.896537504,0.254835537,-0.738096559,-0.966564234,-7.263482146,-1.324884307,1.0,1
94364.0,-15.19206401,10.43252768,-19.62951525,8.046075046,-12.83816662,-1.875858746,-21.35973828,-3.717849527,-5.969781749,-17.14151364,5.902399755,-13.58014726,-0.451406899,-8.334762587,-2.025144687,-10.19633369,-17.27098517,-7.079095779,1.517695331,1.657476184,-3.474096503,1.765445513,1.701256782,0.381586805,-1.413417487,-1.023077894,-2.634761292,-0.463930546,1.0,1
94625.0,1.707856937,0.024880791,-0.488140039,3.787548155,1.139451485,2.914672622,-0.743357878,0.699135879,1.008470647,0.912806096,0.765354142,-2.043868387,1.001547339,1.322887254,-2.720076962,-0.153429555,0.752610596,-0.755785824,-1.912562634,-0.368014255,0.010865192,0.548257832,0.091218295,-1.00795946,-0.082182818,0.179709189,0.007737719,-0.06884131,33.76,1
94952.0,0.842025259,-0.365518406,-2.464063331,4.820885964,0.775505434,-0.614784605,1.3680244,-0.526261742,-0.121356447,-0.357616193,0.637766685,-2.81888227,2.360595414,-1.10869894,-1.449951095,1.573739874,2.202651544,0.800471467,-2.103582903,0.944915098,-0.110621879,-1.257800026,-0.324418363,-0.420020001,-0.219501078,-0.268872636,-0.144582319,0.10446406,571.48,1
95559.0,-16.30865006,11.61480054,-19.7393863,10.46386628,-12.59914566,-1.202393318,-23.38050782,-5.781133005,-7.811022382,-16.30353766,5.573625273,-13.63521612,-0.483236244,-7.352792243,-2.392684189,-8.728142394,-17.59885355,-7.455956329,0.169740706,2.106033871,-4.884982624,1.140910436,1.392952631,0.348996605,-2.167509751,-0.798753538,-2.942775073,-0.462679619,1.63,1
95628.0,-17.51890913,12.57211785,-19.03853832,11.19089466,-13.55472071,-0.411923613,-23.18939651,-5.301412218,-8.630390306,-16.25561175,5.70211148,-13.81240409,-0.306815323,-7.013607372,-1.182290354,-9.360179193,-16.66836938,-7.147467777,2.162098646,2.52851233,-4.969477722,0.976124822,1.841247934,0.334417748,-0.720128461,-0.232603423,-3.021992473,-0.478158235,1.63,1
96135.0,-1.952932626,3.541385243,-1.310561408,5.955663594,-1.003992663,0.983049268,-4.587234602,-4.892183603,-2.516752033,-2.850323902,2.024674081,-6.487746413,2.3764626,-2.241516346,-0.566869735,-3.936856918,-6.127193572,-2.328551961,1.562129552,1.965029783,-1.998091228,1.133706234,-0.041460872,-0.215378738,-0.865598577,0.212544577,0.532896738,0.357891633,18.96,1
96291.0,-3.55217282,5.426460546,-3.73181032,6.679061807,-2.187543379,2.433940238,-8.748110359,-12.1082841,-2.856358514,-5.665861799,2.540835532,-6.147053583,1.796890642,-4.328988995,-0.150037375,-1.839004665,-3.354638141,-0.282307261,0.148592394,3.792666727,-5.688990272,2.510979556,0.953932862,-0.542506228,-0.620152016,0.406012867,0.023025163,0.164740606,33.59,1
96717.0,-3.705855946,4.107873186,-3.803655995,1.710314448,-3.582466046,1.46972894,-9.621560127,-11.91310469,-0.322296771,-6.625692494,2.175230306,-4.381077558,2.063298709,-0.673818453,1.400763217,-4.25492662,-5.160213016,-1.302525916,2.594452761,3.639602741,-5.49877168,2.941475403,0.916235853,-0.25550448,-0.183834839,-0.584538952,-0.31548357,-0.097222812,1.0,1
97121.0,-17.97626605,12.86498856,-19.57506619,11.34511982,-13.9986456,-0.354899961,-23.78346988,-4.872353406,-8.504284794,-16.60119697,5.569258175,-13.93224875,-0.204854827,-7.581023247,-1.01361239,-9.014813281,-16.09203206,-6.050147663,1.661029359,2.41992113,-4.300431866,2.86577186,1.489302015,0.386039289,-0.232391836,0.413826703,-3.255980906,-0.538963227,8.64,1
97235.0,-17.53759168,12.35251867,-20.13461281,11.12277143,-14.57108014,-0.381622313,-23.92866103,-4.724921033,-8.603038097,-15.23183337,4.41705461,-12.89352021,-0.109628456,-3.547229894,-2.177823998,-10.40206833,-18.37201912,-8.314092312,2.435823486,1.925102596,-4.352213131,2.389040921,2.019127926,0.62719187,-1.085997212,-0.071803236,-3.838197904,-0.802564461,9.82,1
100223.0,-19.64185673,14.70633467,-22.80123769,12.11467184,-14.89811253,0.840777704,-28.01129291,-11.91963882,-8.9609217,-18.91324333,4.971248707,-12.68630752,-1.071443113,-7.38337004,-2.992430299,-8.58230865,-13.80656813,-6.000358798,1.422631613,3.834649048,-8.228874098,3.31817777,2.585212346,0.195008569,-1.19480304,0.03842294,-4.126746252,-0.645329219,2.28,1
100298.0,-22.34188889,15.53613332,-22.8652285,7.043373548,-14.18312919,-0.46314488,-28.21511205,-14.60779052,-9.481456334,-20.94919155,4.739582471,-11.92495469,-1.501411026,-3.836781466,-2.720328838,-8.880105672,-15.82513629,-6.750425224,-0.129188144,4.100019048,-9.110422576,4.15889482,1.412928445,0.382800674,0.447153953,-0.632816336,-4.380154259,-0.467862869,1.0,1
100501.0,-6.985267486,5.151093569,-4.599337773,4.534478601,0.849053979,-0.210701203,-4.425229685,-5.134525156,0.069320573,-0.870997151,5.200815169,-7.80222779,0.033912418,-7.560131972,-1.014651935,-1.507929601,-3.410274568,0.107544007,-1.375517656,-1.246996319,5.453671853,-2.056177144,-0.280333721,0.120771473,0.569357721,0.145971466,0.300193469,1.779363852,0.76,1
100924.0,-23.98474665,16.69783169,-22.20987482,9.58496862,-16.23043879,2.596332658,-33.23932817,-21.56003945,-10.84252587,-19.83614885,3.223232703,-10.89513351,-1.523452403,0.116303256,-3.098805327,-7.606424575,-18.10826102,-7.511866158,-1.243285157,5.804550661,-12.61502286,5.774087269,2.75022145,0.5134111,-1.608803804,-0.459624388,-4.626126608,-0.334560721,1.0,1
101051.0,-1.465315756,-1.093376878,-0.059767848,1.064784635,11.0950886,-5.430971283,-9.378025171,-0.44645614,1.992109614,1.785921772,1.368584534,-1.471696588,-0.724758846,3.442421996,-0.957403225,-1.626129419,1.418214959,-1.417916828,-1.651766181,-1.457610214,1.160623288,-1.259696808,-15.98164919,-0.883669935,-3.536716232,-0.592964888,0.675524833,0.424849352,0.92,1
101313.0,-25.82598215,19.16723901,-25.39022931,11.12543471,-16.68264392,3.93369943,-37.06031146,-28.75979893,-11.12662352,-23.22825484,3.78597705,-10.52249401,-2.657496364,-3.792795436,-4.498944677,-6.557873102,-12.8672448,-5.804590475,-1.254465345,7.907378127,-16.92201578,5.703684008,3.510018841,0.054330227,-0.671983312,-0.209431359,-4.950021864,-0.448412771,2.28,1
101597.0,0.913116135,1.145381087,-4.602877933,2.091803374,-0.473223859,-2.085435833,-1.671244032,0.094396586,0.337798765,-4.431809632,4.87197986,-5.395221177,1.332502156,-4.603796692,-0.777313548,-2.571891561,-3.003615305,-0.225441388,0.252273565,0.508984748,0.401415741,-0.084933416,-0.197684434,-0.283271079,0.387597336,-0.553526986,0.516274457,0.270828187,147.87,1
102114.0,-28.25505289,21.46720299,-26.87133878,11.73743614,-17.99963029,6.065901352,-41.50679608,-38.98726274,-13.43406632,-24.40318497,3.40932262,-9.608267356,-3.076317968,0.240060358,-2.836676932,-6.594756992,-12.95753099,-5.61352195,-0.248828402,10.44071798,-21.45373628,8.361985192,4.909111121,0.098327945,-1.508739121,0.00871129,-5.407823639,-0.183811045,0.0,1
102318.0,-1.020631666,1.496959122,-4.490937118,1.836727058,0.627318468,-2.73556861,-1.546273642,0.459821576,-0.682741406,-4.363102193,4.28702088,-5.403768357,1.260262309,-3.087742907,-1.317488063,-3.537056284,-3.172027522,-0.529885085,1.01162645,0.443488532,0.773630966,0.860618181,-0.304666448,-0.155499583,0.412166291,-0.220079647,0.392337584,-0.020089487,22.04,1
102480.0,-1.929596927,4.066413278,-4.86518401,5.898602293,-0.552492585,-1.555962453,-3.833623441,0.679511649,-3.463765491,-6.683689229,7.021277748,-11.10249338,1.711755074,-10.44763294,-2.799076159,-6.26174085,-11.64715777,-3.451436142,-0.507536514,0.942488942,1.137211647,0.674245235,-0.531765489,-0.433409351,0.378658562,0.198107291,0.869694412,0.228047852,0.0,1
102489.0,-2.296987499,4.064043342,-5.957706345,4.680008064,-2.0809376,-1.46327216,-4.490846869,1.029246283,-1.593249251,-8.993810884,7.8644674,-10.64983965,1.826591016,-12.91363174,-0.766330315,-7.954097709,-7.8096351,-1.718511172,3.832985142,1.264953797,1.089084184,0.97539781,-0.625530334,-0.535180928,0.247435029,0.160399508,0.969581605,0.335041294,104.0,1
102542.0,-1.456876318,3.740305561,-7.404518446,7.440964036,-1.549877953,-1.661696862,-5.757213014,1.615011011,-2.194880726,-6.807135251,6.825793162,-10.39974912,1.83644884,-11.8728451,-3.642392598,-6.044103144,-9.750776387,-3.116372254,0.065317149,0.529557331,0.957897452,0.14533948,-0.044703901,-0.544961671,-0.757756536,-0.005352369,0.318152286,-0.323553623,2.28,1
102572.0,-28.70922925,22.05772899,-27.85581113,11.84501291,-18.98381258,6.474114627,-43.55724157,-41.04426092,-13.32015469,-24.58826244,3.481951803,-9.128341286,-3.008255478,0.796579962,-2.102298521,-5.660366441,-13.03278496,-5.392349174,-0.901040818,11.05900429,-22.79760391,8.316275439,5.466229954,0.02385423,-1.527144723,-0.145225187,-5.68233824,-0.439133675,0.01,1
102619.0,-2.488362885,4.359019108,-7.77640985,5.36402677,-1.823877232,-2.445140136,-4.964220921,1.48489016,-2.947898858,-7.175349722,7.343652109,-10.17899554,2.142150631,-8.983052168,-0.473746033,-8.143342262,-9.7856772,-3.086519505,3.379713336,0.792274684,1.32567239,1.021226205,-0.266476205,-0.370880445,0.365535186,0.081372024,0.184983041,-0.211582456,1.0,1
102622.0,-2.877176426,4.569648565,-9.553068767,4.441079354,-3.653961387,-1.877980853,-3.514353488,1.54760796,-2.50330397,-7.57563438,7.002135774,-9.959193994,2.122072061,-8.884871772,-1.644857478,-7.189926187,-10.44510503,-3.271907538,1.482277435,0.10561511,1.272896344,1.300268449,-0.003950134,-0.360847778,-0.597525998,-0.390901228,0.592196919,-0.241010153,346.94,1
102625.0,-4.221220789,2.871120581,-5.888715887,6.890952075,-3.40489435,-1.154393968,-7.73992801,2.851363301,-2.507568694,-5.110727642,5.350889884,-9.299807227,2.793140357,-6.106551925,-2.106947026,-6.250629215,-13.56632522,-4.192780197,0.510570182,-0.227881506,1.620591246,1.567947009,-0.57800746,-0.059044808,-1.829168819,-0.07242872,0.136734309,-0.599847542,7.59,1
102669.0,-5.60369028,5.222192708,-7.516829977,8.117724276,-2.756857953,-1.574564622,-6.33034325,2.998418881,-4.508166893,-7.334377084,7.188723965,-10.65518091,2.594679861,-10.24285908,-0.191158119,-5.50433407,-8.697777413,-1.934225362,1.958749932,0.227525995,1.242896206,0.428408392,-0.101183595,-0.520199121,-0.176937757,0.461449983,-0.106625181,-0.479661948,0.0,1
102671.0,-4.991757794,5.213339823,-9.111326298,8.431986352,-3.435515672,-1.827565102,-7.114302844,3.431206631,-3.87564287,-6.868508507,7.15062517,-10.26298404,2.733084936,-10.12752478,-0.262783621,-5.190271038,-8.65571104,-2.024443474,1.56047928,0.098132192,1.189422839,0.247858476,0.29444833,-0.548503502,-0.174616567,0.406702503,-0.402339273,-0.882885795,0.0,1
102676.0,-5.552122171,5.678133913,-9.77552798,8.416295394,-4.409843819,-1.506235355,-6.899838797,3.750442897,-3.879792558,-6.86416436,7.05106509,-10.13752919,2.815439815,-9.909168054,-0.262229551,-5.022557177,-8.522974872,-2.012939062,1.525732441,-0.064780137,1.128472231,0.228484047,0.286257667,-0.536294098,-0.104924889,0.420919229,-0.297556885,-0.946184387,119.74,1
103808.0,-4.517343753,2.500223904,-4.013927537,1.189451634,-2.486860636,-1.413475533,-4.245706623,1.265086948,1.16882779,-4.513906605,3.69471124,-6.110443233,-0.110521636,-4.184555281,-0.931034634,-1.614718326,-3.353180182,0.236762037,0.003896022,-1.05616226,1.326944222,0.102998961,0.508166904,-0.278017536,0.139721095,0.064610025,-0.972358289,0.351359561,2.27,1
109297.0,0.745153217,2.809298874,-5.825406357,5.835566426,0.512319881,-0.615622343,-2.916575644,0.776710042,-1.87883185,-4.546935751,4.698795496,-8.507785707,0.718249309,-7.628710147,-2.249578483,-2.558668617,-5.304623663,-0.956938449,-0.585321852,0.402836754,0.28484071,-0.874383479,-0.083995045,-0.651441658,0.454593824,0.050375898,0.756952563,0.383868939,0.0,1
109298.0,-1.00061052,3.346850002,-5.534491171,6.835802039,-0.299803294,0.095951299,-2.440419274,1.286301196,-2.766438283,-4.458007701,4.696533392,-8.76211334,0.985826601,-7.320272022,-1.063840458,-3.371124711,-4.251157868,-0.4300573,1.804013339,1.189813792,0.439756764,-0.694099204,0.299660329,-0.657600628,0.101647559,0.430457439,0.82468545,0.326952273,186.13,1
110087.0,1.934946456,0.650677737,-0.286957049,3.987828091,0.316051835,-0.099449376,-0.021483158,-0.172327299,0.508730035,1.072955206,-0.427567391,-2.777649224,1.637140149,1.571080121,-1.445366818,0.908649625,-0.122016068,-0.104109917,-1.684021634,-0.344452124,-0.173601631,-0.190973582,0.219975571,-0.216596551,-0.136691886,-0.12995365,-0.050076835,-0.051081896,1.0,1
110547.0,-1.532810361,2.232751839,-5.923100075,3.386708412,-0.15344334,-1.419747681,-3.878576339,1.444655862,-1.465542142,-5.208334593,4.546301069,-7.761194032,1.159540322,-5.231611457,-0.171642119,-4.719829498,-4.847991961,-1.134328745,3.527738272,0.520839866,0.632504706,-0.070837951,-0.490291315,-0.359983126,0.050677533,1.095671329,0.471741402,-0.106667141,0.76,1
110552.0,-2.450366625,2.107728661,-5.14066304,1.411303574,-1.690779503,-0.736427203,-3.657946348,1.944905904,-0.788387529,-5.624677134,3.519642345,-7.221590004,1.201728023,-3.811428143,-1.701428022,-3.571408379,-7.311407291,-1.754354607,0.795448868,-0.130438203,0.800538093,0.364616671,0.233607612,-0.282077578,-0.320310973,0.492919989,0.35997645,-0.115471009,80.22,1
110617.0,-1.101035464,-1.674928059,-0.573388196,5.617555666,0.765556413,0.440607081,1.934740475,-1.019787549,-0.193244231,1.78373906,0.606910822,-2.854275428,2.379473046,1.268146617,-0.283619089,-0.482192056,0.811005409,-0.357910685,0.752760922,-0.038314147,-0.412525822,-0.208823119,0.344832725,1.091434732,-0.686512743,0.07580892,0.033864738,-0.83285502,635.1,1
115691.0,-1.550272715,1.088688502,-2.393387662,1.008732717,-1.087561887,-1.104602382,-2.670503277,0.147654676,-0.978625549,-3.514133305,3.586042424,-4.053357848,0.862426025,-5.765823022,-0.50751103,-4.921865144,-9.56726769,-2.772974111,1.717095268,0.327490457,0.802316031,1.037104789,0.09581542,-0.320190913,-0.080730631,0.091011687,0.024928493,-0.077819979,17.06,1
116067.0,0.949240655,1.333519013,-4.855402014,1.835005883,-1.053245292,-2.56282607,-2.286985626,0.26090649,-0.895365546,-4.542612038,2.453710378,-4.925198695,-1.200411971,-6.424372113,1.014897491,-3.129421322,-5.147038783,-1.815436529,0.520496923,0.424608329,0.30659817,-0.854626652,0.101176996,-0.28149741,0.024443939,-0.107944112,0.62528855,0.315677391,65.0,1
118532.0,-5.961457252,5.31338186,-6.674320456,6.028974991,-1.387559928,0.670638452,-4.128987489,-4.76589379,-1.005259171,0.45350506,4.431736337,-5.142736603,-1.181692066,-8.755449133,1.004355688,-2.065025612,-3.26143516,0.12522332,0.936966155,-1.116580921,5.556642391,-1.501807658,1.355172444,0.141093214,0.077913411,0.47398834,0.28712879,1.468653419,105.89,1
118603.0,-6.677211625,5.529299201,-7.193274565,6.08132108,-1.636070971,0.500609583,-4.640770208,-4.339839696,-0.950036405,0.566679814,4.315075916,-4.9382836,-1.105709737,-8.490812622,1.003625746,-1.949123261,-3.09301269,0.124087075,0.886746966,-1.118686755,5.563300664,-1.608271961,0.965321596,0.163717979,0.047530871,0.466164783,0.278546743,1.471988117,105.89,1
121238.0,-2.628921995,2.275636371,-3.745369349,1.226948197,-1.132966495,-1.2563531,-1.752419849,0.281736387,-1.792342972,-4.820779414,4.176097623,-4.61900988,0.742689542,-7.636962888,-0.197887605,-4.140395667,-7.604714832,-1.524505397,1.271321931,0.133106475,0.870729582,1.269472789,-0.265494008,-0.480548611,0.169665131,0.096081057,0.070036273,0.063768365,144.62,1
122608.0,-2.003459531,-7.159041717,-4.050976316,1.309579747,-2.058101588,-0.098620927,2.880082727,-0.727484047,1.460380551,-1.531607982,-1.394328262,-0.220718798,-1.530990431,1.075247654,0.388383209,-0.660655352,0.093320996,0.335742222,0.057551039,3.973217027,1.244286775,-1.015232287,-1.800984866,0.657585627,-0.435617247,-0.894508922,-0.397557387,0.314261714,2125.87,1
123078.0,-1.07381997,0.415616497,-2.273976798,1.536844197,-0.758696869,-1.670380514,-2.377139814,0.090370446,0.004847264,-2.776747144,1.428412545,-4.482678636,-0.709519385,-4.61013844,0.621338169,-4.602712645,-7.524188333,-2.557104122,1.319123629,0.227050621,0.535541842,0.863591564,0.450742516,-0.144227844,-0.205608799,-0.539072773,0.503418438,-0.23780713,11.0,1
123525.0,-5.904920806,4.439911383,-8.631802213,7.788684407,-4.989579801,-1.200143965,-7.67405994,4.125761017,-5.315778023,-4.891156203,4.220418594,-6.408300677,1.328003267,-5.853545071,-0.928337067,-7.085798176,-12.62385611,-4.745223838,2.797891502,-0.505607962,1.77502979,1.266441152,-0.199409589,0.014960003,-1.91e-05,0.544209892,-1.167565813,-1.206354326,45.51,1
125200.0,-0.769171692,1.342212256,-2.171454137,-0.1515133,-0.648374467,-0.973504253,-1.706657654,0.313744517,-1.982301847,-3.158127006,1.341571722,-3.29947237,1.247647374,-6.393372843,-0.053204802,-3.258046341,-3.348896098,0.217330714,-0.917407955,-0.102294252,-0.036122295,-0.753591203,-0.047113397,0.358492768,-0.287406816,0.476505957,0.250530561,0.250987223,40.0,1
125612.0,1.889617914,1.073098534,-1.678017522,4.173268194,1.015515806,-0.009389035,-0.079705604,0.064070822,-0.714516676,0.04222752,-0.408402781,-0.929370066,0.058686317,-3.512845461,-0.164612974,2.069853025,1.733381581,1.580757962,-2.335185376,-0.153570265,0.203727978,0.733795721,-0.036559749,0.334305771,0.147171036,0.279556488,0.031668781,0.035883323,3.22,1
125658.0,0.224414467,2.994498576,-3.432458196,3.986518932,3.760232949,0.165640146,1.099377709,-0.654557103,-2.435415653,-2.276733073,1.846078517,-1.9611946,-0.851166387,-7.122316384,1.0196049,2.131014672,6.443649145,1.592538191,-3.681903552,-0.200846281,0.491337125,-0.984222623,-0.421979358,-1.048057894,0.72641152,0.268624638,0.283689474,0.419101636,0.0,1
126219.0,-1.141558937,1.927650038,-3.905356149,-0.073942594,-0.044857819,-1.756998959,-1.217416499,0.364563279,-2.770147747,-3.216187718,1.286749257,-3.272704585,1.042215623,-5.748943252,-0.668136527,-3.865975683,-2.70505213,-0.103907181,-0.716811425,-0.25058294,0.102081332,-0.531495912,-0.328740974,0.39309961,0.568434632,0.786604529,-0.146101644,0.076211489,25.0,1
128471.0,0.909123839,1.337657824,-4.484727667,3.245357645,-0.417808776,-0.762118684,-2.506348775,0.694163949,-0.467555884,-4.565260095,3.612645346,-3.171936612,-0.400045819,-8.569454155,-1.614831207,-2.388207562,-2.577464434,0.092678671,0.098242013,0.445573384,0.586829163,0.594077545,-0.252120311,0.325438828,0.562765676,-0.256278185,0.652673807,0.319879228,67.9,1
128519.0,-4.599447002,2.762539943,-4.656529871,5.201403067,-2.470387712,-0.35761793,-3.767188827,0.061466444,-1.836199863,-1.470645258,2.143930633,-5.839736057,0.153011631,-6.177364566,-0.785415654,-4.510522737,-10.34051286,-4.181177553,-0.376135683,-1.000657722,1.581480357,0.26133272,0.621415022,0.994109927,-0.687853106,-0.337531253,-1.612791046,1.231424735,93.35,1
128595.0,-5.313773842,2.664273998,-4.250707018,0.394707095,-0.391383377,0.68352614,-5.133671002,-7.907789892,0.215474665,-2.297734259,1.961480932,-1.944441128,-0.692558965,-4.346347631,-1.726929233,-1.820404772,-3.746489551,-0.880399311,0.267914552,-2.642901847,8.66466243,-2.716382588,0.483559094,0.079234798,0.31106524,0.555544234,0.176740004,0.362906576,1.0,1
128803.0,-2.272472623,2.93522577,-4.871394115,2.419011986,-1.513021771,-0.480624709,-2.126136159,1.883507001,-1.297261684,-5.487424583,2.969240074,-3.055405131,-0.316543682,-7.862808526,-2.202800405,-1.932316475,-2.284748414,0.324787267,-0.183180904,-0.03108531,0.718504288,0.893850158,-0.031631724,0.322912638,-0.058406406,-0.411648851,0.573803016,0.176067285,175.9,1
129095.0,-1.836939805,-1.646764054,-3.381168242,0.473353567,0.074242868,-0.446750698,3.791906549,-1.351045167,0.095185963,-0.084499559,-1.542304868,-0.540534807,-0.272079039,0.712541143,0.234979845,-0.907666066,-0.391051375,-0.034719159,1.084286467,-1.586143697,0.010663477,1.786681373,-0.151178224,-0.582097764,-0.956061536,-0.334368992,0.715600326,0.370449747,720.8,1
129186.0,0.290155158,0.049243132,-0.740523666,2.86546277,1.395293916,-0.535163279,0.14254337,-0.222769707,-1.463690652,1.713537553,-1.127573492,-0.708657346,0.272186077,0.274710292,0.235191952,-0.463552709,0.472995391,-0.447899156,1.790924147,0.247579535,0.337348848,1.018190578,0.303550011,0.83388612,-1.222306097,2.745260672,-0.2204016,0.16823274,7.18,1
129222.0,1.177823792,2.487103395,-5.330608161,5.324546835,1.150243258,-1.281842535,-1.1719942,0.413778202,-2.659840154,-2.971695236,3.619597407,-4.478044065,-2.034184486,-7.772197355,-1.201492749,-0.509866916,-1.304369794,0.495999535,-1.359843893,0.156057239,0.262325117,-0.431790203,-0.092088065,0.145215898,0.45778841,0.167739067,0.451242541,0.26842121,4.87,1
129308.0,0.054682152,1.856499604,-4.075450735,4.10009797,-0.800931346,-0.292501825,-2.317431394,1.189746995,-0.786237924,-3.906745733,2.993488834,-3.61312503,-1.727297129,-7.36463882,-0.343295935,-2.577634726,-0.515302055,1.109107108,2.351151382,0.509558727,0.618247762,0.800932138,0.130016475,0.288945953,-0.366658023,0.030306656,0.431182443,0.110698252,80.9,1
129371.0,1.183931209,3.057250305,-6.161997335,5.543972483,1.61704137,-1.848006038,-1.005508101,0.339936724,-2.959806282,-3.851721665,4.51335526,-4.858311644,-1.765734193,-10.00624343,-0.439394417,0.574874857,0.188469553,1.649223521,-1.796738631,0.252571164,0.109184861,-0.931071823,-0.06417504,-0.00701252,0.345419479,0.064557748,0.476629439,0.323740181,0.0,1
129668.0,0.753356012,2.284987953,-5.164492004,3.831111999,-0.073622492,-1.316595946,-1.855495444,0.831079099,-1.567514145,-3.224559148,3.36955825,-3.468545258,-1.383571068,-6.020578971,0.309601855,-2.61776696,-1.310752382,0.40965991,2.362290776,0.28579226,0.382006846,0.033958045,0.18769685,0.358433466,-0.488933827,-0.258802387,0.296145453,-0.047173666,2.0,1
129741.0,-1.396204326,2.618584398,-6.036770271,3.55245371,1.030091306,-2.950358272,-1.528505745,0.189319001,-1.433554485,-5.569142496,3.277546285,-5.896936563,-1.27710176,-11.22180477,0.326026786,-2.49734111,-1.588335656,0.120289373,0.170143879,0.031794556,0.143176822,-0.390175929,0.356029463,-0.762351549,0.096510341,-0.487861395,0.062654623,-0.240732349,1.0,1
129764.0,-2.434004152,3.225946691,-6.596281631,3.593160524,-1.079452045,-1.739740708,-0.047420092,0.301424476,-1.779433597,-5.836452727,3.249431147,-5.96148766,-1.155175729,-11.00228906,0.588286384,-2.365801464,-1.351900389,0.189498487,0.524007524,-0.280533266,-0.035490726,-0.419177641,0.157435951,-0.714849374,0.468859337,-0.348522318,0.42003648,-0.327642696,362.55,1
129808.0,1.522079865,-0.519429473,-2.58168488,0.774741046,0.206721721,-1.431020118,0.757011225,-0.444418034,0.997921025,-1.429490124,-0.375466189,0.179094864,-0.148448551,-2.135154864,-0.044915694,-0.055332753,1.778696603,0.671832434,-0.002021158,0.361168932,0.019649407,-0.211678285,-0.247451924,-0.279471887,0.239646123,-0.508398143,-0.015551488,0.041880702,276.17,1
131024.0,0.469749517,-1.23755547,-1.767340616,4.833490128,-0.268714559,-0.512759848,1.140148806,-0.341273,-1.046350984,0.085661535,-0.00012118,-0.054380843,0.736191603,-2.306644788,-0.464003364,1.6727228,1.165736541,0.561322707,-2.300797676,1.277315034,0.303905313,-0.647075252,-0.373013646,0.260801138,-0.496566412,-0.245972762,-0.117857669,0.144774181,723.21,1
132086.0,-0.361427839,1.133471917,-2.97136044,-0.283072526,0.371451593,-0.574679962,4.031513441,-0.934397841,-0.768254682,-2.248115174,-0.482409384,-0.690550364,0.181274905,-2.372551798,-0.006868046,0.146399069,1.759314194,1.083039514,-0.391047742,-0.025861622,0.110814637,0.563860613,-0.408436059,-0.880078913,1.408392323,-0.137402363,-0.001249817,-0.182750897,480.72,1
132688.0,0.432554462,1.861373345,-4.310353062,2.448080475,4.574093675,-2.979912075,-2.792379134,-2.719866519,-0.276703666,-2.314747164,2.222960058,-0.407550443,-1.652311539,-5.871438078,-0.427646957,1.679872964,5.540865319,3.207636964,-0.559479811,0.318852892,-1.384476843,-0.348903878,-3.979947881,-0.828156262,-2.419445982,-0.767069607,0.387038911,0.319401535,1.0,1
133184.0,-1.212681701,-2.48482353,-6.397185815,3.670562448,-0.863375061,-1.855854731,1.01773158,-0.544703775,-1.70337805,-3.739659479,1.738124014,-2.844449336,0.765863961,-4.799737135,-0.011335412,-2.693168082,-3.166955158,-1.06780012,-0.559132202,2.908373946,1.396872063,0.092072872,-1.492882499,-0.204227396,0.532510949,-0.293871104,0.21266306,0.431094708,1335.0,1
133731.0,1.176632673,3.141918139,-6.140444836,5.521820589,1.768514889,-1.727185698,-0.93242891,0.292796545,-3.156826558,-3.898240381,4.77672033,-4.15249885,-0.472990803,-10.25885148,-0.533455592,0.458138563,0.167601789,1.404310894,-1.874015263,0.329567973,0.12937163,-0.803020814,-0.074098356,-0.031084405,0.375366225,0.065896784,0.488257739,0.32587163,0.0,1
133958.0,0.523819919,1.531707857,-4.176390134,3.584614831,-1.023954033,-0.502471058,-1.891965557,0.878416852,-1.541942151,-2.64940583,3.211633653,-2.587499314,0.257070951,-4.683806432,0.912636545,-2.695789729,-3.035165847,0.096814869,2.06569197,0.621803835,0.851859435,1.176926955,0.453553281,0.485211207,-0.500686839,-0.10828411,0.269476549,-0.063245464,130.21,1
134766.0,-0.079652537,3.222010462,-3.724201389,6.037345128,0.583394746,-0.69134618,-1.799884833,-2.627781284,-4.001337863,-2.271525784,1.513898179,-3.682943464,0.185830426,-4.692787638,0.247495675,-2.681881051,-2.286144679,-1.048844903,0.9948295,1.198537285,-0.664694295,1.138556446,-0.350753364,-0.287467301,0.808889023,0.823961705,0.668496566,0.595609829,1.0,1
134769.0,-0.967767137,2.098018632,-5.222929466,6.514573243,-4.187674068,2.11417835,0.948701404,-2.448426895,-3.203666083,-3.074034313,1.051486303,-3.474862967,0.5733713,-5.254253463,-0.326388327,-1.848598114,-2.421535619,-0.833344853,0.952141057,1.14720392,-0.843268389,0.796738518,1.314312347,-0.352886653,-1.77070558,0.098133359,0.956768781,0.162777346,925.31,1
134928.0,1.204934242,3.238069511,-6.010324404,5.720846677,1.548399778,-2.321063516,-0.781880413,0.076619238,-2.976249051,-4.070256863,3.394152086,-4.547742185,-0.063634196,-10.51646521,0.053267384,0.204079529,0.462929331,0.841169059,-2.221383853,0.338160709,0.09834147,-0.84586592,-0.031227769,0.42114641,0.388361412,0.056034744,0.491827823,0.340846686,0.0,1
135095.0,0.232512476,0.93894368,-4.647779879,3.079843688,-1.902655319,-1.04140752,-1.020406645,0.547068603,-1.105990294,-3.520127674,2.074116455,-3.010771738,0.69497769,-5.387831227,1.778669798,-2.935804425,-2.285572708,-0.237055633,1.979747071,1.141615075,0.911372759,1.042928656,0.999393888,0.901260455,-0.452093168,0.192959214,0.180859449,-0.029315338,345.0,1
135102.0,1.862101789,-0.124051888,-1.98975175,0.382608915,0.473031677,-0.674516988,0.298621349,-0.282415726,0.802052525,-0.98943119,-0.491112318,0.90381935,1.366524315,-1.886162307,-0.194861302,0.086836724,0.97854624,0.055603974,0.189130836,0.150726988,-0.204158276,-0.511441056,0.07787415,0.38833512,0.007895728,-0.120979613,-0.019578793,0.006154705,108.51,1
135314.0,-3.158989732,1.765451619,-3.39016805,0.987409979,-1.509930366,-1.280952131,-2.719556967,0.718324817,-1.660183235,-3.841098151,3.28282461,-3.906876946,0.951367704,-4.898183035,-0.551999609,-4.787448417,-9.334329472,-2.580248656,1.501573462,-0.022589863,1.120532789,1.605085186,-0.618637378,-0.251282997,-0.240527822,-0.004326756,-0.235477311,0.018129222,84.28,1
137211.0,0.630578744,1.18363142,-5.066282718,2.179902515,-0.703375741,-0.103614288,-3.490349858,1.094734292,-0.717418481,-5.179934714,2.8670285,-5.259996133,-1.277151422,-6.989272314,0.690009613,-5.49618761,-5.995337236,-3.990514928,-0.167199798,0.357369308,0.621621663,0.043807385,0.102711029,-0.60150487,0.127371353,-0.163009126,0.85379184,0.356503102,39.45,1
138894.0,-1.298443233,1.948100449,-4.509946888,1.305804767,-0.019485927,-0.509237784,-2.643397619,1.283545194,-2.515355703,-4.50131481,2.09307501,-5.418888944,-1.247013712,-3.828268179,0.399050337,-6.366499509,-7.550968092,-4.902766666,0.152892032,0.250415437,1.17803195,1.360988581,-0.27201306,-0.325947896,0.290702673,0.841294588,0.643094249,0.20115575,0.01,1
138942.0,-2.356348172,1.746360464,-6.374623621,1.772205446,-3.439293796,1.457811065,-0.36257708,1.443790916,-1.927358861,-6.564659262,2.450752159,-5.694074283,-1.155469085,-7.132150639,-0.05962781,-4.596576583,-5.522088054,-3.529065598,-0.663370801,0.194809815,0.857941843,0.621203387,0.964816561,-0.619437276,-1.732612752,0.108361135,1.130828164,0.415702789,727.91,1
139107.0,-4.6665001,-3.952320086,0.206093982,5.153524618,5.229468882,0.939039595,-0.63503286,-0.704506474,-0.2347857,4.031435051,0.983646779,-0.578913743,-0.199814214,-0.729706928,1.266713456,-0.842769191,-0.102946074,-0.597597213,1.060154226,-2.28613708,-0.664263126,1.821421635,0.113562782,-0.759673347,-0.502304099,0.630638836,-0.513880223,0.72952585,22.47,1
139117.0,-3.975939258,-1.244938872,-3.70741372,4.544772208,4.050675573,-3.407678617,-5.06311827,1.007041997,-3.190158195,-4.250716511,4.182162368,-4.563674738,1.182502751,-6.964972476,1.115339514,-4.997331655,-6.419538912,-1.18359274,3.569732578,2.109402687,1.059737074,-0.037394796,0.348707143,-0.162929483,0.410530958,-0.123612265,0.877423851,0.66756843,8.3,1
139767.0,0.46799194,1.100118116,-5.607145,2.204713526,-0.578538843,-0.174199761,-3.454201472,1.102822689,-1.065015515,-5.416036889,4.497928973,-5.019609888,-1.019691201,-7.914989007,0.669648023,-4.472014334,-5.85699776,-2.243177904,-0.173814024,0.589574722,0.983480729,0.899876106,-0.285103425,-1.929717104,0.319868526,0.170636428,0.851798306,0.372098282,120.54,1
139816.0,-0.395582181,-0.751792063,-1.984665722,-0.203459371,1.903967176,-1.430288633,-0.076547897,-0.992260382,0.756307219,0.217630454,0.253931337,-0.075707112,-2.215525359,1.065262428,-0.775503008,-0.911031402,-0.223768269,0.768369834,0.477521452,-1.027715896,1.377515322,2.151787056,0.189224817,0.772943278,-0.87244319,-0.20061155,0.356855912,0.032113482,0.69,1
139951.0,-2.921944376,-0.228062381,-5.877288646,2.201883522,-1.935439873,0.631140872,-1.245106342,1.51134802,-1.899986657,-6.42823083,4.229154264,-5.292314146,-0.888086759,-7.672250312,0.547571032,-4.307059802,-5.701174364,-1.772802937,-0.193132206,2.230734872,1.441622275,0.895527949,1.385511128,-2.028024229,0.509130972,0.172642921,0.726781012,0.234513922,723.21,1
140293.0,0.951025219,3.252926365,-5.03910474,4.63241098,3.01450128,-1.349570138,0.980940272,-1.819539456,-2.099048905,-1.347556715,2.68057818,-1.462945176,-0.705397068,-7.445295834,-0.561331522,3.139655659,5.665429068,3.790316212,-1.909798619,-0.381443722,1.404524058,-0.760549175,0.358292342,-1.185941564,-1.286176716,0.000365303,0.169661962,0.108275693,0.77,1
140308.0,-4.861746657,-2.722660325,-4.65624809,2.502004702,-2.008346425,0.615421803,-3.485679585,1.878855544,-1.116267987,-5.112971088,2.945620866,-4.102127411,-0.477202973,-4.350434468,0.000716343,-5.03744941,-8.078010498,-3.457981187,0.59669643,0.285558786,1.138875933,1.03366434,-0.806198897,-1.511046419,-0.191731402,0.08099883,1.215151614,-0.923141609,592.9,1
141320.0,-6.352336911,-2.37033515,-4.875396679,2.335044531,-0.809554897,-0.413647316,-4.082308171,2.239089473,-1.986359505,-5.165330818,2.942939165,-4.125722242,-0.433094395,-3.51813117,0.420777387,-5.104479839,-7.925388998,-3.415706715,0.718332374,0.186898305,1.3252184,1.226744876,-1.485216862,-1.47073226,-0.240053393,0.112972037,0.910590644,-0.650943713,195.66,1
141565.0,0.114965048,0.766761547,-0.494132199,0.116771978,0.868168535,-0.477982006,0.438495665,0.06307334,-0.186207089,-0.159325099,1.200303607,0.281744447,-0.62384403,-0.658246292,-0.155888357,0.056227349,0.653662125,0.334655312,1.028926836,0.06219857,-0.284412899,-0.706865472,0.131404856,0.600742122,-0.604264275,0.262937855,0.099144631,0.010809718,4.49,1
141925.0,0.120301418,1.974141135,-0.434086817,5.3907931,1.289683729,0.280590024,0.221962545,0.067826755,-1.387054053,-0.04512533,0.195839104,-0.629085831,0.681222338,-4.71552124,-0.287876291,0.497433587,3.871617564,1.492394037,0.506039979,0.205691232,-0.038689615,0.204553809,-0.167312971,0.791547134,-0.223675472,0.473223171,-0.160201937,0.065039452,0.76,1
142280.0,-1.169203413,1.863413535,-2.515135481,5.463680646,-0.297971323,1.36491804,0.759218697,-0.118860977,-2.293921422,-0.423783865,2.375875617,-3.244827299,-0.556619005,-5.152474834,0.050906325,-1.022045026,-1.646504846,0.126459753,1.819012764,-0.299374113,-0.39308999,-0.70869235,0.471308703,-0.078616047,-0.544654651,0.014776756,-0.240929959,-0.781055196,324.59,1
142394.0,-3.367769574,0.099249443,-6.148487449,3.401955368,0.458306649,-1.571629715,-1.358707981,0.672409369,-3.188001162,-4.93742666,3.723932534,-4.603176149,1.019179552,-6.6190902,-0.590223956,-4.472547557,-7.165044387,-1.581128191,1.930379709,0.264698704,0.861308008,1.249301388,1.850627159,-0.1174712,1.219815396,0.000250619,1.036011383,0.004366755,320.01,1
142409.0,-1.172182919,1.66171287,-3.049637019,2.555058434,3.669034614,-3.162998372,-5.985640116,-2.179935239,-1.120292277,-3.07555831,0.997448763,-3.191914768,-1.514856776,-4.267296067,-0.159553975,-2.916462628,-2.819906111,-1.417230801,0.325194943,0.548106363,-0.812097797,-0.295360726,-5.988806443,0.714380801,-1.600023592,-0.634782934,0.822713228,0.494375178,2.0,1
142840.0,-3.613850455,-0.922135693,-4.749887364,3.373001328,-0.545207025,-1.171301063,-4.172314571,1.517015943,-1.775832681,-3.754053923,2.731575782,-3.489374647,1.547380089,-4.571267731,-0.517958569,-4.239086531,-9.25063451,-2.434827803,1.987386277,-0.320540973,0.786787019,0.893064859,1.034906567,0.09767108,-1.345551125,-0.788328913,1.055441975,0.099971403,144.8,1
142961.0,0.457845399,1.373769481,-0.488926009,2.805350941,1.77738606,0.10049206,1.29501592,-0.135857218,-1.695822456,0.955004467,-1.702228401,-0.240056328,0.456475053,0.139567417,-1.890974493,0.372379299,-0.798201085,-0.697061608,-1.497152233,-0.264704752,0.105593016,0.371014424,0.051104717,0.401524197,-0.724765817,-0.202880696,0.092123881,0.094955854,0.0,1
143354.0,1.11833066,2.074438871,-3.837518277,5.448059692,0.071815968,-1.020509228,-1.808574442,0.521743506,-2.032638249,-2.732791967,3.27407531,-3.541687479,-0.94682018,-7.555728941,-1.767005146,-0.642332574,-2.114429193,0.183327413,-1.177792507,0.163513485,0.289861124,-0.17271801,-0.021909518,-0.376560089,0.192817419,0.114107224,0.500995608,0.25953327,1.0,1
143434.0,-2.729481972,3.312494563,-4.242710444,5.036985077,-0.376561161,-1.532461753,-3.449158503,1.856839319,-3.623333689,-5.653637686,3.942315826,-5.883724361,-1.347813737,-9.266120185,-2.459556325,-2.205644483,-5.709086805,-1.11393664,-1.556530212,0.164287793,0.727415064,-0.301431745,-0.502433327,-0.462308576,0.510682747,0.046664693,0.51464578,0.140998673,1.0,1
143438.0,-5.256433834,0.364541283,-5.412085016,2.400031491,0.697301199,-1.998755028,-5.835532442,-0.887739383,-2.828286641,-4.614507733,2.710696679,-3.158155698,1.083609148,-3.415151948,-1.053870032,-3.751030733,-9.261640987,-2.955165222,0.606570797,-0.40368491,-0.648259077,0.511284975,-1.110044523,0.178986971,0.220235348,-0.69980855,0.580486717,-0.17362987,8.9,1
143456.0,-2.006581754,3.676577412,-5.463810784,7.232058275,-1.627859462,-0.996754564,-4.299832586,2.268866755,-3.651067034,-4.40092985,4.213212894,-5.737815168,-0.875693367,-8.893726336,-0.562433777,-3.281783735,-4.368985909,-0.736733765,1.609292904,0.474414053,0.713906864,-0.063867591,0.167947319,-0.449863969,0.023702098,0.536905295,0.485864027,-0.042393481,1.0,1
144808.0,-2.405207092,2.94382339,-7.616654221,3.533373872,-5.417493628,-0.112631915,-1.329371563,1.709416808,-2.322715609,-6.54098852,4.404578482,-4.93815929,-0.74098464,-7.462960627,0.53496766,-4.671031532,-4.472403254,-0.9820899,3.490068593,-0.338706731,0.652683372,0.414132297,0.023869073,-0.260616387,0.405316462,0.029106742,0.519806552,-0.469537114,667.55,1
144839.0,-6.423306456,1.658514509,-5.866439564,2.052064402,-0.615816843,-3.372265711,-5.036555755,2.643106015,-2.274630047,-7.04922936,3.916802557,-4.481279599,-1.027479327,-7.113872782,-0.85277523,-3.839559974,-5.056009988,-1.344497531,1.148472939,-0.713515811,0.641210916,-0.256678382,-2.337232764,-0.158277898,1.198797445,-0.261257807,0.780125484,-0.731800816,0.0,1
146022.0,0.908636658,2.849024015,-5.647342963,6.009414778,0.216656395,-2.397014424,-1.819307886,0.338526988,-2.819882773,-4.063098108,2.941190093,-6.151362191,-1.989528535,-9.150951006,-0.604289999,-1.9522904,-2.892555332,-0.912057961,-1.563739967,0.241921295,0.407260461,-0.397434853,-0.080005853,-0.168596545,0.465058498,0.210509756,0.648704799,0.36022433,1.18,1
146026.0,1.89403629,1.905806043,-3.515730077,4.508913151,2.044466245,-1.420467618,1.057480446,-0.281157348,-1.832603814,-0.628463195,2.220794914,-0.741087888,-0.763719378,-4.942612416,-1.37829062,2.244215779,3.702065291,2.256811532,-1.950060332,-0.160163479,-0.144713036,-0.310108279,-0.101530027,-0.414960172,0.37659685,0.150777699,-0.013711578,0.048083659,2.22,1
146179.0,-0.067671621,4.251180502,-6.540388352,7.283657037,0.513540871,-2.635066388,-1.86591081,0.780271627,-3.868248347,-4.851487194,3.871165304,-6.887637357,-1.790500148,-11.27231587,1.301363149,-1.689836478,-0.052932539,0.778734825,0.242162496,0.519403972,0.415436545,-0.469937601,0.00712804,-0.388147291,-0.493397941,0.466467725,0.566369687,0.262990466,0.77,1
146344.0,-0.099723899,2.79541433,-6.423855582,3.247513015,-1.632290269,-2.766664931,-2.312222883,0.961014122,-1.896000965,-4.919348299,3.053654418,-5.297811402,-1.466029728,-7.035880051,1.997132372,-3.836188525,-2.5151828,-0.864578712,2.328926974,0.340898316,0.647714388,0.126575864,0.20395348,0.008494998,-0.174501151,0.575294798,0.152875891,-0.09817281,94.82,1
146998.0,-2.064239752,2.62973923,-0.748406253,0.69499204,0.418177986,1.392519734,-1.697801219,-6.333064612,1.72418428,-0.887241636,-1.594257792,-0.338775118,-0.978064513,-3.688825995,-1.487083423,0.526946021,2.3470229,1.691220005,-0.736110693,-1.4244862,6.215513991,-1.276908596,0.459861127,-1.051685475,0.20917836,-0.319859445,0.015433869,-0.0501165,8.0,1
147501.0,-1.611877338,-0.408409923,-3.829761676,6.249461761,-3.360921609,1.147963582,1.858424853,0.474858318,-3.838398816,-1.445374957,2.113900014,-3.259702465,-0.315347339,-1.808102973,-0.741877295,-2.986920088,-4.815863011,-1.271654588,1.701685024,2.42567743,1.245582186,0.616382702,2.25143888,-0.066096392,0.538710327,0.541325493,-0.136243382,-0.009852256,996.27,1
148028.0,-1.053839609,4.362800684,-6.023533637,5.304534323,1.480738298,-2.193821452,-1.530816792,0.626857424,-4.037021409,-6.285424475,3.536145482,-7.959628432,-1.673428523,-12.45799893,-0.21388479,-1.424131271,-3.243685932,0.059956108,-1.802332497,0.531574093,0.397954324,-0.945401783,-0.376137523,-0.22048042,0.264002965,0.048934775,0.84721984,0.531931799,0.0,1
148053.0,1.261324237,2.726800289,-5.435018912,5.342759009,1.447043018,-1.442584085,-0.898701854,0.123061978,-2.748495905,-3.202436122,1.991360635,-3.986416216,0.577206842,-8.485794506,-0.794782275,-0.666134267,-1.372629384,-0.104312956,-1.466910553,0.313331635,0.209086136,-0.425937611,-0.154439526,-0.018819504,0.632233951,0.192921615,0.468180887,0.280486471,1.59,1
148074.0,-2.219218602,0.727831411,-5.458229947,5.924849847,3.932463824,-3.085984237,-1.677869988,0.86507461,-3.177260289,-3.419207384,3.693173942,-3.978439755,-1.718590875,-8.636297394,-0.242964821,1.174884173,2.134606357,2.594364833,-1.25758898,0.964771804,0.417471746,-0.817343384,-0.028752402,0.025722511,-0.825835343,-0.01308903,0.413291189,-0.131387346,0.0,1
148468.0,0.218810192,2.71585508,-5.111657839,6.310660974,-0.848345065,-0.882445799,-2.902079247,0.939162178,-3.627698142,-1.873330853,1.203834484,-6.172629918,-0.921364297,-3.941965105,-0.062221383,-5.241049108,-8.152829372,-3.243436445,1.935483754,0.381681939,1.083640212,1.037323802,0.062325138,0.532489604,-0.149144855,0.639579646,0.351567638,-0.001816515,0.76,1
148476.0,-1.12509161,3.682876144,-6.556167949,4.016730951,-0.425570578,-2.03120987,-2.650137222,1.131249354,-2.946889539,-4.8164008,2.155796085,-6.285124952,-1.125625388,-6.800098088,0.924933779,-5.239604388,-5.017907869,-1.349308859,2.868602895,0.452241311,1.185579782,1.348156129,-0.053685573,0.284121985,-1.174469182,-0.087832215,0.718789578,0.676215949,0.76,1
148479.0,-1.541678492,3.846799676,-7.604114173,3.121458585,-1.254924173,-2.084875078,-2.385026925,1.471139823,-2.53050725,-5.17565968,1.927185749,-6.011154692,-1.195601442,-6.745561316,-0.058091081,-4.325132247,-5.558067275,-1.58053122,0.971906322,0.114760088,1.096404666,1.064222165,0.065370332,0.257209438,-0.693653969,-0.335701712,0.57705152,0.398348368,122.68,1
149096.0,1.184891123,3.152084205,-6.134779825,5.531252206,1.733866514,-1.816861466,-0.916696278,0.265568287,-3.158014235,-3.890169242,4.736593843,-4.162115192,-0.456696779,-10.26675811,-0.583018263,0.513470571,0.113665406,1.488620359,-1.805576714,0.336441866,0.124235616,-0.82386465,-0.079887356,0.02882779,0.389711469,0.060171071,0.485186935,0.326551572,0.0,1
149236.0,-1.370975773,-0.025464613,-2.774906916,2.650530185,4.511309291,-3.289343682,-0.118841442,-0.014279445,-0.932772844,-2.637441745,2.858776502,-0.553179939,-0.758491998,-6.455029103,-0.154020882,1.323832975,5.580209252,3.293687594,-0.137693582,0.701291827,-0.048061088,-0.59935003,0.072192995,-0.60035142,0.371330624,-0.370950985,0.011970249,0.145895339,1.0,1
149582.0,-4.280583832,1.421100007,-3.908228843,2.94294608,-0.076205336,-2.002526,-2.874154733,-0.856005441,0.96367423,-3.235438957,3.341801927,-7.562860429,-1.847443427,-11.57142343,-1.481555842,-6.180918699,-9.285185983,-3.921722141,0.68551086,-0.19896278,-0.140061995,-0.90772022,-0.680107949,-0.349169893,0.056275892,-1.149922669,-1.80988612,0.723051433,1.1,1
149640.0,0.754315926,2.379821852,-5.137274493,3.818391722,0.043202652,-1.285451374,-1.766683621,0.756710662,-1.765722098,-3.263006726,3.592796832,-2.772348806,-0.074533654,-6.281093649,0.165978009,-2.679171246,-1.385556529,0.249056749,2.353452693,0.369662962,0.397057601,0.141165218,0.171984535,0.394273776,-0.444641837,-0.263189064,0.30470295,-0.044362275,2.0,1
149676.0,1.833191048,0.745332779,-1.133008713,3.893555977,0.858163817,0.910234501,-0.498200069,0.344703186,-0.667939096,0.398155065,0.613867739,-0.022561483,0.452018065,-2.969200956,-0.964967034,2.464449802,0.671240576,1.921021092,-1.616926588,-0.085578755,0.03928949,0.181651615,0.072980911,-0.155298849,-0.149891395,0.012792488,0.040853819,0.022903116,17.39,1
150138.0,-2.150855045,2.187916628,-3.430515892,0.119476214,-0.173210022,0.290699944,-2.80898762,-2.679350506,-0.556684933,-4.485482704,1.903999262,-2.644219451,-0.982272877,-4.691150855,-0.693079752,-2.553250783,-3.483436267,-0.064852386,1.490328763,0.532145422,-0.073205306,0.561496277,-0.075034262,-0.437619179,0.353840756,-0.521338536,0.14446486,0.026588115,50.0,1
150139.0,-6.682831916,-2.714268045,-5.774530457,1.449792375,-0.661836408,-1.14864974,0.849686456,0.433427022,-1.315646389,-2.796331539,-0.448793726,-2.562602408,0.243482527,-1.181669391,0.004372872,-2.30259569,-4.446191869,-1.710463148,0.982728633,-1.928527193,0.220526295,1.187013204,0.335820817,0.215682964,0.803109992,0.044033342,-0.054987628,0.082337093,237.26,1
150494.0,1.852889095,1.069592864,-1.776101273,4.617409969,0.770412982,-0.400859126,-0.040970122,0.089510463,-0.217705276,-0.3739273,-0.688453907,-1.463206924,-1.624155,-4.252465599,-1.340175884,1.7328728,2.934481224,1.437196572,-1.923308939,-0.288392191,-0.157868696,-0.176243752,0.027436946,-0.468006203,0.058062799,0.14826306,0.042277764,0.040572752,1.0,1
150949.0,-2.423534502,1.659092554,-3.071420549,2.588032647,1.13579117,-1.89238797,-2.588418177,-2.226592411,-1.670172757,-3.508924662,1.439322066,-1.959927496,0.767484552,-4.978118014,1.05856598,-0.997477451,-0.817261404,0.3077976,0.028484531,0.353898203,-0.934126825,0.922037918,-0.180255031,-0.281719118,0.299285024,-0.26380133,0.150155943,0.292112166,9.29,1
151029.0,-3.818213718,2.551337678,-4.759158316,1.636966959,-1.167900084,-1.678413388,-3.144732472,1.24510555,-1.692541354,-4.759931374,3.642256939,-4.165202323,0.703069875,-7.624316314,-1.4980124,-4.07999233,-6.717176548,-1.887549649,1.35674829,0.164453446,0.83768544,0.761712127,-0.417694266,-0.469712472,-0.225934236,0.586415249,-0.348107406,0.087776872,10.7,1
151916.0,-5.488032171,3.329560681,-5.996296087,3.601719636,-2.023926036,-1.737393477,-4.39685932,0.228394068,-1.675883923,-3.991784632,3.737037681,-6.15018667,0.288738071,-8.760694519,2.344651195,-5.145637851,-6.293478628,-2.137186601,2.995244755,-0.551121115,1.71963126,0.34320916,0.133583642,0.833339534,-0.839775663,0.502009639,-1.937472846,1.521218373,0.01,1
151972.0,-6.618210883,3.835943307,-6.316453129,1.844111483,-2.476892421,-1.886718108,-3.817494617,0.613470204,-1.482121047,-4.868747268,3.35972194,-5.969161634,0.051189991,-8.724495602,0.776390603,-3.93938374,-7.164430302,-2.434671816,0.235226841,-0.953826983,1.636622306,0.038727306,0.278218166,0.786670357,0.063894559,0.154707097,-2.042402726,1.405140558,57.73,1
152036.0,-4.320609215,3.199938707,-5.799736054,6.502330236,0.378479253,-1.948246371,-2.167859505,-0.728206712,-1.977238317,-3.473410704,4.569193752,-9.321152631,-1.592517651,-14.26683628,0.467776602,-4.066208555,-6.626968177,-1.437158419,-0.215409738,-0.263686068,0.476660425,0.434278328,-0.136939918,-0.620071695,0.642530576,0.280717348,-2.649106749,0.53364094,1.0,1
152058.0,-3.576361778,3.299436221,-7.460433197,7.783634177,-0.398548658,-1.968441448,-3.110476193,-0.328403695,-1.574362845,-2.497560547,4.604170478,-9.001914856,-1.276324005,-13.96947063,1.256945353,-4.491629225,-5.969986931,-1.27466622,1.147783612,-0.181455201,0.540730752,0.719526342,0.379248749,-0.61696186,-0.442810814,0.359840689,-2.651824875,0.422184392,1.0,1
152098.0,-4.124316251,3.748596901,-7.926506608,7.763241791,-0.769374581,-2.031170883,-3.474549465,0.10712141,-1.55135159,-2.411272015,4.48003527,-8.832509725,-1.21516414,-13.72568461,1.232744415,-4.389687678,-5.810919817,-1.255422402,1.11403305,-0.181978583,0.547096801,0.687853881,0.429938704,-0.620601279,-0.369688286,0.367348754,-2.664767095,0.417100622,1.0,1
152165.0,-4.673230766,4.195975762,-8.392422791,7.743215147,-1.138803489,-2.094899155,-3.839486567,0.543053448,-1.528448237,-2.325113441,4.35577002,-8.663030576,-1.153992528,-13.48170468,1.208453857,-4.287959839,-5.651765272,-1.235889255,1.080132893,-0.180278731,0.554184996,0.65607567,0.482417262,-0.624399457,-0.296288558,0.374802036,-2.678543769,0.412367567,1.0,1
152307.0,-5.222968176,4.64182735,-8.858204209,7.723501994,-1.507034956,-2.159483574,-4.205164096,0.979334284,-1.505637374,-2.239066261,4.231393304,-8.493487981,-1.092810847,-13.23755851,1.184086482,-4.186415178,-5.492535786,-1.216108113,1.046104511,-0.176673248,0.561892174,0.624206816,0.536428911,-0.628333712,-0.222651231,0.382208362,-2.693035689,0.407935126,1.0,1
152710.0,0.051075485,1.310426524,0.733222065,2.620281923,1.402357614,0.528488565,1.086014426,-0.146422713,-1.724332975,1.280166743,0.47086472,0.435541959,0.594974116,-0.142098601,-2.024734603,0.828290651,-1.274787147,0.134277305,-1.489434217,-0.125876997,0.229936135,0.766926567,-0.189623668,0.766852958,-0.14140075,-0.077277962,-0.297595395,-0.221816034,2.47,1
152802.0,1.322724251,-0.843910598,-2.096887538,0.759759069,-0.196377115,-1.166352579,0.482534011,-0.349790813,1.045007417,-1.474974161,0.011037451,0.483019028,0.66527282,-2.332793382,0.820578434,0.461206284,1.468051978,0.891705535,-0.45793404,0.585434737,0.133814675,-0.121562328,-0.20857369,-0.254751784,-0.098324402,-0.613874017,0.002654157,0.072385808,357.95,1
153653.0,-5.192496426,3.164721173,-5.04767906,2.24659736,-4.011781405,-0.638908045,-2.873463269,1.576317573,-2.861985991,-2.120457595,1.863595737,-3.620251763,-1.480714422,-1.583343405,-1.230469222,-1.20229797,-6.167636538,-2.651539049,0.013587706,-1.850469964,1.167243794,-1.006617493,0.774561804,0.063396917,-0.390657771,1.884740675,-1.742557515,-0.082215935,247.86,1
153761.0,1.146259267,1.403458243,-4.159148191,2.660107057,-0.323216827,-1.836070894,-1.623740059,0.259562498,-1.13204415,-3.356473714,3.646477838,-3.002684156,-0.64750058,-5.945003313,0.174650037,-1.475639514,-3.082273525,0.224739755,-0.300930779,0.284830656,0.564449516,0.445743912,-0.141136197,-0.265517116,0.36225992,-0.416062098,0.507369853,0.243744114,51.37,1
153875.0,-0.613695895,3.698772414,-5.534941162,5.620486385,1.64926285,-2.335144981,-0.907188473,0.706362095,-3.747646125,-4.230983836,4.436319074,-4.503801216,-0.954361346,-9.861372108,-0.505329037,0.269281953,0.591319064,1.79599192,-1.08520791,0.354772933,0.319260754,-0.471378905,-0.075890411,-0.667909265,-0.642848416,0.070600107,0.488409528,0.292344974,0.0,1
154181.0,-0.549615438,2.219074693,-3.522024322,0.236995179,1.087468857,-1.235530093,-0.279312557,0.51436071,-1.849927421,-3.443819022,2.214000287,-1.68983551,0.498437678,-4.393633602,-1.270841395,-1.176628722,-1.85973897,-0.049418588,0.38526261,0.126517943,0.364130241,0.21042809,-0.366018663,0.015802567,0.34921154,0.647302275,0.171929195,0.117188228,0.76,1
154278.0,-1.600211299,-3.488130181,-6.459302807,3.246815663,-1.614607699,-1.260374549,0.288223322,-0.048963991,-0.734974618,-4.441484081,2.944374842,-3.805468984,-2.102226835,-6.106183273,-0.6417364,-1.555962896,-2.084067071,0.394247353,0.083379723,3.189354896,1.191174807,-0.967141445,-1.463420524,-0.624230851,-0.176461532,0.400348351,0.152946864,0.477774925,1504.93,1
154309.0,-0.082983465,-3.935918924,-2.616708986,0.163310075,-1.400951828,-0.809419405,1.50157984,-0.470999587,1.519743199,-1.134453811,0.713877646,0.979674835,-1.339031266,0.984993219,-0.382470968,-0.934615796,-0.052419435,0.511161784,0.731998749,1.878611603,0.70267204,-0.182304776,-0.921016986,0.111635488,-0.071622212,-1.125881096,-0.170947427,0.126221383,1096.99,1
154493.0,-7.381546986,-7.449015159,-4.696286524,3.72843915,6.198304347,-6.406266634,-5.83145156,1.457174919,-0.64620258,-4.02912872,2.528943021,-3.308721722,-1.992009689,-5.757216082,-0.877323474,-1.547551823,-1.909016786,0.50056747,0.136722438,2.932758126,1.176574848,-0.978692051,-0.278330343,-0.635873794,0.12353944,0.404729308,0.704914654,-1.229991682,35.0,1
154599.0,0.667713641,3.041502376,-5.845111956,5.967587038,0.213863333,-1.462922811,-2.688760584,0.677763512,-3.447595896,-4.707570806,4.905819865,-5.208373972,0.53249838,-10.5440114,-1.307418701,-2.133593488,-5.133081491,-1.062150781,-0.819371096,0.558424598,0.329760146,-0.941383472,-0.006074662,-0.958925352,0.239297865,-0.067355679,0.821047586,0.426175252,6.74,1
154657.0,-0.679520574,4.672552752,-6.81479844,7.14350012,0.928653839,-1.873013153,-2.306689021,0.993701928,-4.944054156,-5.576418796,5.783654439,-6.117703911,0.614164841,-12.45149866,0.427152478,-2.255853807,-2.128026554,0.706765029,1.093825798,0.872005531,0.566848532,-0.321691498,-0.281324568,-1.120256038,-0.073394345,0.55353043,0.760541928,0.386741821,0.77,1
155054.0,-0.512348994,4.82706042,-7.973939249,7.334058516,0.367703645,-2.055129085,-2.9358557,1.431008131,-4.544722244,-5.258095976,5.716318695,-5.810407126,0.723292646,-12.28913339,0.378773196,-2.020734381,-2.039702617,0.658182927,0.832574035,0.80410133,0.535619751,-0.45949592,-0.009363668,-1.140435794,-0.006445269,0.52797033,0.558880996,0.126516762,0.77,1
155359.0,-1.067713272,5.262312109,-8.438567066,7.3164873,0.008253573,-2.12593632,-3.307035735,1.869837523,-4.522583624,-5.172811823,5.591126194,-5.640417458,0.784510039,-12.04380562,0.353814875,-1.920558168,-1.879928279,0.679751299,0.797641375,0.821404549,0.547789787,-0.491959822,0.055914134,-1.145368535,0.068951346,0.535054735,0.539263072,0.124255056,0.77,1
155535.0,0.711155482,2.617104907,-4.722363221,5.842969959,-0.600179299,-1.646313177,-2.785198366,0.540367735,-3.044029097,-3.92650994,2.757837459,-5.437353689,0.546878907,-8.396572967,-0.810715739,-3.014293978,-6.642482263,-2.584028224,-0.820354415,0.461031944,0.360500882,-0.86552551,0.139978108,-0.336237871,0.128449338,-0.155645815,0.799459946,0.392170236,3.9,1
155542.0,1.868225752,1.363077038,-1.994934283,4.173515744,1.23975095,-0.746186462,0.572730531,-0.13123484,-1.551838521,0.228849431,1.701894708,0.144622386,0.104087684,-2.954166723,-1.374121926,1.889417455,1.714510739,1.104659911,-1.597440213,-0.172216498,-0.301001481,-0.818972281,0.206812307,-0.263683032,-0.114958101,-0.240672124,-0.006629449,0.017257735,3.14,1
155548.0,1.878230031,1.325629574,-2.333468993,4.233151214,1.355183996,-0.853508247,0.716025068,-0.164909789,-1.502344505,0.259411077,1.451237548,-0.280523277,-0.756794072,-2.757556767,-1.706285018,1.587460391,1.929349691,1.189432903,-1.530162326,-0.226108021,-0.15213079,-0.360735866,0.043414406,-0.242379536,0.171097766,-0.002600988,-0.026666567,0.005237667,7.06,1
155554.0,-1.040067223,3.106702664,-5.409027199,3.109903424,-0.88723704,-2.497521836,-2.073347463,0.639818099,-3.013330572,-5.954838297,3.586394509,-5.517147627,0.683652475,-8.560422876,1.856094916,-4.878248088,-4.335998012,-1.377191085,3.057381742,1.054390103,0.773960868,0.21486842,-0.184233022,-0.284091371,0.493466609,0.732328821,0.675066703,0.337076231,94.82,1
155662.0,-1.928613267,4.601505587,-7.124052978,5.716088037,1.026578545,-3.189073067,-2.261896902,1.185096356,-4.441941615,-6.64615383,3.827868091,-6.518648822,0.251136548,-12.45670595,-0.649166482,-1.283145,-2.718559725,-0.085466089,-2.097385471,0.328795983,0.602290585,-0.541287465,-0.354639279,-0.701492058,-0.030972982,0.034069878,0.573393032,0.294686316,0.77,1
155965.0,-1.201397783,4.864535181,-8.328823316,7.652399362,-0.167445106,-2.76769465,-3.176420951,1.62327868,-4.367227625,-5.533443029,4.106404559,-6.331824796,0.671784815,-12.15658658,1.020251785,-2.110863433,-1.558544528,0.195991826,0.502453451,0.59702555,0.532320016,-0.556913022,0.1924444,-0.698588444,0.025002716,0.514967603,0.378105296,-0.053132794,0.77,1
156685.0,-0.129777611,0.141547455,-0.89470187,-0.457662245,0.810607981,-0.504723385,1.373587546,-0.209476451,0.208493954,-1.613618339,-0.800150416,0.501435242,1.118014326,-1.816384147,-0.681282551,0.10594645,0.71659131,0.205284623,-0.051322097,0.399447041,-0.032643295,-0.246526436,0.484107765,0.359636577,-0.435972451,-0.248480312,0.021526925,0.109191897,187.11,1
156710.0,0.202402312,1.176270225,0.346379124,2.882137799,1.407133333,-0.504354582,1.43853746,-0.395603479,-1.555141624,1.081513989,-1.514204736,-0.973764043,-0.709928479,0.141331684,-1.470314152,0.418268346,-0.828192504,-0.302239423,-1.762350024,-0.206238791,0.242560469,0.841230121,-0.370156597,-0.02601238,0.491954232,0.234576263,-0.279788418,-0.331933388,7.59,1
157207.0,1.170756215,2.501038208,-4.986159233,5.374160058,0.997798392,-1.259004478,-1.237688814,0.358425625,-2.612488504,-3.064729531,3.480601703,-3.735152954,-0.594777602,-8.229951992,-1.476094036,-0.408470613,-1.481283472,0.347626692,-1.164414371,0.227618255,0.123145443,-0.71320111,-0.080867913,-0.964310261,0.338567588,0.068629852,0.481587901,0.268225854,4.97,1
157284.0,-0.242244999,4.147185548,-5.672349096,6.493740596,1.591168156,-1.602522595,-0.95046284,0.72290291,-4.128505253,-3.963224472,4.469467312,-4.655071325,-0.441775589,-10.14981292,0.612797714,-0.288725034,1.404507075,2.132081379,0.707199946,0.562029861,0.249022571,-0.480286306,-0.286080217,-1.153574756,-0.035571128,0.55962821,0.409446483,0.221048105,0.77,1
158638.0,-5.976119323,-7.196979631,-5.388315911,5.104798647,4.676532867,-5.56687006,-4.291180422,0.87653056,-1.075478087,-3.272569174,1.168215943,-2.134731971,1.12831322,-4.56600986,-0.126950407,-2.826985512,-2.865749701,-0.912934238,0.421144083,3.136338132,1.459369058,-0.136261687,0.848177174,-0.26991638,-1.095059604,-0.710905242,0.565846302,-1.034107187,296.0,1
159844.0,-0.408110817,3.132944498,-3.098029764,5.803892615,0.890608919,-0.501474323,-0.440054283,0.591828269,-3.267693259,-2.223070328,0.757063214,-3.501803779,0.246742224,-6.06562188,0.339583134,-1.005723154,0.334315624,0.421261362,1.247142631,0.499567913,0.098482322,-0.538374705,-0.217988987,-1.042656617,0.314388821,0.543243576,0.233851015,0.119603461,45.51,1
160034.0,-2.349339964,1.512604015,-2.647497196,1.753792472,0.40632795,-2.188494005,-0.686934748,-0.547984409,-0.099528113,-1.672345978,2.172976101,-3.103476671,0.217560545,-6.034402576,0.164400706,-2.383826034,-4.166478775,-1.772396947,-0.526280794,-0.093421475,-0.088519421,-0.595178282,0.25814813,0.061901133,-0.354180194,-1.152671066,-0.736072755,0.733702732,4.9,1
160243.0,-2.783865487,1.596823576,-2.084843989,2.512985584,-1.446748566,-0.828495614,-0.732262192,-0.20332886,-0.347045718,-2.16206139,1.966123457,-3.127455945,0.506574101,-5.926131041,0.931090796,-2.499307194,-3.712751867,-1.142133437,0.626240856,-0.51500092,0.20356342,0.293267882,0.199568288,0.146867632,0.163601885,-0.624084666,-1.333099759,0.428633994,156.0,1
160537.0,0.567539267,3.309385277,-6.631268489,6.394573696,-0.054172326,-2.396535281,-2.792488873,0.514811021,-3.541780257,-5.334753871,3.618737213,-7.101488298,-0.442125292,-11.08161684,-0.813721639,-3.302898611,-5.848902611,-1.850635464,-1.018638595,0.555411781,0.614220932,-0.365047253,-0.180408542,-0.523271429,0.645054313,0.246465838,0.902675055,0.4735715,4.69,1
160665.0,-0.417339782,4.700055274,-7.521766828,7.671884451,0.260821238,-2.64669254,-2.854432162,0.958783103,-4.588535893,-6.120715087,4.548494584,-7.836252798,-0.242674771,-13.20250534,1.092441599,-3.040862552,-3.008958001,-0.159966954,0.788086296,0.832034789,0.622200356,-0.437708334,-0.09035829,-0.742802158,-0.312360714,0.502574976,0.821390287,0.372378817,0.77,1
160791.0,2.132386021,0.70560782,-3.530758736,0.514779311,1.527174698,-1.716268269,1.13279093,-0.574214355,0.128903891,-1.000805052,-0.191190537,-0.32379419,-0.572455951,-1.422063853,0.314684199,-0.387162054,1.734741604,0.610975988,-0.221267208,-0.211167179,0.163739122,0.70391044,-0.245076157,0.460049174,0.920280993,-0.216585742,-0.026218564,-0.025001296,1.0,1
160870.0,-0.644277679,5.002352426,-8.25273876,7.756914712,-0.216267318,-2.751496118,-3.358857315,1.406268091,-4.403851717,-5.945633973,4.475904673,-7.607261464,-0.16072312,-13.01074937,1.094381819,-2.864039118,-2.871341529,-0.18061356,0.64770888,0.816557859,0.58772752,-0.605759173,0.033745546,-0.756169511,-0.008171625,0.532772006,0.663969505,0.192066835,0.77,1
160895.0,-0.848290217,2.719882116,-6.199070197,3.044437186,-3.301909553,-1.992116836,-3.734901766,1.520078973,-2.548788173,-4.533515403,2.288021747,-5.26720467,0.39479995,-4.287995777,1.315279467,-6.469186891,-8.713920051,-3.705069743,3.531002898,0.319576271,1.125229259,0.805257865,0.199119186,0.035206201,0.012158763,0.601657823,0.137467682,-0.171396981,127.14,1
161154.0,-3.387601029,3.977880741,-6.978585065,1.657765845,-1.100499733,-3.599486973,-3.68665071,1.942252225,-3.065089267,-7.509557474,2.989626407,-5.993632424,-0.164740078,-8.388442969,0.042128998,-4.137500501,-6.103903073,-1.972927803,0.434072537,-0.00430059,1.043587159,0.262188674,-0.479223921,-0.3266382,-0.15693859,0.113806571,0.35412426,0.287592125,0.38,1
163181.0,-5.238807736,0.623013014,-5.784506592,1.678889307,-0.364431872,-0.477294698,-4.276131504,-0.695172912,-2.971644386,-5.529131231,1.779504503,-4.836159014,-1.208991875,-2.901189811,0.281878306,-5.53954432,-7.290960213,-4.897766036,-0.308608992,-0.203269802,-0.326139919,1.509238687,-0.215966267,-0.245726907,0.893041277,0.865758089,0.854657017,-0.964482422,39.98,1
165132.0,-7.503926237,-0.36062801,-3.830952283,2.486102856,2.497366775,1.332436943,-6.783963787,-15.41538492,0.465511605,-0.394381262,1.054107212,0.974058516,-1.453668019,-1.425619905,0.577661575,0.836807763,2.844949618,1.613509558,2.548312655,-0.475126443,-6.389131866,2.249964393,1.670508267,0.140450002,0.162147414,1.207730909,1.268958468,0.097538236,12.31,1
165981.0,-5.766878735,-8.402153678,0.056543246,6.950982945,9.880564026,-5.773191769,-5.748879199,0.721742894,-1.076273579,2.688669933,-1.475145316,-0.050467984,0.113500475,0.984343616,0.363968739,-0.674356809,0.327463514,0.091469915,1.307940738,2.493223891,0.880395097,-0.130435548,2.241471414,0.665345537,-1.890041422,-0.120802764,0.073268559,0.583799418,0.0,1
166028.0,-0.956390355,2.36159361,-3.171194607,1.970758779,0.474761354,-1.902598204,-0.055177812,0.277831229,-1.745854165,-2.516628002,0.874051625,-2.513104329,0.021575082,-3.565118845,0.461153428,-2.015712746,-1.731413191,-0.465814727,0.527619756,0.190876903,0.473211086,0.719400298,0.122457848,-0.255649852,-0.619259299,-0.484279995,0.683534593,0.443299499,39.9,1
166831.0,-2.027135422,-1.131890357,-1.135194254,1.086962637,-0.010547346,0.423796702,3.790880171,-1.155595098,-0.06343357,1.334414062,1.032015582,-0.722023082,-1.533239652,0.334119448,0.29747886,-0.429391896,-0.82464421,0.489667799,0.873344272,0.033804015,-0.31510456,0.5755197,0.490842009,0.756502366,-0.142685359,-0.602776609,0.508712459,-0.091645526,634.3,1
166883.0,2.091900188,-0.757459362,-1.192257634,-0.755458093,-0.620323626,-0.322077027,-1.082510657,0.117199962,-0.140926652,0.249310803,1.338317546,-0.32975934,-0.363591189,-1.824839105,-0.229678514,1.842346923,1.194211714,0.037466658,0.423099369,0.037437544,0.28825272,0.83193931,0.142006991,0.592614974,-0.196143145,-0.136676262,0.020182365,-0.015469705,19.95,1
167338.0,-1.374424388,2.793184611,-4.346572055,2.40073142,-1.688432714,0.111136093,-0.922037621,-2.149929975,-2.027473756,-4.390841922,1.241958176,-3.9105215,-1.225636299,-4.697996871,0.676108304,-2.077065542,-2.683520898,-0.525949333,0.422342445,0.650195856,-0.870778522,0.50484916,0.137994269,0.368274569,0.103136655,-0.414208828,0.454981585,0.096710964,349.08,1
169142.0,-1.927883321,1.125652664,-4.518330641,1.749292533,-1.566487292,-2.010494231,-0.882849831,0.697211109,-2.064945287,-5.587793782,2.115795177,-5.417424082,-1.235122631,-6.665176895,0.401700687,-2.897825117,-4.570529434,-1.315147214,0.391167041,1.252966735,0.778583979,-0.319188819,0.639418961,-0.29488504,0.537502536,0.788395057,0.292679966,0.147967929,390.0,1
169347.0,1.378558997,1.289380937,-5.004246784,1.411849842,0.442580636,-1.326535934,-1.413169956,0.248525468,-1.127395934,-3.232153175,2.858465816,-3.096914898,-0.792532436,-5.210140846,-0.613803264,-2.155296885,-3.267115681,-0.688505463,0.737657217,0.226137946,0.370611857,0.028234445,-0.145640429,-0.081049407,0.521874502,0.739467256,0.389151844,0.186636548,0.76,1
169351.0,-0.676142671,1.126366062,-2.213699523,0.468308388,-1.120541044,-0.003346296,-2.234739296,1.210157964,-0.65224992,-3.463890879,1.794968969,-2.77502154,-0.418950144,-4.057162377,-0.712615969,-1.603014747,-5.035325917,-0.506999884,0.26627232,0.247967753,0.751825538,0.83410769,0.190943873,0.032070086,-0.739694823,0.471110963,0.385107449,0.194361479,77.89,1
169966.0,-3.113831607,0.585864172,-5.399730211,1.817092473,-0.840618466,-2.943547791,-2.20800192,1.058732677,-1.63233335,-5.245983838,1.933519537,-5.030464797,-1.127454575,-6.416627976,0.141237234,-2.549498236,-4.614717069,-1.478137941,-0.035480366,0.30627074,0.583275999,-0.269208638,-0.456107773,-0.18365913,-0.328167759,0.60611581,0.88487554,-0.253700319,245.0,1
170348.0,1.991976096,0.158475887,-2.583440645,0.408669993,1.151147061,-0.096694744,0.223050267,-0.068383878,0.577829384,-0.888721676,0.491140242,0.72890332,0.380428046,-1.948883349,-0.832498136,0.519435549,0.903562377,1.197314718,0.593508847,-0.017652257,-0.164350328,-0.295135167,-0.072172531,-0.450261313,0.313266609,-0.289616586,0.002987582,-0.015308813,42.53,1
113850.0,0.076963261,1.203854617,-1.129590819,-0.517485278,0.740959923,-1.028723331,0.616763324,0.17013358,-0.431357432,-1.114322091,-0.773006609,0.023365756,0.594716227,-0.716412042,0.184297423,0.63269052,0.320995752,0.478399375,-0.678544289,-0.22378398,0.320298247,0.883240491,-0.037815605,0.63823445,-0.64242638,0.480508541,-0.046580538,0.057301338,1.5,0
162228.0,-1.058548467,0.843367084,1.532718602,-0.592815068,-0.348594547,0.280278476,0.094215466,0.735215454,-0.307190992,-1.058371962,0.554055929,0.154718504,-1.091492859,0.704895425,0.43149369,0.49215864,-0.503228094,0.839572038,0.6105312,-0.052002031,-0.031134446,-0.426529172,-0.059920505,0.689240193,0.273192047,-0.460696751,-0.083231616,0.011126756,52.0,0
47120.0,-4.222007248,2.081463555,-1.999439019,0.365382234,-0.520290902,-1.149789018,-1.106451582,0.894829096,-1.103697705,-0.840023554,0.815664206,1.443025644,0.965243796,0.165805481,-0.108633652,1.259518536,1.186699608,0.939857943,0.369864826,-1.560146655,0.733312046,-0.098527871,0.843779677,-0.067510066,0.091517908,0.27506457,-0.764856271,-0.313451353,0.76,0
72987.0,1.279992272,-0.885949092,0.963233795,-0.653167807,-1.347258619,0.197948912,-1.275970699,0.300344374,-0.308181971,0.673510751,1.198076249,-0.185456408,-0.789602519,-0.246612569,-0.074444899,1.026946165,0.432094951,-0.902092435,0.418943398,-0.006278142,0.408687489,1.216046792,-0.120512488,0.067768346,0.419170647,0.023337777,0.04825648,0.006149579,10.8,0
4593.0,-1.405922604,0.633796964,2.699133713,1.264804894,0.69689062,0.959094248,0.614487199,-2.917073515,3.08973408,1.250582338,0.403841078,-3.142986333,0.251005138,-0.245109528,-0.952777369,-1.697422402,0.933773341,-0.43525978,0.44170095,-0.448205522,1.070872827,-0.180895168,-0.079622958,0.009137985,-0.277962048,-0.473304084,-1.493478771,-1.114956171,15.0,0
153291.0,1.717484399,-1.704846066,-1.496885359,-0.889729377,-0.694217064,-0.125295894,-0.471326758,-0.047835293,-0.331960833,0.847550006,0.435467456,-0.391585985,-0.682098019,0.144360847,-0.57889507,1.276415446,-0.087211367,-0.694670257,1.000532896,0.449002839,0.350681681,0.411506828,-0.077820558,0.365784379,-0.13501731,-0.21566107,-0.077244731,-0.022914979,255.39,0
157095.0,2.068576482,-1.715220581,-0.534286934,-1.600034265,-1.517528607,-0.240445005,-1.296639849,-0.050232159,-1.318527353,1.625161451,0.52851353,0.26187071,1.219000996,-0.544958317,-0.67529469,0.039848614,-0.049211638,0.3804325,0.259737633,-0.177350162,-0.313739122,-0.632989697,0.315836192,-0.453201077,-0.598652055,-0.491295916,0.020892538,-0.031116017,107.0,0
30592.0,1.136311917,0.015897829,-0.410537877,0.807888967,0.522707557,0.336248406,0.228911,-0.031925076,0.051795858,-0.069021923,-1.408097133,-0.13893602,0.32433629,0.335527284,1.27503673,0.171718344,-0.658949808,-0.137333651,-0.229135112,0.047529682,0.01535539,-0.05428985,-0.318127406,-1.30916299,0.773465595,-0.221209272,0.012962362,0.017678886,89.0,0
78141.0,-1.020514648,0.906807817,1.018974708,-1.120474113,1.582033412,0.121684181,1.00011906,-0.285720969,0.019254041,0.210805444,0.056680442,-0.11820022,0.206785593,-0.893192854,-0.06721637,1.185608483,-1.394965866,0.745729872,0.056128838,0.255031901,-0.470640346,-0.918307507,-0.481902878,-1.447133286,0.174828624,-0.017556012,-0.029096421,-0.263507435,10.35,0
70005.0,1.170842043,0.201405579,0.282090066,0.533959161,-0.193303331,-0.294830821,-0.146677553,0.125709711,-0.114722937,-0.135208898,1.720528989,0.600624056,-0.643732365,0.089491339,0.72957723,0.419219562,0.064992209,-0.157929633,-0.260802087,-0.151396858,-0.217580296,-0.666050894,0.155684335,-0.043238768,0.0878358,0.109455227,-0.015322892,0.015472718,1.29,0
136501.0,1.925282195,0.683973666,-1.68855574,3.590039094,1.18201639,-0.320187823,0.851470435,-0.307532426,-1.510561369,1.564336571,-1.272723561,-0.55388119,-0.160258282,0.730980936,-0.584160647,0.628549141,-0.829286028,-0.515079936,-1.435770361,-0.186097527,0.099202454,0.129084522,0.027343097,0.555059421,0.305592373,0.046554437,-0.09542701,-0.051163894,50.56,0
59169.0,-2.430509809,1.763633624,-0.117676051,-2.003191444,-0.679145319,-0.987865625,-0.066426865,-1.727427753,0.420084903,2.523550546,-0.597314472,-0.419199512,0.073203513,-0.858630517,-0.927218417,0.556085562,0.349519949,-1.692423823,-0.063875472,0.574773683,1.521796313,0.208574619,0.141127926,0.382562983,0.183484173,-0.284767739,1.174192618,0.839841349,20.0,0
11057.0,-0.724430082,0.837645315,1.972036479,-0.961246447,-0.19016918,-1.205240099,0.633589122,-0.207423928,1.094998286,-1.14378524,0.920433502,-1.923490602,2.562439993,1.215204125,-0.356567959,0.432220457,0.120771621,-0.288518666,-1.024779678,0.117204306,-0.178633971,-0.239817917,0.041209165,0.707881178,-0.363024538,0.656161471,0.226749452,0.176893849,27.82,0
127582.0,-0.247559532,-1.21606711,-0.71387544,-2.275692377,-0.070913878,-1.094017661,-0.93993025,0.274144282,-1.921180382,0.874513716,-1.451270989,-0.543934843,1.019102631,-0.194223823,-0.944836072,-0.556593906,0.449732181,-0.023618104,-0.51913417,-0.285646376,0.201885949,0.683328428,0.425464999,0.673667369,-2.017136038,-0.562802321,0.28321534,0.167459907,15.0,0
151185.0,1.830214871,-1.128200422,-2.685485783,-0.241924167,-0.085260002,-1.616460977,0.795190696,-0.665715015,-0.998326909,0.965749466,-1.290857593,-0.855309899,-1.084047215,0.967666994,-0.175934017,-2.222294627,0.267177135,0.744416887,-0.743490336,-0.268901442,0.012077918,0.133964747,-0.28402572,-0.116047591,0.38906433,1.012709139,-0.168090016,-0.058109595,229.98,0
60988.0,-3.73754682,-4.395191974,-1.015042187,-0.05765955,-5.134258741,1.787737588,7.321573559,-0.765857386,-1.125431799,-2.629319181,-0.464170475,-0.533804985,0.271052339,0.314383574,0.469104633,0.805004113,-0.698296854,0.166177514,-0.949400712,4.033532517,0.958991953,-0.673723426,4.298944943,0.201397128,0.670280631,0.62827677,-0.691561321,0.21750286,1879.0,0
1241.0,-0.154248458,-0.15582751,0.306664725,-2.368229278,-0.469584296,-1.546518311,0.286107258,-0.399132262,-2.348430359,1.316524943,-0.733456199,-0.970802658,0.572493689,-0.279167484,-0.576443384,-0.638051329,0.292417208,-0.198430085,-0.811147116,-0.32331764,-0.02444542,0.439900472,0.135085181,0.366024348,-0.725045267,-0.431033171,0.336498843,0.281146753,15.0,0
155733.0,-3.61813608,0.079345083,-2.151215969,-0.639360982,0.095828884,1.339038268,1.262491959,0.551291541,0.841970051,0.644405162,-0.768439007,0.438008358,0.185738032,0.18815949,0.441205447,-0.750852002,0.50003872,-2.108322505,-1.031113209,-0.472281872,-0.442980124,-0.229317311,-0.643825612,-0.57109977,-0.931768901,0.187146849,0.301502572,0.280873187,264.83,0
62167.0,1.458469757,-0.818098035,-0.792247959,-1.823378567,1.18848767,3.404345083,-1.426885143,0.872859694,-0.682947938,0.680697107,-0.049878156,-0.754662583,0.303561992,-0.216972283,1.172949237,1.677628653,-0.385850554,-0.600110393,0.694159039,0.197890496,0.244059257,0.518563338,-0.111779589,1.040161443,0.615234311,-0.0890655,0.030121348,0.014479566,4.0,0
154999.0,1.948535863,-0.386727416,-0.285369717,0.487940394,-0.798481817,-0.769699398,-0.464983073,-0.063599081,1.364070768,-0.153845844,-0.899601204,0.227773756,-0.478957004,0.082859101,0.715551776,0.218233919,-0.505276701,-0.124773261,-0.081050166,-0.228753298,-0.175317916,-0.419033196,0.365064404,-0.013228782,-0.455702326,-0.624779561,0.028088543,-0.028679005,24.99,0
151104.0,0.206843649,0.262223179,0.871899974,-0.255321048,0.228495534,0.083654848,0.11589341,-0.149777813,0.956465773,-0.178478686,-1.125903644,-0.020938431,0.17540381,-0.472871238,0.697830841,-0.457538369,-0.323002797,0.369590094,0.792988399,0.003945256,0.314219483,1.308467766,0.013307421,0.66313723,-1.491576753,0.013470137,0.049516611,0.067972871,1.0,0
3139.0,-0.677238393,0.858963019,1.094180528,-2.217232963,0.344358031,-0.821290036,1.046028081,-0.207414632,0.617453659,-0.742946311,1.927841408,1.52492415,0.48952444,0.078267865,0.341495354,-0.797765295,-0.525705414,-0.097486902,-0.283371044,0.187659578,0.133900606,0.866597846,-0.252060031,0.248841557,0.023028001,-0.838198076,0.362188934,0.036675203,1.0,0
91522.0,0.105150174,0.987683757,-0.381922085,-0.502763499,1.106190011,-0.341402887,0.697141253,0.031873984,1.150074317,-1.005938132,1.531266493,-2.562463547,0.607524393,0.798346931,-1.545240022,0.628222976,0.802721074,0.769885534,-0.029616507,-0.057120781,-0.46725724,-1.044480987,0.082093919,0.158373238,-0.468473951,0.076949451,0.183187983,0.06340958,5.49,0
156071.0,-0.22024497,0.577300025,0.21910385,-0.645498833,1.158938664,-0.16672765,0.871838735,-0.038807342,-0.576018429,-0.395971328,-0.128155668,0.455566973,0.224638156,0.349672271,-0.761346356,0.153827413,-0.822840633,0.18264364,1.201908759,0.051523119,-0.16895806,-0.51573965,-0.058122484,-1.028035475,-0.579125911,0.240844484,0.10378657,0.161733895,20.0,0
74310.0,0.964150561,-0.055434507,0.273614159,1.35335226,-0.429376678,-0.822077541,0.35157939,-0.266024288,-0.106390519,-0.014085937,-0.328992848,0.444481035,0.569599244,0.259027918,0.898225893,0.143325112,-0.496580799,-0.104124197,-0.52363653,0.174817532,0.160923768,0.221879407,-0.238627643,0.410273488,0.639115755,-0.297095937,-0.00477686,0.047418627,144.0,0
147485.0,-1.591704516,-0.756837592,-0.128785345,1.512882581,3.137825232,-0.837095346,-0.502463872,0.184369522,-0.628945548,-0.87971766,0.26056972,-0.001401658,0.232497973,-1.71824798,0.650499005,-0.574361795,1.920908451,1.878347233,3.586613966,0.957002162,-0.010881343,-0.368145591,-0.250779257,-1.519166859,0.861570396,0.343088766,0.043316268,0.136745589,30.0,0
138371.0,-0.622813293,1.087048435,0.63857728,-0.948616134,0.444012321,0.219108093,0.466529295,-0.335957357,0.522487982,-0.131148631,-1.621523062,1.318396217,3.347215605,-1.229286172,-0.448281584,0.378553373,-1.227133235,0.067500388,-0.09094922,-0.014785004,0.386256019,1.128585685,-0.187595124,-0.864695491,-0.920533577,0.371821873,-0.582790415,0.219854381,11.5,0
79024.0,1.215010966,0.28291701,0.269157621,0.6450187,-0.213136464,-0.608606383,-0.016560089,-0.044353677,0.083303623,-0.315883258,0.089179009,0.128456114,-0.14992524,-0.188692905,1.38533149,0.204349772,0.291404231,-0.702667576,-0.551951974,-0.137017932,-0.264998718,-0.745323274,0.163244262,0.018548745,0.132278471,0.125754935,-0.008760608,0.026431637,0.89,0
148253.0,2.234550122,-0.56978885,-1.500872813,-0.947714441,-0.123114397,-0.881361319,-0.159602272,-0.395306211,-0.684167214,0.74631307,-0.598741591,0.198412875,1.447406782,-0.313402883,-0.411279965,0.622437351,0.249852346,-1.962317341,0.873007277,0.070667659,0.029783612,0.149037196,0.195155978,0.70818761,0.066425829,-0.312594555,-0.036936452,-0.053984065,15.0,0
151070.0,2.109310394,0.003424992,-1.717861743,-0.012154676,0.644166142,-0.401340448,0.205356419,-0.251985249,0.246732395,0.154265208,0.222665099,1.207628913,1.256421567,0.403090331,-0.000223889,0.243819445,-1.208567099,0.649454059,0.457916609,-0.131525058,0.237809685,0.878674451,-0.158552502,-1.031034613,0.419353433,-0.064662516,-0.017594202,-0.077560865,0.89,0
39852.0,-0.567788765,-0.151428909,2.648534521,-1.657724003,-0.594777762,-0.608241975,-0.117931945,-0.136227055,-1.002244221,0.050880537,0.369688182,-0.285754989,0.927411572,-0.905166371,0.619535979,1.054370636,0.13102644,-1.510911721,-0.871570896,0.200738069,0.501520545,1.520204137,-0.2166644,0.660723891,-0.063707787,-0.235024262,-0.044621345,-0.10638436,11.0,0
79381.0,1.22656617,-0.454822222,0.780523463,-0.911839893,-1.049894005,-0.327866358,-0.726383366,0.171583218,1.68202929,-0.891518087,0.856684431,0.977905753,-0.714431061,0.15673895,0.66658274,-0.12010643,-0.477940234,0.869391011,0.97352456,-0.145438251,0.010359006,0.213433749,-0.080910536,0.009531905,0.49200255,-0.681527467,0.085175952,0.020402609,1.0,0
150905.0,-0.385211766,1.014283797,-0.314971305,-0.463786708,1.605527468,-1.746892718,1.814478729,-0.644106462,-1.325022067,-0.514417806,-0.70017749,0.347888072,0.961709214,0.534964259,-0.455756077,-1.093402347,0.005704016,-0.682868005,0.529872867,0.07453682,0.353808517,1.122681364,-0.604284388,0.208518366,0.769326155,1.103009686,-0.022431971,0.089088171,2.0,0
147941.0,-2.963976904,4.009682184,-3.707784245,-0.648990207,1.19167887,0.974086323,-2.783832735,-7.857893358,-1.95525496,-3.057324781,0.418262334,1.419022634,0.253419529,-0.795593727,-1.462236459,1.33859769,2.328320658,1.473534859,-0.426952496,1.853458398,-2.950587244,1.136627559,0.364835437,-0.432030402,0.261891171,0.646083397,0.102493939,0.306936835,0.76,0
143454.0,-0.518839759,1.426787263,-1.423633359,-1.659366459,1.709047741,-0.708075803,1.70875289,-0.410149806,0.287391115,0.856861113,-0.432925862,-0.435816023,-1.083509714,0.603405343,-0.606968523,-0.177152465,-1.22341217,0.594740738,0.587930122,0.37516803,0.057631726,0.673169886,-0.429097022,-1.369213356,-0.061692782,0.141545468,0.534966271,0.199739544,0.77,0
149001.0,-0.654356251,0.878353105,-2.789140887,0.285342127,2.169544893,3.501563777,-0.395962118,1.558170451,-0.860313241,-0.699090539,0.133551225,-0.096181043,0.110265312,0.204748154,2.383753196,-0.704682163,1.551389958,0.982162089,2.08112695,0.098097286,0.475642351,1.163933696,0.0750155,0.678125957,-0.939587366,0.174868052,0.024670292,0.056847089,80.83,0
137417.0,1.501745818,-1.159761377,-0.271425444,0.78781292,-1.043667457,-0.235265904,-0.301721915,-0.08117513,1.75758933,-0.564254546,-1.105580284,1.349434637,0.98434445,-0.608720182,-0.540005088,-0.390206327,-0.209993315,-0.340731794,0.245303717,0.279467458,-0.061753655,-0.288708113,0.082034666,-0.016422016,-0.302096561,-0.889114713,0.04412989,0.014995598,240.0,0
131019.0,-3.335924091,-4.922648876,1.110455017,-1.452960647,2.034746477,-2.29916806,-0.558657932,-0.677429361,-1.721560758,1.392879661,-0.778720549,-0.693179158,1.749125418,-1.336141951,-0.235222892,-0.644007406,0.072131289,-0.070990193,0.191027692,-0.555286569,-0.529419959,0.21085697,2.768685692,-0.154691536,1.586356708,0.051675717,-0.11004977,-0.840178033,60.0,0
145573.0,2.051856155,-0.201249351,-1.136606557,0.412293901,-0.242987432,-1.131047099,0.048836163,-0.202054214,0.819799046,0.117053668,-1.063675551,-0.531493797,-1.745157998,0.639295741,0.292358898,-0.057598156,-0.153327617,-0.711965742,0.112202552,-0.339395453,-0.307288262,-0.838759926,0.357677052,-0.133425592,-0.366550657,0.211236066,-0.080046437,-0.064646537,4.49,0
10845.0,-4.213098257,-0.146407919,0.563101937,-0.509151016,0.021936728,-0.910158149,0.288970557,-0.241173094,3.068906755,0.756395683,0.65821128,-2.09950849,1.3982439,0.538960633,-1.225522325,-0.473572517,0.86351234,-1.084067424,-0.781277194,-1.229462831,-0.639767736,0.236289125,0.801785571,0.43692509,0.098265706,0.82587871,-0.775560994,0.993335415,4.9,0
58456.0,-1.061145793,0.652103858,2.28804486,0.373319904,-1.029114212,-0.441480484,-0.262132395,0.567198367,0.059221093,-0.987318124,-0.764784557,0.340031893,-0.069420197,-0.141008716,-0.048339839,0.062278547,0.157342511,-0.10022358,0.043078247,-0.051598688,0.078835401,0.14881679,-0.034768835,0.741565373,-0.148474681,0.275654326,-0.033526973,0.025573214,28.75,0
33681.0,1.167584608,-1.019493338,1.518458945,1.013280337,-1.584109311,1.123477519,-1.531098792,0.533919671,0.860913696,0.425844173,-2.069942379,-0.457012307,-1.62105265,-0.832068058,-1.340632487,-2.186729295,0.850078934,0.890179767,-0.73814408,-0.687014439,-0.504573917,-0.55793228,0.009147823,-0.330465131,0.349235141,-0.220628121,0.131729534,0.033468749,20.0,0
92811.0,-1.304733825,-0.848151666,2.905571112,-0.665151301,-0.368005515,0.07128727,-0.548355621,0.002598003,0.894517483,-0.269380775,0.252281428,-2.278998825,3.095593038,0.395367995,0.156559002,-1.424827588,0.371857692,2.219900008,-1.106635493,0.305507907,-0.20553502,0.122826951,0.113696632,1.071338993,0.362042303,-0.177112262,0.129115229,-0.043650849,120.0,0
67903.0,1.244038314,-0.268518101,0.814302787,0.648048737,-0.712446479,0.228398273,-0.711984312,0.193197813,1.152696911,-0.20973048,-1.775151603,-0.42640908,-0.814193704,-0.259870704,0.383986562,0.49426923,-0.468022234,0.207334384,0.331150829,-0.129729903,-0.165810639,-0.334459704,-0.078154255,-0.565448047,0.34814097,0.379703131,0.008401177,0.015740455,11.5,0
137641.0,-0.263753389,0.296214964,-1.014977523,-1.480408177,0.841701763,-0.850819964,2.004331355,-0.512087762,-1.830988441,-0.062840809,-1.663049422,-1.031361402,-0.707839551,0.784613788,-0.569221459,-2.389283265,-0.037132767,1.257825746,-0.694946225,-0.313697056,0.059268975,0.470091252,-0.218254029,0.473866171,0.700833725,0.061769914,0.037325143,0.13672517,140.34,0
155892.0,-0.265572099,0.906500422,-1.100138773,-1.399901497,1.651211351,-0.779781113,1.927544465,-0.627275836,-0.304663159,0.110347953,-0.005899539,0.13169299,-0.201041157,0.57091373,-0.742686867,-0.256004956,-1.148063833,0.402432101,0.557660784,-0.055193975,0.187333416,0.884881277,-0.344870788,-0.97990174,-0.232038529,0.083299989,0.000172776,0.007869418,44.3,0
127051.0,2.131615127,-0.015868608,-2.371046895,0.113679315,0.79654556,-1.115600157,0.713240275,-0.49182635,0.144160658,0.229402635,-1.652984605,-0.446334514,-0.371462364,0.779314115,0.404265615,-0.018424776,-0.651878441,-0.27800772,0.348953199,-0.162281114,0.023287109,0.084596888,-0.113792062,-0.953483295,0.346718905,0.675695401,-0.126301185,-0.086486961,36.29,0
41326.0,-0.267997132,0.784459656,1.843742338,0.588397434,0.220592711,-0.162975931,0.870992062,-0.213259209,0.028050991,-0.427471094,-1.060689104,0.125748474,0.157164914,-0.447771718,-0.343818056,-0.364131614,-0.303943641,-0.312930598,0.348906614,0.033888647,-0.254747807,-0.426561656,-0.169812345,0.002931503,0.066826259,-0.593407646,-0.074568331,-0.157020339,19.55,0
51517.0,1.110229979,0.833255988,0.170646055,2.620702448,0.088343332,-0.63658646,0.199149176,-0.004660609,-1.08754547,0.288621549,1.739569589,0.243427858,-0.508675,-0.796413198,-0.074436364,1.260713216,0.32911374,0.627576902,-0.918551674,-0.113553557,-0.181801355,-0.64247814,0.055730419,0.365263413,0.315828763,-0.189800933,-0.005231765,0.047295007,12.13,0
127342.0,-0.245705845,-0.009988684,-0.554273594,4.908539131,0.156920253,2.142281024,-0.484757353,-2.531791225,-2.050397014,1.051037505,-0.187222858,0.417635344,0.096847581,0.851055453,-0.908318946,0.042238013,0.065718417,0.637170206,1.295596638,1.678616151,-0.852951556,0.784978262,-0.36232063,0.241573,-0.026798173,0.434183736,0.141646948,0.416103702,438.81,0
43974.0,0.749405231,-1.831768878,1.161099767,-0.066779864,-1.873863537,0.531270105,-1.066926262,0.190505286,0.373259232,0.115384223,-0.702565179,0.274112378,0.663263707,-1.249779837,-0.903024464,0.337889641,1.072477817,-1.898572012,0.512079326,0.601238702,0.289656454,0.572029091,-0.274883708,0.160123119,0.291556676,-0.119615002,0.043202919,0.072088731,280.27,0
116563.0,2.009023729,0.072900693,-0.856178452,0.571119727,-0.437620457,-1.824880977,0.286153792,-0.497301595,0.439181557,-0.015800244,0.250540181,1.068778284,0.818824487,0.332331043,0.611058334,-0.481955241,-0.247732472,-0.423711458,-0.59727554,-0.216790774,0.328156049,1.157709612,0.099903304,0.993883724,0.165296604,-0.162148482,-0.009041011,-0.046610766,1.0,0
33716.0,-0.529001362,0.032023256,1.364877657,-1.724950924,-0.165844884,-1.119065607,1.283434456,-0.56254353,-1.694964125,0.022580422,-0.128436278,-0.371111367,1.016486004,-0.473764882,-0.219488334,0.975519057,-0.05615702,-1.92870553,0.222642562,0.452346193,-0.078815001,-0.443350615,0.187474819,0.355693138,-0.024244857,-0.729366808,-0.141313799,-0.104792038,124.0,0
84482.0,1.305573753,-0.408375705,0.54830024,-0.917217604,-0.847102115,-0.357028798,-0.62550697,0.049830521,1.957069484,-1.06344816,-1.277083616,0.189666291,-0.410210015,-0.096392425,1.39015892,-0.173524107,-0.42048044,0.524865063,0.87581666,-0.131622501,-0.073461067,0.017460547,-0.133227849,-0.445667395,0.594742368,-0.632797275,0.089173902,0.025674793,1.0,0
162511.0,1.710916205,-0.92731019,0.03577195,1.17979312,-0.897645952,0.902637353,-1.273300322,0.563881337,1.558435788,0.325448358,-0.125079039,-0.534469441,-2.420161812,0.311046282,0.547112093,1.155386838,-1.074172862,1.53191433,-0.496856713,-0.169856042,0.306238435,0.681339035,0.127974519,0.203922712,-0.405688495,-0.612784894,0.05567807,-0.013082989,100.0,0
85283.0,-1.887451087,0.37799111,1.46990552,-1.128065328,-0.454676485,1.888546504,-0.901264743,1.707318318,0.152337518,-1.583372784,1.228612416,1.36736695,-0.729914289,0.325870746,-0.615194444,-0.707569827,1.165887842,-1.863892772,-1.460536896,-0.452846386,0.11977788,0.236325313,0.062847881,-0.955129771,-0.488449262,0.882196813,-0.277432176,-0.111312487,46.9,0
153405.0,-0.737560231,0.386668537,-0.9561622,-0.679787107,2.541946651,-0.966172751,1.362906321,-0.443522306,-0.636977072,-0.579980386,0.551733788,-0.164785999,-0.685306695,-0.79455551,-1.166749729,0.060874367,0.247991083,0.659331455,0.332167265,-0.107014188,0.076340123,0.431957473,-0.51849842,0.176230353,0.085465095,0.583333008,-0.155349076,-0.070437702,37.55,0
59031.0,-1.625246781,2.157284979,0.178944924,0.693694412,-0.43652406,-0.678155575,0.535348873,-0.447879128,0.602695549,1.630169294,-0.328201672,0.364063346,0.826092897,-0.369339124,1.030055219,-0.398317914,-0.440497981,-0.113665727,0.32235496,-0.148199938,0.230125055,0.582391289,0.150580622,0.386107833,-1.270348801,-0.87100679,-2.611643335,-1.140764242,19.25,0
47165.0,1.22311119,-0.942174259,0.196412508,-0.420354584,-1.078497133,-0.451728419,-0.5722794,0.023307182,-0.216677386,0.492313925,-0.736289957,-1.363092491,-2.043685703,0.04087601,-0.082837097,0.281717669,1.117892063,-1.938865943,0.568877152,0.022159824,0.099470737,0.171263407,-0.112220739,0.06502179,0.51876353,-0.116556423,-0.004218518,0.012913127,80.44,0
66582.0,0.905968071,-0.197075891,0.351769218,1.297991368,-0.58905839,-0.645058201,0.16268672,-0.056337185,-0.178564282,0.19354869,1.324406921,0.492638371,-0.880934049,0.73254352,0.328880515,0.342934497,-0.597499692,0.488222837,-0.301657166,0.094086086,0.210678344,0.2627897,-0.210004207,0.523915421,0.536897316,-0.322690391,-0.017025409,0.036442871,144.0,0
55601.0,-0.446200815,0.947425537,1.13369327,-0.163162537,0.425228883,-0.012252145,0.523007177,0.242180007,-0.613632099,-0.387357775,1.388182413,0.504662795,-0.080364828,-0.190758836,0.488253494,0.390629617,-0.074521413,0.038804917,-0.037349256,0.125233452,-0.198922349,-0.538313085,-0.006034635,-0.365047249,-0.219255353,0.104690205,0.252090735,0.082501812,13.17,0
155507.0,2.003720943,-0.080452589,-1.726682446,0.124841019,0.445986966,-0.675583716,0.324523718,-0.188161492,0.397212354,0.043801718,0.963675757,0.927698154,-0.460231094,0.841220527,-0.190939891,-0.439054852,-0.507948467,0.171742934,0.261372644,-0.220025734,0.165877786,0.554141458,0.038060287,0.708606401,0.327785719,-0.569613619,-0.018587823,-0.060189162,20.0,0
46701.0,1.318156304,-0.896775901,0.32373254,-0.964839252,-0.661253125,0.573002917,-1.027073587,0.124979983,-0.37677845,0.526685792,-1.276372671,-0.783155112,0.973909908,-0.575813677,1.429432683,1.582485769,-0.197125467,-0.886208152,0.37081093,0.249786512,0.357056313,0.917704604,-0.301858789,-1.257766936,0.534370804,0.05920056,0.043974381,0.019355346,69.99,0
79484.0,1.19359581,0.269023805,0.167489292,0.447423002,0.060905271,-0.082684689,-0.079997266,0.085335253,-0.255319121,-0.166555226,1.612713767,1.065198242,0.488934558,-0.143976053,0.635444874,0.463798336,-0.114831345,-0.183545669,-0.14549559,-0.070915949,-0.226320586,-0.638196944,0.102081281,-0.339892657,0.167500862,0.125990519,-0.008813047,0.014567463,1.79,0
159475.0,2.058797297,0.285342163,-2.082021202,0.64784317,0.494060809,-1.523497475,0.621809322,-0.458031756,0.522884095,-0.557576275,-0.472855888,0.312209281,-0.139698476,-0.725379157,-0.160668095,-0.494188811,0.880910812,-0.224512319,-0.01672652,-0.234427651,-0.060879939,0.097378316,0.018921519,-0.084029116,0.351800163,-0.217523337,-0.017812286,-0.040683604,5.0,0
143609.0,-0.307066096,1.445650856,-0.578178067,-0.709898288,1.726816064,-1.367342312,2.297518658,-1.137004497,0.080763176,0.297916645,-0.013269173,-0.211340314,0.140946772,-1.584320141,-0.63345805,-0.719536038,0.458352736,-0.366669673,-0.352632615,0.350834086,-0.010651907,0.724176291,-0.345388558,1.137858544,-0.225264588,0.44118462,-0.302894155,-0.329999966,8.65,0
168704.0,0.101122912,0.314151377,0.066561927,-0.441991182,0.84535131,-1.307308536,0.712264067,-0.231188053,-0.029441551,-0.494077764,-1.07956769,0.201828824,0.1628921,0.133624486,-0.453029104,-0.040140992,-0.491118905,-0.698796041,-0.050016974,-0.103592595,-0.166695837,-0.505118169,0.213735902,-0.114807833,-0.821368248,0.07106011,0.014466786,0.052861234,1.98,0
166215.0,-0.011016002,0.733468155,0.325650861,-0.679077255,0.353827148,-0.789597598,0.821278828,0.023215247,-0.142622785,-0.217698764,0.707807074,0.28115978,-1.208000278,0.541237325,-0.940415237,0.072235774,-0.508632826,-0.233089027,0.109583981,-0.110221078,-0.210844207,-0.510782219,0.08573161,-0.019411079,-0.583784718,0.124479216,0.239679664,0.085030928,2.58,0
26513.0,-0.782705144,0.797539621,1.193984939,-1.51003333,0.030690408,-0.128575048,0.312830622,0.254075791,0.177237344,-0.107206618,1.136459241,0.47087661,-0.411057626,0.090099418,0.156001377,0.635578667,-0.77995556,-0.198319008,-0.730936522,0.083811471,-0.067279765,-0.146617151,-0.032484406,-0.281279826,-0.287138394,0.748272846,0.156834162,0.112500657,8.0,0
67966.0,1.132398441,-0.03859676,1.183021618,1.143024188,-0.697981169,0.330533558,-0.619226755,0.217178618,0.542551519,-0.054409406,0.741040202,1.455143382,0.744456932,-0.32951429,-0.57901445,0.335495362,-0.66024745,0.449457468,0.196576807,-0.063728221,-0.02342767,0.138820666,-0.066615325,0.03395782,0.453406496,-0.408894563,0.072931958,0.026527844,9.99,0
159013.0,1.783293444,-0.458827849,-2.022720738,0.617791173,0.475189041,0.010994087,0.067262581,-0.012322129,0.6205709,-0.346592062,0.325229606,0.474365798,-0.390351017,-0.983556735,-1.047478987,0.393519543,0.37217388,0.81618506,0.39143748,0.105010499,0.081225145,0.16379808,-0.131812038,0.049678264,0.144211883,0.429996243,-0.069109995,-0.024780363,137.1,0
148778.0,1.785274046,-0.040953304,-2.651892829,1.284442645,1.118248685,-1.001361896,1.335679856,-0.621969938,-0.454692725,0.274980504,-0.811792893,0.578174538,0.760884562,0.74190031,-0.327838341,-0.879781419,-0.279085199,-0.564452301,-0.361538215,0.126421999,0.408284123,1.014075009,-0.35812532,0.687318976,0.871634519,-0.239614151,-0.081492975,-0.042011055,172.4,0
71439.0,0.965830343,-0.335570358,1.224839773,1.213424208,-0.964800679,0.375021783,-0.73559107,0.377474074,0.652989983,-0.005971637,1.229407022,0.650250771,-1.070155496,0.196563975,0.276939508,0.141206203,-0.243595464,0.32570715,-0.587536199,-0.11731101,0.237992531,0.692820272,-0.083921608,0.216132866,0.327663583,-0.260653721,0.065422163,0.031350688,59.19,0
147088.0,2.052890448,0.134711741,-1.796240275,0.227555359,0.661116398,-0.375240867,0.109832632,-0.09841786,0.180341388,-0.223377434,0.949766299,0.998340406,0.521736587,-0.763080514,-0.527359549,0.576175367,0.087143932,0.224137244,0.45056217,-0.103435049,-0.326611982,-0.846655559,0.284704985,0.199214474,-0.232217339,0.170878957,-0.063739501,-0.042540042,1.98,0
54609.0,-0.425550443,0.521216912,1.465979856,-1.082439711,0.258715114,-0.840895171,0.894819596,-0.254039143,0.041510969,-0.543500769,-1.186691107,-1.376643956,-1.798875567,0.230110371,0.704441121,0.505406435,-0.709571626,0.077747989,-0.317229131,-0.083593833,0.005907669,0.039921473,-0.311175759,-0.096430661,-0.029376321,0.933618761,-0.19408439,-0.142555143,12.55,0
125109.0,1.708966326,-0.855667526,0.6801962,1.71998539,-1.399780394,0.420163601,-1.210443199,0.304784542,2.03740508,-0.078589374,-1.545570884,0.434683212,-0.325022804,-0.796818405,-0.473007129,0.154387242,-0.31349452,0.337884038,-0.547051312,-0.135065435,0.224044351,0.887186742,0.096664195,-0.012001974,-0.261147668,-0.526071065,0.10488223,-0.004776474,85.0,0
36587.0,1.293956459,0.142274746,-0.199893896,0.320662383,0.0956602,-0.122327963,-0.162309884,0.119719717,0.123819881,-0.059628054,0.282612735,-0.413657473,-1.443790433,0.195220635,0.675285784,1.099580969,-0.578389058,0.796894181,0.543386439,-0.146092102,-0.333164189,-1.079237007,-0.006174865,-0.926977741,0.281250153,0.155365468,-0.040158088,0.004989467,1.98,0
161692.0,1.871624608,-0.097154756,-1.799075225,0.310373286,0.364547854,-0.493185786,0.069740112,-0.069382665,0.656373064,-0.783085033,1.406679377,1.252997104,0.331279696,-1.498690159,-0.781413986,0.162500986,0.954843723,0.451759722,0.30068577,-0.001853402,-0.161511971,-0.362420221,0.163115985,0.593316253,-0.095473999,-0.146401033,-0.017173636,-0.010786591,64.24,0
54165.0,1.034164195,0.36008703,0.910667951,2.283383903,0.043023807,0.85795759,-0.325816329,0.387574555,-0.830862886,0.747741148,1.588057409,0.709653147,-0.18598651,0.454099591,0.478355387,0.480410892,-0.382620082,-0.616454562,-1.483708,-0.199508275,0.012258171,0.002537004,0.119622422,-0.31513679,0.114723294,-0.088242607,0.031886884,0.013931915,8.0,0
145193.0,2.217040658,-0.880571,-2.121493807,-1.081085069,0.065008175,-0.572961657,-0.184459891,-0.213177151,-0.52812625,1.001184712,-0.318681359,-0.831642369,-1.26381851,0.423191207,-1.205099614,0.862089269,-0.000741724,-0.865621058,1.586119868,-0.051782707,0.163700986,0.431809622,-0.130782626,-1.081139054,0.359187909,0.005978733,-0.073560819,-0.093432765,39.9,0
149621.0,-1.669745079,0.292059812,1.573560159,4.520394016,1.081439834,1.341098185,-0.465800503,0.923501063,-2.295880119,1.040692078,-0.114492698,0.204999505,0.436544802,0.449064709,-0.343096558,0.313303931,0.079655924,0.495946776,2.059382045,0.682473922,-0.191242163,-1.219813441,0.080626273,0.133300691,-0.031335259,0.029153407,-0.022837915,-0.154981784,76.0,0
49444.0,-2.26109255,1.992262391,-0.162529951,-1.152750001,-1.428370869,-1.442524021,-0.731649642,1.54223093,-0.440800643,-1.223140544,-1.243234164,-0.016082569,-0.916015347,1.439537035,0.369882542,0.952234433,0.100033053,-0.159190529,-0.653073709,-0.539993318,0.155182995,-0.230750977,0.144919937,0.392726618,-0.261963989,0.738142592,-0.659365111,-0.094265246,1.84,0
137250.0,2.031946342,-0.25304215,-1.221760411,0.233952211,-0.059456239,-0.660096076,-0.065052236,-0.036020147,0.582719947,0.288357037,0.398941003,0.055647415,-1.81563304,0.825917317,-0.386190891,0.215182267,-0.496217141,-0.129162315,0.499992004,-0.327021298,-0.27442657,-0.774992199,0.315913883,-0.446125496,-0.362334321,0.210147028,-0.083928293,-0.077943891,1.98,0
59922.0,0.911111779,0.19501098,0.365652272,2.600939355,-0.1969443,-0.586752589,0.492122327,-0.215662284,-0.89257439,0.622974141,-0.476559448,0.011114843,0.206571816,0.37159454,0.438279137,0.622259447,-0.593466391,-0.443956133,-0.973369034,0.160095827,-0.045330453,-0.518100127,-0.096367264,0.376732658,0.396155809,-0.134564672,-0.046248568,0.048072087,153.65,0
167891.0,0.137154863,0.96918986,-0.612542198,-0.783664461,1.228156165,-0.19746497,0.87644867,0.066027236,-0.280955496,-0.669241276,0.533943429,0.424124332,0.079296579,-0.865190067,-0.906744659,0.683813898,-0.085354586,0.449802844,0.263755358,0.058057929,-0.323132471,-0.817188985,0.022452613,-0.011115776,-0.375426148,0.128023266,0.217184432,0.069042277,6.24,0
38177.0,-3.249576851,-3.792143441,2.259834426,0.78624591,2.735413373,-2.325123423,-3.403826627,0.171421887,-0.401199923,1.06749314,-1.076115011,-0.73960903,0.31060983,-0.712245107,0.908943792,0.287737587,1.041820716,-0.782091691,2.904433918,-0.248340382,0.110044411,0.825240021,-1.029537607,0.085993779,0.245469949,0.342718737,0.563657411,-0.132986272,12.62,0
138027.0,-0.306685474,0.713692467,-0.080951273,-0.06434972,0.695060109,-0.724981165,1.114175723,-0.411630904,0.519328038,-0.87043443,-0.322940249,-0.481909784,-0.94309821,-1.603071586,0.072272979,-0.564423918,1.352013632,0.16317054,0.69085451,-0.156542534,-0.161786468,-0.016541323,0.236835457,0.962758711,-0.908531154,-0.180987344,-0.115363958,-0.015770089,40.0,0
136761.0,1.89206704,-1.390302805,-0.858567137,-0.639707924,-1.2597539,-0.996244398,-0.601610964,-0.232307736,0.050651511,0.706814691,-0.899455982,-0.842956113,-0.553362287,-0.167575053,0.121299119,1.050932848,0.265272594,-1.281056494,0.528512217,0.212702765,0.283763697,0.519086624,0.054702422,0.057613538,-0.221360577,-0.195209719,-0.03676268,-0.027406263,160.0,0
73732.0,-0.650765974,0.397508975,0.216756923,-1.796100071,2.177736226,3.562367326,0.192431769,0.718853168,0.252671313,-0.07638819,-0.210200854,-0.308333648,-0.03333095,-0.301451474,0.825649524,1.065667653,-1.490229099,0.306020687,-0.680930364,0.089948989,-0.153554428,-0.375859221,0.050941165,0.994391991,-0.169519813,0.093721367,-0.133638069,-0.139886131,49.99,0
148769.0,1.315749999,-1.346441387,-0.820645719,0.406188008,-0.652954263,0.067880872,-0.127866135,-0.034840718,0.87544682,-0.232452053,1.126136343,1.788786955,1.409291194,0.019622048,0.310120589,0.355703295,-0.994052124,0.802349577,-0.158380922,0.568849978,0.491996011,0.846021673,-0.157930964,0.816612837,-0.1592807,-0.65772005,-0.004148885,0.025585516,339.35,0
53792.0,-2.486921789,-0.271417355,-0.27900043,1.263934172,-0.175879599,0.226319067,-0.017268523,0.905398722,-0.760672977,-0.208285566,1.331886437,0.789978392,-0.423401055,1.186997637,0.991561278,-0.243863357,0.399060984,-0.199851844,0.006705498,-0.839325618,0.172196428,0.725601768,0.493733803,-0.25349247,-0.211093919,-0.287225232,-0.107852701,-0.688100021,49.95,0
164226.0,-4.727128021,4.489471752,-2.872129728,-2.346024865,0.387128276,-1.327779343,1.566776798,-0.088836396,3.444873539,6.151610422,1.233410468,0.107060943,-1.19919013,-0.713034939,-0.367486079,-1.042849956,-0.989474129,-0.127033911,-0.341218003,2.318388363,-0.576910889,0.791347421,-0.144303566,0.718793445,0.347406264,-0.215531285,-0.559772434,-1.752775548,0.77,0
80104.0,-0.664836466,0.967783749,1.996233341,0.77728134,-0.801841404,-0.112789705,-0.219412011,0.553398799,0.043191783,-0.878992483,-0.953001496,0.76693894,0.835163425,-0.320529239,-0.162583564,0.07203126,-0.112411392,0.041031646,-0.081131912,-0.139033542,0.060747828,0.250673087,-0.088730678,0.409216349,0.032560912,-0.449249927,-0.022812058,-0.01676317,9.99,0
67516.0,-0.580630982,1.058746883,1.591143659,2.593836338,0.817668827,0.489776636,0.258679949,0.10387053,-1.749116621,0.956216049,0.531373999,0.16562852,0.679694043,0.280531282,0.628589393,0.346212438,-0.5570936,0.847289288,1.361401275,0.139742007,0.099830551,0.269424818,-0.466217578,-0.461754431,0.398576734,0.378891897,-0.068911295,-0.037133288,12.07,0
51768.0,-1.715214515,1.413298411,-0.624681263,0.100327423,2.116701989,3.860255666,-0.246211641,1.12737871,-0.161424167,0.503870013,-0.684146243,0.008352146,-0.137099952,0.185446919,0.237169614,-0.548743846,-0.010203857,0.191558675,1.517190324,-0.011916272,-0.014811858,-0.251864232,-0.194939104,1.015995067,0.370101471,-0.272505512,-0.695084616,0.15694014,16.15,0
67365.0,-0.061527009,-0.283064121,1.774401082,-1.809578386,-1.473155127,-1.238812954,-0.321119432,-0.132513868,-2.285564043,1.028405527,-0.379601225,-1.696072475,-0.938296149,-0.129260927,0.450603603,-0.604601057,0.794859487,0.110854174,-0.27016788,-0.382549359,-0.118895248,-0.034443563,-0.034682233,0.853992347,-0.189585539,-0.275585777,0.075964146,0.062511481,6.42,0
144682.0,2.065115208,-0.168096773,-1.123829557,0.417678161,-0.256714253,-1.216708569,0.075260993,-0.240373377,0.78761102,0.120223204,-1.068589803,-0.431287767,-1.522621356,0.589686961,0.21980302,-0.012292616,-0.219149595,-0.653528938,0.180047284,-0.324390333,-0.311568727,-0.841351566,0.351619472,-0.067983195,-0.344290331,0.205085417,-0.0812918,-0.063959727,1.98,0
41069.0,-2.838558674,-0.039808318,1.248879551,0.022621943,-0.562449781,1.558224911,-0.693505753,1.728841788,-0.361553042,-0.671658575,1.863295947,0.528621276,-1.333369884,1.050808431,1.811652915,-0.229581838,0.893692025,-1.034242196,-1.54709619,-0.071760745,0.222385604,0.541107368,0.348250158,-0.830101048,-0.104357452,0.454705486,0.374323513,-0.281104023,105.1,0
88895.0,2.045334888,-0.171053826,-1.772902851,0.051158287,0.540808893,0.185395898,-0.34966318,0.107994531,0.695025051,-0.284480233,0.176810841,0.173718434,-0.282700558,-0.984780612,-0.10168451,1.086797725,-0.091227853,1.087497752,0.441728836,-0.093105819,-0.094456307,-0.206927281,0.084786693,-0.424740026,-0.147988515,0.571168365,-0.057073116,-0.042489783,17.77,0
35976.0,1.29388981,0.444762363,-0.808238847,0.535003728,0.413660305,-0.640935671,0.197972986,-0.05247105,-0.188718665,-0.393368626,0.876102327,-0.270511405,-1.135618975,-0.640387873,0.422356184,0.949398962,0.329097437,1.043962844,0.285238384,-0.112730218,-0.153918873,-0.475363559,-0.180076702,-0.615149232,0.612867663,0.406382552,-0.046366632,0.015621684,0.76,0
48042.0,-0.635882541,0.728055836,1.09857112,0.619499002,1.006196952,1.499279712,0.754507515,0.327100314,-0.689006136,-0.38779706,-0.479182679,0.172535664,-0.040936874,0.133195883,-0.423258355,-0.388652,-0.307659496,0.380365915,1.452364365,0.197702937,-0.068496796,-0.13800309,-0.412473371,-1.706891427,0.713796056,-0.090587629,0.068825455,0.046995746,68.54,0
42415.0,-0.396605635,0.55454532,1.979187962,0.77720628,-0.066682708,0.527435514,0.491988794,0.023190686,0.329578147,-0.157044105,0.236198104,0.623087393,-0.565039922,-0.554144211,-1.773458926,-0.397305923,-0.295524542,0.324809352,0.663996751,-0.061918464,-0.053498408,0.237619534,-0.315533864,0.026113868,0.219579672,-0.364546892,-0.206388341,-0.216754399,34.0,0
134320.0,1.763920824,-1.537281463,-0.563759047,-0.644145993,-1.343657908,-0.520735896,-0.72452784,-0.038732291,-0.088503009,0.740945288,0.878774795,0.334057516,-0.243987491,-0.223635202,-1.123739406,1.119275689,0.186054097,-1.328805298,1.111868791,0.298336829,-0.049982999,-0.512891695,0.272667092,0.043782839,-0.597076029,-0.615959565,-0.029827529,-0.021970293,187.81,0
79821.0,1.332849312,0.389198249,-2.165596605,-0.306872624,2.641351251,2.808083764,-0.171626636,0.683351734,-0.297962001,-0.6520966,0.418002665,-0.322436924,-0.143469155,-1.154524296,1.157633714,0.878174918,0.53691752,0.712873013,0.006773555,0.053607119,-0.207432404,-0.692416684,-0.118597512,0.891479668,0.730240364,0.384013446,-0.028465272,0.036123309,0.76,0
87607.0,-0.098093592,1.181010572,-0.519703737,-0.60698126,0.939945252,-0.772732771,0.921966017,-0.069611579,0.150822512,-0.528497283,-0.651293558,-0.109540247,-0.015021882,-1.078865036,-0.170559116,0.262572824,0.403375532,-0.308637166,-0.316462223,0.13204316,-0.370594036,-0.842427922,0.099957681,0.495944395,-0.382853626,0.124369556,0.335833792,0.141696076,1.29,0
41470.0,1.138974054,0.128594788,0.282613779,1.203533112,0.055708061,0.33065646,-0.047140407,0.160101693,0.074283084,0.047272465,0.844854862,1.036471657,-0.295938035,0.270853544,-0.75483899,-0.424024954,-0.098587256,-0.358058329,0.045582013,-0.171127023,-0.071444544,-0.017362304,-0.116051016,-0.291060746,0.671149786,-0.309763605,0.034145776,0.002769015,11.46,0
80771.0,-1.367710992,-2.117688177,1.644227538,0.359542792,-1.40518016,0.407887093,0.114929323,0.114342195,-0.739772212,0.080580859,-1.286861965,-0.876856887,0.246252422,-0.833023376,0.140400116,0.203941727,1.128546859,-0.80321344,2.81410127,1.478543285,0.389064346,0.346060879,0.959744898,-0.12315068,-0.073763681,-0.019020382,0.021140576,0.181224904,419.35,0
154689.0,1.861040608,-0.432535944,-0.972044089,0.428066327,-0.126896307,-0.299402058,-0.105868408,-0.084133622,0.446054041,0.204198359,0.639859787,1.206591899,0.576551409,0.210114501,-0.418561919,0.315360877,-0.786124131,0.087155572,0.20385957,-0.018185432,0.047069676,0.128913674,0.095700488,-0.426951818,-0.20252678,0.22705868,-0.051060795,-0.053977011,79.9,0
151403.0,-0.060002805,0.590022842,1.411522038,-0.241472366,-0.12620699,-0.340733067,0.310149377,-0.030642254,0.336482197,-0.803447115,-0.836739642,0.602361753,1.121509239,-0.414495442,0.504112589,-0.162353854,-0.464365894,0.276697462,-0.05930367,-0.026077743,0.344488617,1.228925403,-0.300911782,0.053248872,0.055476484,-0.067491233,0.098941008,0.038167637,7.48,0
126253.0,1.965454894,0.438750303,-2.301473539,1.383802491,1.018823924,-0.660935489,0.571090243,-0.1823026,-0.11330355,-0.192280714,1.157713052,0.625683484,-0.543899736,-0.760941452,-1.008118272,-0.033293958,0.775551507,0.538289115,-0.157911744,-0.207086905,0.019231539,0.196575398,-0.005259827,0.577065685,0.436531238,-0.542551322,-0.007865176,-0.030616879,17.45,0
58407.0,-0.388249826,1.039199924,1.25859577,0.0192092,0.181841169,-0.537153662,0.582521304,0.09793926,-0.314383823,-0.536712087,-0.083246201,-0.283156695,-0.448588767,-0.291958244,1.205923423,0.114868135,0.318549226,-0.521244457,-0.445241736,0.044792023,-0.242878457,-0.619973489,0.017981572,0.008081042,-0.252426383,0.103474378,0.258967524,0.093752504,0.99,0
68544.0,-1.029096501,0.086778941,0.585140739,-1.357861609,2.882041442,3.403744232,-0.132181085,1.040259845,-0.234614255,-0.898648731,-0.666018898,-0.047113845,-0.315869976,-0.080452602,-0.503371775,0.284833877,-0.702930918,-0.156374231,0.104333617,0.142679097,-0.261999021,-0.992645915,-0.166556137,1.003794074,0.525222361,0.111873976,-0.016014793,0.060567587,12.95,0
157190.0,2.061671998,-0.082235487,-1.135667703,0.387756207,-0.090084705,-1.13083847,0.17959796,-0.319113415,0.572104566,0.074980075,-0.896783135,0.315953078,-0.048640019,0.295617932,0.066816788,-0.054884363,-0.333559219,-0.803227742,0.200863978,-0.217053208,-0.297144758,-0.740670802,0.318669543,-0.113901523,-0.285493232,0.204948421,-0.072907084,-0.060748085,7.45,0
145374.0,-0.325073259,1.02856142,-1.061963807,-0.264006263,0.415165573,-0.809879804,0.658530164,0.365855814,-0.31966775,-0.862201755,0.672673682,0.142982101,-0.65485884,-0.200274604,0.095525567,0.42127694,0.326322418,1.347707208,0.127592805,0.030292543,0.370332819,1.01377773,-0.052748949,-0.485878749,-0.302630206,-0.131005275,0.240064114,0.105616454,61.73,0
140844.0,1.908269778,-0.036183188,-2.959175899,0.239249509,1.769016472,0.814119082,0.383199074,0.187381647,-0.010724774,-0.268514607,1.05376555,0.199847444,-1.119355955,-0.22024758,0.034091236,-0.666114585,1.195901154,-0.665374745,-0.628182551,-0.22332368,0.134836437,0.507964122,-0.062378647,-1.000045064,0.237386177,0.612770198,-0.058214336,-0.070657374,43.92,0
71184.0,-1.183730956,0.184305308,0.854432515,-0.102827415,1.458302749,1.078913208,0.173124848,0.556277033,-0.195907194,-0.546917533,0.209836012,-0.098739236,-0.24412547,-0.309048203,2.121446369,-0.690340992,1.015705962,-1.840816386,-1.375232393,-0.141394176,-0.21368907,-0.271444847,0.642588522,-1.575547825,-0.281053628,0.24771301,0.264275666,0.010682341,4.99,0
118270.0,1.889562901,-0.060413617,-1.85185241,1.218001775,0.637972113,-0.527447448,0.608195788,-0.248702723,-0.005144041,0.401607854,0.262691464,0.759252584,-0.43223067,0.75266656,-1.155302457,-0.384190748,-0.541309449,0.029044295,0.228332975,-0.14938158,0.108517138,0.347029137,-0.131448922,-0.548153132,0.461789295,-0.483441822,-0.033030464,-0.06577078,76.0,0
1280.0,-0.325583352,0.400558217,1.562222632,-0.326307423,0.053672501,-1.275264725,0.908067123,-0.356855311,-0.091947353,-0.424563863,-0.234154663,-0.15837117,-0.376388604,-0.033390625,0.365282321,0.274269699,-0.630586878,-0.352372525,-0.905359688,0.010130115,0.031922983,0.098347663,0.061269272,0.712562202,-0.37368197,0.148595866,-0.171762895,-0.159885294,38.99,0
38421.0,1.278400004,0.24956876,0.154138112,0.364559506,0.198764984,-0.021136759,0.028376798,-0.066028842,-0.042192865,-0.135595129,-0.585527917,0.673248943,1.373548605,0.031770854,1.242760224,0.211013869,-0.502648637,-0.832224595,-0.167376496,-0.039804009,-0.274708709,-0.707683821,0.051891797,-0.746310291,0.288322414,0.173246531,-0.007430479,0.008967147,0.99,0
165615.0,-1.51974459,1.139387875,0.523892657,-0.548797112,1.245793019,0.089879526,0.727824187,0.626890934,-0.887282881,-1.747641891,0.389243609,0.602810011,0.216894796,-0.836849502,-1.315920098,1.230844842,-0.257551639,0.970811328,-1.386193832,-0.095852361,0.037732942,-0.25039472,-0.400356523,0.080738307,1.02718363,-0.780181478,-0.099813236,-0.035680312,44.31,0
117366.0,1.730913123,-0.586447591,-0.663004514,1.087707412,-0.169495515,0.560448257,-0.52615017,0.219243451,0.696372247,0.335220739,0.343465546,0.606504779,-0.152740011,0.248043921,0.247756998,0.787394696,-1.153518572,0.996485963,-0.394535622,0.010090567,0.311195378,0.717510368,0.015932251,0.201253029,-0.106010308,-0.59290382,0.027501692,-0.019077953,119.0,0
31335.0,-0.710672314,0.309059642,-0.079313192,-2.250357743,2.219838319,3.384188285,0.014838017,0.553025749,1.050681615,0.766746583,-0.184347459,-0.388787017,0.022867513,-0.696154322,0.918858588,0.941161397,-1.594989091,0.498175672,-0.659516875,0.442470719,0.057411714,0.664310165,0.048597459,1.063581502,-1.030360381,0.724996858,0.164792458,0.020809233,28.0,0
55262.0,-1.732063598,0.924055629,1.082680318,0.56725611,-0.007326346,-0.17249309,0.32359958,0.166905498,-0.22105311,0.471296055,1.383854273,0.16981522,-1.254744208,0.53303259,0.529076324,0.052706016,-0.315980821,0.059907533,-0.332782641,-0.717931565,0.046174452,0.273959893,0.245251009,0.185156886,-0.043749146,-0.532552516,-0.863062945,-0.369561306,20.0,0
56198.0,1.322989461,-0.376631696,0.054618675,-0.782787098,-0.550678284,-0.687283558,-0.221420962,-0.102112476,-1.424925133,0.765859155,1.965465725,0.361788324,0.055866055,0.327686936,-0.023828849,0.687875788,0.494144884,-1.938165827,0.645210817,0.055646726,-0.046297078,-0.273866485,0.106368574,0.208937196,0.321075711,-0.452264646,-0.010422542,0.000470401,19.98,0
67955.0,1.163311184,-1.056751975,-1.656215775,-1.651149451,1.54617112,3.043523414,-0.464598487,0.625130683,-1.272292053,0.660908814,-0.151090416,-0.197939818,0.291173821,0.45135983,0.904458961,-1.043665121,-0.439408638,0.811878763,-0.159165934,-0.036292439,-0.761649627,-2.287110062,0.114487688,0.976381879,0.095506363,0.625705044,-0.102708258,0.028942346,164.96,0
155232.0,1.477874312,-1.208456684,-1.504904627,0.389737666,0.06123272,0.53045966,0.014597918,0.030016361,0.556185725,0.097889304,0.115660056,0.850991599,0.436405801,0.220842309,-0.254294103,0.565735311,-0.981193618,0.444062636,0.293518105,0.455519492,0.180435907,-0.02384094,-0.133701552,-0.161772339,-0.206578811,0.236342554,-0.094704252,-0.013353583,298.2,0
34625.0,-0.504512335,0.648053645,1.474297501,-1.210839412,0.012089,-1.228822218,0.757464911,-0.144631772,-0.206180869,-0.879926713,-0.566873856,-0.261645746,-0.405086333,0.170048039,0.417232738,0.476642133,-0.596207238,-0.366226018,-0.614636296,-0.11595866,-0.000988155,-0.107792608,-0.087222538,0.415767296,-0.355836976,0.746919347,0.004128795,0.11508745,7.61,0
120062.0,1.830698212,-1.322379532,-1.917596989,-0.329096399,1.399400027,4.075382025,-1.317461311,0.979186923,-0.275801134,0.979249814,-0.519263277,0.00954432,0.252939823,0.015420922,0.657944823,-1.36050579,-0.470766239,1.601137708,-1.628653631,-0.340819042,0.055294826,0.477020415,0.026413585,0.684056365,0.017582195,-0.366687065,0.075374569,-0.017522437,126.0,0
79338.0,1.261772694,0.21737359,0.502129959,0.624166,-0.521375492,-1.002563555,0.027638539,-0.177390478,0.119415743,-0.05097921,-0.30295576,0.10797128,-0.173013791,0.336125796,1.085671721,0.326839691,-0.396636491,-0.481173698,-0.113775604,-0.126074468,-0.26382404,-0.784791873,0.142526353,0.361312354,0.201780705,0.09658489,-0.032105349,0.017786756,0.99,0
132891.0,-0.694462083,0.893924734,-0.226905067,0.491241961,1.413266105,-0.615675439,1.120382769,-0.247519037,-0.540432874,0.227150918,0.124209627,0.096443441,-1.141746491,0.716944947,-1.248455999,-0.659411465,-0.394293477,0.230760954,0.595787316,-0.368499369,0.203148054,0.649617602,-0.394570599,-0.393209685,-0.140292868,-0.543404018,-0.193503814,0.227953704,9.13,0
84007.0,1.314032531,-0.035843637,-1.090780436,-0.55651065,2.029230965,3.268385132,-0.534051671,0.808065815,-0.052807666,0.000818062,-0.028598758,0.073685759,0.041411413,0.425661227,1.245365848,0.640461158,-0.910215454,-0.06855263,0.255040907,0.018398041,-0.312877235,-1.069309108,0.103170812,0.992162146,0.369137465,0.110297825,-0.028436219,0.01195993,2.69,0
132158.0,2.0464434,-0.054964797,-2.033465424,0.248388524,0.488084557,-0.635593727,0.089506843,-0.180348201,1.155588276,-0.840057466,-1.440363436,-0.22602723,-0.362319186,-1.41872073,0.038081714,0.245110549,0.780563465,0.316284252,0.443042762,-0.143502734,-0.301725666,-0.653744134,0.050744171,-1.188476424,0.039611459,-0.021352763,-0.011249285,-0.029732518,30.0,0
76068.0,-0.435224087,1.057604473,1.705137091,0.044827132,-0.222779888,-1.090343829,0.703808287,-0.086675437,-0.417042254,-0.310572356,-0.106750928,0.059717804,-0.024806965,0.161414655,0.823949401,0.102566087,-0.274236331,-0.459866463,-0.108864679,0.083277059,-0.207285644,-0.534431613,0.01472726,0.692671774,-0.238236962,0.051022093,0.266261962,0.12424428,0.99,0
43830.0,1.265647075,-0.299520264,0.188015967,0.020452133,-0.448906402,-0.265077046,-0.226632333,-0.059009147,0.897427144,-0.36919231,-1.493205697,0.065078776,-0.175054392,-0.23442681,-0.186468303,-0.076564815,-0.107830341,-0.408610486,0.769435958,-0.024311349,-0.177727193,-0.337150945,-0.163429727,-0.364778842,0.500145528,1.134959354,-0.072624497,-0.003281764,32.68,0
154571.0,0.083226118,0.92950142,-0.34884254,-0.629169541,0.877962531,-0.512796387,0.820358487,0.091016391,-0.218010148,-0.655877821,1.054673298,0.280089718,-0.761989008,-0.67639618,-0.82884247,0.46522907,0.253490009,0.232270317,-0.052799401,-0.019460936,-0.28288053,-0.73040287,0.115892842,0.583003057,-0.504070342,0.094492779,0.217087854,0.07355313,4.49,0
15291.0,1.280552125,-0.242776707,-0.71725555,-0.86094005,1.731507719,3.391249432,-0.927234546,0.789916294,1.531564836,-0.487500189,0.94894749,-2.439624833,1.781312363,1.65721219,0.725444607,0.83505594,-0.186591058,0.291643625,0.122847491,0.064725052,-0.38496477,-1.071737833,0.112802215,0.976432347,0.139412074,0.763001938,-0.090493812,0.005312336,25.94,0
165782.0,2.073518902,-1.36985731,0.257719752,-0.689603745,-1.573756717,0.43862961,-1.755742702,0.333572806,0.817505717,0.672484477,0.102713311,0.34373623,-0.14324244,-0.990327806,-1.644822471,1.136496203,0.203434706,-0.768300848,1.147759053,-0.063103446,0.170706608,0.773772359,0.194417466,-0.366620882,-0.351904942,-0.182701522,0.059758801,-0.051540681,5.0,0
154299.0,1.949241297,-0.028352174,-2.112123095,1.206738635,0.885658415,-0.514066073,0.747764163,-0.390192927,0.218871786,0.213830445,-1.857659585,0.141090918,0.234499097,0.429233577,-0.464933145,-0.437283915,-0.522525463,-0.339088412,0.144067352,-0.086853335,0.032601272,0.163860261,-0.20504188,-1.04535879,0.578953386,-0.433938131,-0.029079747,-0.058176864,88.04,0
55486.0,-0.416193623,1.014641339,1.315559307,-0.312235279,0.402540867,-0.1770683,0.617458471,0.087425247,-0.710327342,-0.159447664,0.802168416,0.78030252,0.755910149,0.161027035,0.1227497,0.56216861,-0.932615566,0.28248699,0.55818468,0.175466391,-0.213050462,-0.553229127,-0.127971481,-0.357324854,-0.109062775,0.094125196,0.265014743,0.105554999,1.29,0
79227.0,0.681854309,-2.524462101,-0.306627917,-0.942026264,-1.850379995,-0.499384314,-0.387895916,-0.237713547,-1.487885439,1.186959267,-1.352754043,-1.580418342,-0.802264685,-0.126857321,0.005918514,-0.506651913,0.709021212,0.071069582,0.109623832,0.492254539,-0.12819376,-0.956856027,-0.387858389,-0.151127462,0.285206717,-0.26423706,-0.061952638,0.088151922,460.01,0
134417.0,-0.188335699,1.248083875,-0.742523943,-0.53067762,0.682525781,-0.698369785,0.690299907,0.203543209,-0.262317522,-0.526445317,-1.277210025,0.272893721,0.709526769,0.592543559,0.41990603,-0.232190921,-0.474012857,0.263194693,0.15839836,-0.061892316,0.390311665,1.264884005,-0.093583987,0.527225837,-0.687867971,-0.236601307,0.384231351,0.265455356,0.79,0
76581.0,1.099677749,-1.192628455,0.913260843,-0.518375544,-1.590131289,0.07574328,-1.070158364,0.15370638,-0.364156316,0.67062075,0.573236294,0.494529017,0.223057649,-0.26071391,-0.098669738,-0.824623719,-0.352523777,1.875958393,-0.44075365,-0.231245294,-0.195272768,-0.231963647,-0.094723963,0.0520486,0.068308765,1.102154296,-0.036060879,0.025427843,119.0,0
152946.0,0.115504216,0.877459845,-0.133920976,-0.370888084,0.426916441,-1.273362945,0.994359894,-0.236759913,0.171536222,-0.244254643,-1.158646888,-0.711333233,-1.232655644,0.669252448,0.591911325,-0.3817704,-0.408499405,0.315688759,0.052795699,-0.106200301,0.352878678,1.238273351,-0.126267956,0.02763302,-0.83114433,-0.217020996,0.503134576,0.319215578,0.99,0
125472.0,1.519148211,-0.917942339,-0.014895916,1.529622212,-1.029286376,-0.091179223,-0.517341192,0.038407855,1.179359746,0.042292245,-0.994408772,0.401133476,0.275746501,-0.209830086,0.766235712,0.590219415,-0.762245959,0.292653577,-0.821242111,0.17790819,0.216245474,0.336277883,0.078913126,-0.111743754,-0.41536484,-0.742142044,0.045486195,0.015843291,214.2,0
34869.0,-0.647115308,0.065728538,1.883104499,0.85922569,0.381829622,-0.040817318,-0.209580898,0.273122362,1.124398774,-1.179473283,-0.903734259,-0.808410249,-1.950087923,-2.155312006,-0.75041306,0.0894037,1.174523405,0.44309017,-1.322601454,-0.120316686,0.093610028,0.592393693,-0.222341493,-0.066731385,0.108196251,-0.285834695,-0.07070446,-0.165429504,3.4,0
153134.0,1.921764185,-1.553827353,-2.495892176,-2.730922329,-0.335475784,-1.186995347,0.213039116,-0.503159522,0.768369472,-0.475201861,-1.063655542,0.424138501,0.367132005,0.492224885,1.116263313,-2.768947264,0.097130411,1.293142212,0.37985593,-0.1942563,-0.15248254,-0.149842542,-0.138149666,0.279061886,0.357781837,-0.722900602,-0.002672877,-0.021814777,202.7,0
15580.0,-1.264757443,-2.029363867,2.697527447,0.350204874,-1.405316016,0.856284875,-1.069254359,0.322527007,1.556878533,-0.536391381,-0.882456448,-2.82654103,2.283857931,-0.32340841,-2.074574718,0.146624971,1.865836515,-0.366214384,2.031674662,1.059778101,0.431337048,1.229850114,0.474295954,-0.092925947,-0.014289643,0.161984249,0.093769263,0.178306721,278.0,0
44321.0,0.305866052,1.621378988,-2.407877613,1.586596502,0.584848706,-1.280015317,0.772951721,0.301836167,-0.737836913,-1.312378363,1.916161213,-0.105066606,-0.466365551,-2.959401303,0.409684773,1.286994972,2.633530471,2.231268779,-0.021558319,0.178656657,-0.027557051,-0.158793433,0.294122237,-0.369460393,-0.397058401,-0.397103832,0.095036925,-0.055055558,89.99,0
133250.0,2.131908319,-0.021791946,-1.484391006,0.165604482,0.438288148,-0.597523539,0.22454825,-0.318515153,0.480564926,0.048203391,-1.522172309,0.559124921,1.1179209,0.040136029,0.020681615,0.157355688,-0.715680473,-0.636971275,0.531308935,-0.130423723,-0.34626052,-0.820305418,0.199328159,-0.979698828,-0.130982818,0.25724014,-0.066813448,-0.068224524,3.99,0
83700.0,1.197958472,0.058368086,0.344634779,0.389247948,-0.182118339,-0.039256319,-0.20806005,0.169258652,-0.014683481,0.095017055,1.207121809,0.398757238,-0.928542304,0.682491993,0.73842545,0.358280153,-0.446097698,-0.242430253,-0.056012617,-0.181614944,-0.213889258,-0.675419372,0.128135718,-0.346255925,0.118039979,0.131239023,-0.024490078,-0.000600469,0.99,0
77968.0,1.422070561,-1.214780211,0.810254581,-1.413623603,-1.841734023,-0.482911346,-1.365286597,0.028947866,-1.786040908,1.601729166,1.101223219,-0.469118104,0.035231227,-0.2040295,0.193825797,0.071866017,0.149288698,0.864616141,-0.153520601,-0.302964829,-0.003962793,0.304865807,-0.02250298,0.322040605,0.288548759,-0.121305583,0.041692162,0.019172936,29.6,0
78651.0,-0.747746211,0.321414145,2.761016017,1.027612327,0.068222794,0.232320887,-0.101544355,0.140397496,-0.371372373,0.121608525,0.912987475,0.046660651,-0.299489968,-0.012020872,1.241890687,0.41678881,-0.742642325,1.303844317,0.896696665,0.302928387,0.192474392,0.56386025,-0.26810336,-0.017594109,0.123369723,-0.190425543,-0.057990464,-0.13100469,19.95,0
148208.0,-1.838527702,1.097262777,-1.51005679,-1.770510722,-0.097752928,-1.054175291,0.233434048,0.821971984,-1.948898165,-0.397285017,-1.934837575,-0.387923782,-0.441210965,1.258162281,-1.105696921,-1.57183207,0.40364038,0.798406491,-1.233794408,-1.085229721,-0.066444075,-0.152428134,-0.095970905,0.629186272,0.368445809,0.675337563,-0.701696836,-0.170074252,20.0,0
97422.0,1.963105528,-0.411887459,0.279454817,0.577970857,-1.025181694,-0.468990047,-0.953216729,-0.072982034,2.636037292,-0.397447712,0.116122548,-2.041457068,2.05045217,1.068139907,0.004825977,0.61992398,0.090103397,0.268180404,-0.521950413,-0.193998297,-0.109583856,0.086165319,0.324543374,0.01879092,-0.618114731,0.438821937,-0.038666851,-0.042412471,15.95,0
133853.0,2.103708503,-0.967079629,-1.437388824,-1.020721563,-0.536814044,-0.812084638,-0.469120374,-0.193022433,-0.622157817,1.038447266,0.697185955,-0.421724611,-0.568917413,0.343049439,-0.180396514,1.192528241,-0.137946498,-0.645499068,0.731498116,0.027594513,0.502409576,1.30715587,-0.091045804,-0.351353431,0.145763205,0.079036428,-0.050304313,-0.072114121,59.9,0
160367.0,2.048449789,-0.106175197,-1.205632365,0.207864347,0.108040931,-0.665326335,0.074686305,-0.16467709,0.303434517,0.242088787,0.614570343,1.016914088,0.08214403,0.441542265,-0.635822512,0.203245519,-0.682617622,-0.251411616,0.582680915,-0.200112095,-0.263302246,-0.655195785,0.279850516,-0.405648983,-0.274973206,0.202631875,-0.074684187,-0.074136147,0.99,0
88523.0,0.109240919,1.094083381,-0.199818089,-0.450952932,0.787596868,-0.99922439,1.009540793,-0.151694515,-0.181017278,-0.86143773,-0.123271698,0.408245362,0.594996823,-1.118373051,-0.29859365,0.1099196,0.547893313,-0.534789272,-0.474326756,0.037051633,-0.299569283,-0.673191819,0.145449577,1.002114576,-0.47410113,0.087226255,0.231148241,0.089686958,1.29,0
41162.0,-1.052341227,-0.125860393,2.685410033,-1.552180399,-1.152483163,0.93793525,-0.749185008,0.560282289,0.460261169,-0.061967387,-1.66960718,-0.830379482,-0.682944341,-1.525610968,-1.570049034,0.570710463,0.795386842,-1.502007516,0.265169918,0.258804656,0.097015231,0.734127575,-0.397153448,-0.389722521,0.581106666,-0.044458047,0.471375934,0.182687465,30.0,0
105212.0,-0.49265099,1.094331542,0.176826752,-0.717562176,0.613479798,-0.483056696,0.93760469,-0.268723815,1.79048611,0.347974101,1.406351249,-2.521674325,0.327654467,1.594261114,-1.557202715,0.041750603,-0.049399317,0.127744767,0.011229383,0.148129728,-0.491721153,-0.802238295,0.06178084,-0.505846123,-0.48433866,0.080991647,0.125948631,-0.013859609,17.99,0
45150.0,-2.226911458,-0.652039326,0.639427841,-0.163316322,2.713556753,3.811158338,-1.096559939,1.686454078,0.456390897,-1.140109871,-1.482246637,0.542639731,-0.46530075,-0.423546202,-2.29042711,-0.237426125,-0.04079825,-0.293870298,0.424430408,0.000249704,-0.346518468,-1.20311591,-0.130400785,0.993205759,0.707409847,-0.622750045,-0.182216071,-0.008857848,2.9,0
43498.0,1.221680489,-1.336348222,-0.554384136,-1.594095515,0.81415064,3.797396185,-1.595708711,0.978854751,-0.247753571,0.520709811,-0.325124725,-0.6084078,0.260463678,-0.560705397,0.553232428,1.520636518,-0.187752213,-0.567129471,0.799931209,0.402579083,0.314815294,0.61057613,-0.22672425,1.062228876,0.581698639,-0.041871678,0.033903632,0.036158272,109.0,0
149779.0,-1.329311171,-1.386820703,1.26274699,-1.541309201,-1.722303962,0.740750691,1.278131922,0.044373016,-1.411640426,-0.319749808,0.425827324,-0.84501595,-0.177344901,-0.231327741,0.014816477,1.563796551,-0.235852828,0.134344664,1.119656543,1.251353632,0.710143798,1.072192534,0.593862667,-0.428028687,0.738367119,0.131178326,-0.119258853,0.082176182,481.0,0
69938.0,-0.211954985,0.369946166,2.419347483,0.071963389,-0.270186149,0.759510759,-0.239385935,0.23007068,0.037525351,-0.004024192,1.156787826,0.381551435,0.150361363,-0.264151236,1.296109581,0.389250032,-0.629161839,0.791753735,0.283815755,0.115120364,0.35014395,1.258970529,-0.168757528,-0.238224206,-0.846165834,0.575340142,0.02422047,-0.066070473,1.75,0
83781.0,-0.634518203,1.430026149,1.468784084,1.016006334,-0.476118557,-1.018615384,0.415536105,0.228090966,-0.957487305,-0.51398822,-0.019660323,0.659355059,0.840696673,0.468025,0.970987826,-0.276753476,0.092336142,-0.143737781,0.238666787,-0.079338534,0.144371327,0.361304581,-0.034637075,0.926706774,-0.26521129,-0.449214751,0.043972585,0.096310823,2.49,0
47876.0,-1.571313529,1.82548181,1.09820937,0.607447207,-0.594883949,-0.199114768,-0.206136586,1.072881299,-0.889574735,-0.169707463,0.636517404,0.441287751,-0.566803015,1.084516285,0.647914999,0.45189384,-0.202593351,0.651795357,0.95747911,0.073820461,-0.193302257,-0.752609307,-0.067795461,-0.083306435,0.263228467,-0.527293151,0.180489188,0.06444696,5.0,0
39653.0,1.127747981,-2.072189858,1.126754416,-0.850533962,-2.29202138,0.61674804,-1.711136081,0.346555074,-0.484379207,1.16063369,-0.271568798,-0.32991428,-1.061988635,-1.048870093,-2.704502187,-0.952146468,1.117576066,0.279675171,0.946305382,-0.155232099,-0.367821215,-0.62249199,-0.098360992,-0.017574921,0.28399566,-0.218199724,0.058999313,0.036670144,150.5,0
129683.0,-0.431817968,0.876319136,-0.331488659,-0.472251428,0.205674527,-0.551058069,0.89540295,0.231258433,-0.673677204,-0.69477194,0.385693146,0.76569544,0.309776494,0.871075311,-0.190829094,0.013511711,-0.676343564,0.847094217,0.475045021,-0.027215239,0.521664674,1.343628996,-0.05219395,-0.294389128,-0.406765455,-0.162564264,0.063131847,0.148730509,85.45,0
46529.0,-0.529975456,0.558280362,2.397621023,-0.374961018,-0.695178137,-0.467282503,0.208573266,-0.044242597,-0.37875857,-0.629470638,-0.079678999,0.399932363,1.371686503,-0.326911119,1.784261024,0.110894619,-0.095369003,-0.040394628,1.140474253,0.350137934,0.048480953,0.122693636,-0.098326587,0.507377126,-0.187912836,1.396667862,-0.009549751,0.075813984,38.53,0
49457.0,1.341060851,-0.473620844,0.102993413,-0.694357526,-0.536330458,-0.290261755,-0.402508814,-0.053929792,-1.13441372,0.685310559,1.554469846,0.682937074,0.650478157,-0.124449323,-0.763842097,0.392937663,0.60616463,-1.70974812,0.741284018,0.07125792,0.237864451,0.779252482,-0.156224175,0.090241116,0.711530197,-0.054961962,0.008467484,-0.008253486,10.0,0
30027.0,-1.693761332,2.188941921,-0.138062695,0.64804898,-0.554882626,2.105128167,-2.10776937,-6.985311747,0.374137883,0.530860972,-0.080659527,0.775764613,-0.748044014,0.688699205,-0.180490027,0.246218423,-0.052797058,0.694528828,1.092977266,-1.597944228,6.597728608,-2.992197037,0.314511362,-0.94937293,0.99833349,-0.264489252,0.561875648,0.230389769,103.19,0
123924.0,1.993527333,-0.48440923,-0.746735992,-0.026581445,-0.168968329,0.278933781,-0.639750088,0.202921354,0.894348419,0.17683547,0.232735223,0.499130802,-0.483891455,0.22007249,-0.023626125,0.85127537,-0.965487994,0.314362866,0.506079543,-0.147069661,-0.259068684,-0.773038418,0.384613457,0.06065896,-0.600226197,0.219255506,-0.055429554,-0.052418461,19.99,0
135739.0,1.998481079,-1.390267546,-2.475622861,-2.927915154,-0.115124825,-0.850031931,0.098574094,-0.395248848,0.427775435,-0.293423288,0.541351564,1.385776967,0.970387609,0.529364604,0.302052251,-2.50102605,-0.312554662,1.842463488,0.818510898,-0.232149217,-0.141218652,-0.011963641,-0.142032814,0.117840961,0.406981212,-0.731518987,0.004026391,-0.040607196,151.96,0
72007.0,0.162083658,-1.54699471,-0.466354121,1.384061274,-0.713530086,-0.286570982,0.745494123,-0.130322712,-0.113183767,-0.031726009,0.783381937,0.066961458,-1.289756202,0.960671051,0.461744451,0.478696434,-0.703987295,0.731620491,-0.121943752,0.910137827,0.374683473,-0.223601729,-0.620749607,0.00109616,0.454218738,-0.379251837,-0.103248336,0.099586664,553.99,0
168449.0,0.032861329,0.731165694,0.091898479,-0.80300922,0.601523009,-0.545565343,0.844142431,0.023457179,-0.127479826,-0.215462434,0.182828128,0.158766249,-0.948968308,0.471096107,-0.963804436,0.287484994,-0.777881575,0.020566069,0.390924257,-0.069684963,-0.250132471,-0.624979347,0.014400666,-0.52606429,-0.487503112,0.153488306,0.235826463,0.080446214,5.36,0
43020.0,1.087042598,0.038088429,1.345779828,2.626225737,-0.702805794,0.699363567,-0.72861732,0.43289635,0.231267743,0.644221915,0.023660985,0.00668524,-1.695875082,-0.021048978,-1.400885552,0.708340512,-0.474695163,0.353477471,-0.184997793,-0.246552068,-0.18695925,-0.443591458,0.025135659,-0.059227758,0.278834049,-0.082811736,0.027367326,0.017692572,6.45,0
71974.0,1.191688601,-0.62188903,1.104846232,0.427421941,-1.211681289,0.302329738,-0.994120712,0.170028886,-0.607746002,0.806852538,0.579548566,0.969792293,0.988642317,-0.350560077,-0.270847303,-0.99348688,-0.556867582,2.087886625,-0.793224014,-0.401538839,-0.178298926,0.048865212,-0.102255997,0.003372526,0.424350942,-0.259736375,0.088119816,0.034843063,42.73,0
139958.0,2.201853896,-0.952917601,-1.650106807,-0.365683003,-0.302167335,-0.145260875,-0.590819398,-0.007761525,0.233116144,0.909532142,-2.403510031,-1.636108783,-2.466220874,0.40708236,-0.370246385,-1.725827264,0.155404329,1.308309926,-0.409513165,-0.761810867,-0.310062115,-0.284436468,0.066400607,-0.004170243,0.095647268,0.748598978,-0.064370518,-0.072475951,11.5,0
151354.0,-1.514281737,1.084270872,0.175829995,-1.801223258,-0.024787692,-0.776980374,0.209941808,0.830685805,-0.613477657,-1.337288668,0.156641218,0.038036161,-1.534400475,1.370996259,-0.170051,0.346944098,-0.163716092,0.092502128,0.897620646,-0.321534374,-0.166255984,-0.965598125,-0.227533322,-0.479503831,0.380867809,0.681702637,-0.463619795,-0.142983339,4.0,0
134905.0,2.156344824,-1.201932799,-0.952777241,-0.96036384,-0.820215581,-0.163473921,-1.058766035,-0.041358748,0.348821986,0.75280754,-1.882256487,-1.213139255,-0.265795026,-0.435302214,0.383290611,1.403231112,-0.156575469,-0.595896147,0.650286357,0.028976476,0.471937193,1.386930463,-0.139990364,-1.007673395,0.107192764,0.185642493,0.001764674,-0.057352051,50.0,0
156803.0,-0.187988667,0.22845067,-0.345714462,-0.774232817,1.670277692,1.54782572,1.453009602,0.136636716,-0.167441968,-0.606941012,-0.323559211,-0.121410636,-0.693642232,0.338624507,0.617332159,-1.535419699,0.637422669,-2.374521828,-1.56654392,-0.01471122,0.11349519,0.492506628,0.399832253,-0.784410861,-1.212704646,0.081263142,0.039057039,0.006496098,119.9,0
69071.0,-0.281614586,-0.752645244,2.067015626,-2.253889464,-1.064875844,0.268617744,-0.213661696,-0.050544324,-1.697839034,0.841010637,0.125241484,-0.196576027,0.319959212,-1.239767906,-2.65772516,-0.782257881,0.409744999,0.339257197,0.172543821,-0.192126216,-0.189503225,0.17932872,-0.185020318,0.002681568,0.03554929,-0.28926759,-0.030729416,-0.113045997,54.68,0
145992.0,-1.648907375,1.770390702,-0.070311375,-0.686427848,-0.229696234,-0.759417587,0.257831449,0.217752046,1.279536163,0.353663154,-0.509136619,-0.649241172,-1.262788245,-1.460048418,0.330992413,0.671848755,0.559375283,0.235595798,-0.619607303,0.225688682,-0.280212335,-0.660693255,0.311920949,0.969830094,-1.198625291,-0.117312807,-0.089761442,0.258007683,15.85,0
170167.0,-0.276743598,0.564914756,1.471999554,-0.64786134,0.806845502,0.431118256,0.537547759,-0.062240692,0.347501378,-0.707076393,-1.383083295,0.009814817,0.646265566,-0.453923759,0.68793501,0.022844748,-0.764019904,0.116109589,0.577576641,0.106753032,-0.206214107,-0.3602089,-0.171252169,0.002332692,-0.236258547,-0.547872093,-0.00468813,-0.073742563,1.99,0
74996.0,1.216414058,0.233450499,0.341719428,0.923764614,-0.214906268,-0.392998945,-0.049624426,0.020480138,-0.079070098,0.18690128,0.917820095,0.440324295,-0.663323897,0.641746353,0.419634172,0.498894625,-0.809086328,0.520516645,0.047934551,-0.164336099,-0.033083642,-0.131789548,-0.06332699,-0.027003781,0.534344338,-0.433314378,0.014045834,0.010373514,2.5,0
43977.0,-0.478060907,0.371379741,2.426572488,0.297125373,-0.784660368,0.106279651,-0.035022411,0.331303172,0.484047591,-0.719641874,-0.588622966,-0.335473447,-1.31529269,-0.2202789,0.34632683,-0.270075545,0.310395616,-0.461581248,-0.35400443,-0.11623747,0.034908915,0.19557266,0.014590667,0.394305667,-0.358419521,0.288682676,0.070641606,0.065931897,28.75,0
28846.0,1.410240582,-1.022098435,-0.235608809,-1.800640971,0.760954658,3.734576459,-1.900981611,1.033796871,-0.318144899,0.641459075,-0.100046839,-0.750683882,0.439233229,-0.501874235,1.493097891,2.025354088,-0.554640217,-0.202831621,0.473962743,0.226635491,0.382177589,0.923460801,-0.116961891,1.049433201,0.477553088,-0.027404923,0.06101648,0.026374751,9.99,0
52118.0,-0.004410732,-0.586997382,1.730731907,-1.685878374,-1.159860937,0.067553316,-0.622116614,0.037399593,-1.61149479,0.732010004,-1.676462199,-0.651499124,0.917148471,-1.301050765,-1.5748611,-1.094526776,0.930751304,-0.059022161,0.624211113,-0.234435502,-0.241853413,-0.0059826,-0.208554206,-0.116118657,0.192973336,-0.098791974,0.089811789,0.021977392,18.7,0
78376.0,-3.408739129,1.694410179,-1.090103523,-0.038167336,0.073324995,-1.966360463,-0.205642823,1.174314557,-0.503628541,-1.427541744,-0.541365064,0.707204183,0.792927845,-0.814528493,-0.284873222,1.518448807,0.729754182,0.529190065,-2.281825569,-0.459426263,0.098523993,-0.023946219,-0.512555692,0.284725364,0.146375048,-0.762195956,-0.521525273,-0.236016271,1.0,0
45357.0,-1.540407342,-0.315420973,2.397373696,1.79294798,-0.61117292,0.720868394,-1.500390342,1.17727633,0.925277503,-0.374546999,-0.510023587,0.519166371,-1.44971153,-0.340386685,-1.794126192,-0.544872912,0.585981144,0.896770867,1.692294204,0.241134552,0.117804372,0.44132581,-0.240608108,0.035374092,-0.060735476,-0.107329769,0.360322036,-0.014074307,1.0,0
127300.0,-0.228357482,1.158823941,-0.478762896,-0.327744515,0.139298591,-1.328361584,0.674760841,0.161464135,-0.071387452,-0.483152913,-1.201927471,-0.287821519,-0.695447546,0.891329656,0.498395951,-0.289462758,-0.258409654,0.287596817,0.034834729,-0.180577982,0.403771493,1.271203436,-0.066709717,0.0648098,-0.792766524,-0.21775886,0.379856868,0.258771606,3.99,0
145909.0,1.91684278,-0.232142447,-1.69256262,0.56490642,0.153305977,-0.466327716,-0.099113526,0.001400239,0.715429126,-0.333195133,0.841097215,0.303066867,-1.227761342,-0.893870543,-1.009342887,0.248465557,0.722058351,0.64826598,0.220218474,-0.134035086,0.052442122,0.246053804,0.046392687,0.704033672,0.024468453,0.581490352,-0.068961546,-0.036659144,47.18,0
84185.0,1.238648879,0.830425528,-0.314807518,1.337430653,0.213600597,-1.21000571,0.410350843,-0.327774115,-0.310180119,-0.72409557,0.371647856,0.65447827,1.38819961,-1.624329847,0.930537865,0.528332002,0.811807679,0.414781386,-0.6353659,-0.005271306,-0.051064575,-0.003386704,-0.140923592,0.291780232,0.740073868,-0.332259712,0.044712761,0.06061349,1.0,0
144707.0,-1.661725057,2.256018602,-1.438920371,0.791976402,0.12684303,-0.486385762,0.228719618,1.177277646,-1.015439373,0.112992248,-0.134492123,0.973853851,-0.065443353,1.469130995,-1.072738409,-0.571837807,0.285309987,0.335989443,1.117201163,0.004072719,0.203734983,0.619051593,-0.213034632,-0.4537961,0.215657237,-0.353218939,0.280970359,0.144471747,12.99,0
55040.0,-1.462255494,1.41969541,1.693527106,-0.063183997,0.01889708,0.089826638,0.476428824,0.546545842,-1.018480467,-0.679888433,1.327385344,1.152490601,0.422498772,0.495024015,-0.103593734,0.459860493,-0.573940146,-0.265739779,-0.892004131,-0.269057888,-0.075242835,-0.529679036,-0.110944562,-0.037683925,0.202851468,-0.772992661,-0.317989702,-0.015305026,28.96,0
75302.0,1.214114584,0.233100757,0.257141377,0.653023601,-0.277391139,-0.62819032,-0.063233346,-0.00552699,0.187352009,-0.295634742,-0.023475862,-0.236513785,-0.840580966,-0.051104441,1.460596046,0.235083702,0.332832407,-0.619861419,-0.549386222,-0.181386108,-0.272563696,-0.800785274,0.172208227,0.00522148,0.108202329,0.127722123,-0.013261971,0.025006672,0.89,0
79988.0,1.279163159,0.570262826,-0.092682978,1.098106739,0.118037917,-1.173063801,0.612906053,-0.407303406,-0.416726566,0.019108561,-0.205716513,0.701016855,0.907331566,0.382393081,0.581855664,-0.260077101,-0.364436405,-0.482539671,-0.259147098,-0.098463559,0.012980123,0.141791781,-0.155414951,0.431425995,0.883719389,-0.299429966,-0.00181936,0.012780792,0.79,0
79878.0,-0.512428983,1.325398843,2.755360986,2.653721504,0.114094843,0.672546225,0.397080779,0.042615092,-1.240592345,0.882582144,-0.043983646,-0.039244084,1.032439159,-0.325628621,1.7971242,-0.141737262,0.006659267,-0.306096299,0.334093936,0.413166202,-0.075032892,0.119364811,-0.172709524,0.085840683,-0.106999153,0.152908817,0.207266541,-0.062949192,4.99,0
83127.0,-1.237641057,1.063494215,1.77429773,2.161178682,-0.315071754,0.528227239,-0.589121929,0.66756456,-0.564172196,0.609449819,-1.614234553,-0.465076551,0.645768489,-0.137489161,1.247837995,1.279064718,-0.864711435,0.997570843,-0.31472241,-0.00992017,0.309240138,0.8815992,-0.01487147,-0.435147565,-0.478294179,0.156005019,0.085368261,0.17161184,12.57,0
60992.0,-1.348018261,-1.175484782,-0.262228707,1.456501695,-2.655644236,1.421736259,2.473173465,-1.182257531,-1.43088822,0.525768505,-0.976405856,-1.436770743,-1.59381776,0.506878802,1.048579773,-2.501779733,1.037066662,1.216482566,0.472068167,-0.655050383,0.432419349,-0.182366188,1.419890023,0.000620772,-0.466272205,-0.084399814,0.688215975,-0.041148704,678.54,0
121527.0,2.082446412,-0.943744915,-1.744435504,-1.357335,0.472079798,1.072357718,-0.755886274,0.312749616,-0.713163163,0.913203852,1.290102737,-0.100961255,-0.329632319,0.371850206,0.571338872,0.310281843,0.640083356,-2.021430198,-0.264526471,-0.109708809,0.533809148,1.577639984,0.055079497,-0.681839871,0.000120704,0.140518298,0.00168552,-0.085162665,15.0,0
144067.0,-0.503414812,0.512793658,-2.806978213,-0.43852057,1.022610363,-1.082491895,1.971756898,-0.171761707,-0.346419249,-0.168806663,-2.385505729,-1.071020481,-1.366298056,1.242571145,-0.663478538,-0.346712589,-0.437887018,-0.021132634,0.083810427,-0.384732171,0.399917924,1.433064656,0.450270231,-1.009991663,-0.933472091,0.472630288,0.373837172,0.208451216,173.02,0
69352.0,1.259961169,0.224195703,0.503884864,0.623631208,-0.510054493,-0.99892891,0.038300863,-0.185475692,0.09843514,-0.05548743,-0.279442778,0.181295894,-0.035043875,0.308927331,1.070677962,0.320506658,-0.404481261,-0.497876455,-0.115022125,-0.115229878,-0.261639878,-0.774029417,0.13999984,0.365135818,0.206079516,0.096017548,-0.031391618,0.018255069,1.98,0
32928.0,1.229466226,-0.143596787,0.600831147,-0.167800869,-0.799039311,-0.713024671,-0.351956822,0.020641391,0.242457222,-0.025605396,1.349382326,0.53417491,-0.662733037,0.468610326,0.629993699,0.637184745,-0.57479339,0.165358008,0.32189353,-0.088422546,-0.087289359,-0.322066496,0.08820396,0.372884612,0.06181767,0.888857315,-0.080235227,-0.0013151,7.68,0
166615.0,2.108840056,0.308727212,-2.349777206,0.805789486,1.354218813,-0.294664228,0.715923639,-0.304220535,-0.386825549,0.523524348,-0.162833002,0.657746022,0.483347252,0.842760616,-0.420817611,0.105183905,-1.158495616,0.377931715,0.348154899,-0.20103868,0.095792053,0.38510976,-0.198172338,-1.433109142,0.625949219,-0.41523761,-0.032245723,-0.086443619,8.36,0
132650.0,1.72616775,-1.78291706,-0.883754098,-0.792311677,-1.18339314,-0.181373844,-0.849556066,-0.069181159,0.155998568,0.660581078,-1.082567353,-0.828400824,0.125210655,-0.395334194,0.703659431,1.539157477,-0.133179963,-0.73435093,0.330032461,0.490121868,0.514411125,0.93789118,-0.075847444,0.514473766,-0.240952447,-0.107940644,-0.036641996,0.000811373,253.0,0
72373.0,-0.234064691,0.907674288,0.972883732,-0.348771542,0.783454232,0.027857212,0.770433812,-0.055533936,-0.38868127,-0.124067556,0.488935717,-0.003647167,-0.046513727,-0.457993304,0.338697685,0.849219422,-0.755524827,0.744997059,0.642978999,0.2361386,-0.33813549,-0.78858077,-0.189654208,-0.896803104,-0.06676559,0.099089366,0.072211546,-0.146426871,9.22,0
65961.0,0.669433605,-2.28909975,1.182926794,-0.552995107,-1.517445532,2.801767447,-1.901268155,1.069855324,0.91592788,0.126462467,0.519129983,0.386410966,-1.869714781,-0.624526143,-0.953084153,-2.777083009,1.736769538,-0.344725377,-1.227294971,-0.301692417,-0.245538673,-0.196587784,-0.019421852,-1.279055711,-0.370859644,1.624237583,0.018077091,0.020456082,217.2,0
159995.0,1.971395575,-0.330786643,-0.665888731,0.451343013,-0.460247879,-0.135547777,-0.850827329,0.150488663,1.376334122,-0.475584734,-0.911742448,-0.334113181,-0.396146426,-1.387329204,1.009679099,1.167878149,0.171848845,0.736557377,-0.377258393,-0.123081011,-0.078649983,-0.158130138,0.302516468,0.371460467,-0.543859549,0.327307116,-0.003492892,-0.005684998,21.0,0
57693.0,0.646890028,-1.368694218,0.510090105,0.907551863,-1.23902827,0.141342855,-0.262330909,-0.022297713,-0.68671775,0.550017073,-0.619083975,0.303091757,0.630968091,-0.168019323,0.46406634,-1.718313565,0.223511416,0.796478016,-1.528647598,0.081748664,-0.157611382,-0.504021775,-0.229074187,0.051088243,0.268570111,-0.340144161,0.029965372,0.086421013,323.15,0
112995.0,1.974279,0.626183929,-1.917327248,1.611471474,0.542208264,-1.392758661,0.428989658,-0.288817945,0.238621775,-0.683628265,-0.086935469,-0.259596996,-0.509246344,-1.775069944,0.58883305,0.663631584,1.341402389,0.42480778,-0.707455061,-0.222141903,-0.353710606,-0.938716514,0.270156067,-0.291647342,-0.123785391,-0.917455263,0.035097011,0.00877423,11.65,0
133277.0,-0.288677832,0.995761315,-0.302739786,0.186011961,1.252839507,-0.482213767,1.567451212,-0.256600016,-0.776728384,-0.19309384,0.209725281,0.652427913,-0.165476565,0.560535346,-1.71401087,-0.494319258,-0.640759412,0.085515185,0.05295325,-0.221535571,0.236510096,0.782407471,-0.24961538,-0.382705252,-0.219613104,-0.639265586,0.077711512,0.208709388,44.63,0
53917.0,1.563858429,-1.254510185,-0.926513325,-2.507586447,0.834627025,3.340617678,-1.64979084,0.807853299,-1.876379678,1.48336003,-0.225373096,-1.007417932,0.551101852,-0.260153782,0.900351218,0.083261002,-0.06602206,0.455469108,0.085128952,-0.198254665,-0.307173746,-0.651822532,0.061640215,0.968547593,0.413983548,-0.266303955,0.044441005,0.019933271,12.0,0
65008.0,1.158003951,-0.401871812,0.947990409,0.779996992,-1.01776719,-0.026549128,-0.715480476,0.200422898,1.232491873,-0.201755243,-1.515047276,-0.678688733,-1.629706226,-0.079246265,0.437678231,0.406869437,-0.267427429,0.163490382,0.164117726,-0.133446105,-0.128683538,-0.330872611,-0.040875806,-0.151335954,0.254773486,0.352347864,-0.001284567,0.023486184,39.99,0
3760.0,1.347238634,-0.468724375,0.659279484,-0.494069926,-0.960004723,-0.556445372,-0.771329268,-0.084322467,0.655599042,0.220483847,0.820239506,-3.491288307,0.80610597,1.510679573,0.439363493,0.961770381,1.286358775,-1.632474741,0.049967844,-0.051700281,-0.223820507,-0.554318402,0.179944453,-0.040405491,0.096298577,-0.487626526,-0.008361288,0.012329289,18.38,0
48256.0,-1.365914604,1.091269579,-0.468143814,-2.51004923,1.949195058,3.084411076,-0.355360018,1.402951681,0.072220204,-0.271857731,-0.365889207,-0.052767665,-0.01564928,0.270798285,0.692158284,1.008900074,-1.022410256,0.107019122,-0.376426199,0.294986659,-0.156476791,-0.550268563,-0.022976171,1.028210097,-0.054192782,0.746250715,0.346879016,0.229371546,1.46,0
50500.0,-0.414179459,0.841661736,1.044822143,-0.462266786,0.634989483,0.5442386,0.431784833,0.355996816,-0.412184505,-0.154329192,0.28793466,-0.250013878,-0.974927755,0.516929435,0.605992425,0.495033765,-0.726920881,0.210697546,0.392202276,0.043101693,-0.238234502,-0.673021237,-0.135463124,-1.19885737,-0.178612515,0.159543528,0.269188521,0.093111654,3.57,0
31615.0,1.080841296,-0.184572151,0.572461637,0.822810892,-0.72921623,-0.515651213,-0.117360994,0.035933016,0.323838558,-0.020368737,1.063427319,0.745360076,-1.067181501,0.333223532,-0.820237461,-0.097005305,-0.089984764,-0.163343536,0.421511394,-0.076664898,-0.14818754,-0.434893187,-0.00604836,0.544830778,0.347660053,0.237192699,-0.040916777,0.011153272,55.0,0
152930.0,1.676968455,-0.935711526,-1.818734746,0.863623306,-0.122216617,-0.777550796,0.55187739,-0.474565427,-1.05563604,0.923443446,-0.740535722,0.60642478,0.958432504,0.254894523,-0.725241075,-2.332779795,0.187804339,0.537273535,-1.186924231,-0.155915055,-0.143208344,-0.23781751,-0.05594704,1.085063175,0.265299821,-0.571894984,-0.031002861,-0.0041697,241.2,0
123713.0,-3.94729877,2.836344943,-0.790987996,-1.238468423,-0.139604333,0.489887098,0.947914993,0.306491716,2.989110043,3.806900828,0.046415459,0.648510699,-0.724008899,-1.351241372,-2.334243795,-0.777582798,-0.411069731,-0.488601646,0.663244798,1.428608844,-0.975832753,-0.809679789,0.042102548,0.245520528,0.651423692,0.053279955,0.827424898,0.146277769,64.76,0
7003.0,1.187909906,-1.161756668,1.849013298,0.300822347,-2.246850949,0.072799373,-1.598444691,0.192180715,2.22183141,-0.105749482,-0.510104462,-2.59478007,0.430182062,0.43922743,-2.315897761,-2.062062633,1.694379331,1.018077588,-0.422897197,-0.580351455,-0.673497899,-0.872051328,0.114981804,0.695937172,0.023510359,1.016074146,-0.01434766,0.020908949,40.0,0
131091.0,-0.89677835,-5.973238875,-5.70982731,-0.642011774,1.03297186,3.170720274,2.040162197,-0.034746935,-1.410098344,0.191498271,0.081571963,-0.575432614,0.054946082,1.003543923,0.080317997,0.198231018,0.515992179,-1.555749667,0.098419382,3.357424288,1.473553943,0.481351191,-1.641241017,0.890692372,0.1986568,0.145224867,-0.387016576,0.187164259,1658.2,0
82639.0,-0.845989788,0.871728922,-0.409941867,-1.75089661,2.183947294,3.297340065,-0.191912431,1.378423483,-0.288344344,-0.821315111,-0.653986069,0.068650797,-0.18741612,0.361501737,-0.142200778,0.442224833,-0.618331902,-0.094254702,0.145791981,0.024940984,-0.204713241,-0.700417086,-0.072270812,1.019808906,-0.036692597,0.310688951,0.178422988,0.111049121,1.0,0
72582.0,1.013065161,-0.579112533,0.893596604,0.464117083,-0.494510599,1.317281207,-0.883408208,0.444975461,-0.937990722,0.605722394,0.708544142,0.758958754,1.045091695,-0.0404071,2.055196765,-2.438757401,0.922506229,-0.596173264,-3.079310151,-0.537516223,-0.068220778,0.400997882,0.134808056,-0.645423592,0.039831241,-0.198476132,0.13797194,0.03554158,52.2,0
162888.0,0.048599942,0.812155832,0.253176659,-0.592486662,0.371766046,-1.109182407,0.958941402,-0.161360886,0.072295931,-0.38858782,-1.108131581,-0.276718921,-0.720260078,0.256077167,-0.317508853,-0.040647031,-0.388568047,-0.637624925,-0.05559404,-0.085184895,-0.273358933,-0.643376861,0.069898171,-0.051399046,-0.506305324,0.144605155,0.242405465,0.095172149,2.69,0
65339.0,0.801393803,-0.177220879,0.36233946,1.448143958,0.431732138,1.637318319,-0.208945925,0.571391825,-0.906156799,0.493992475,2.216169447,0.856523292,-0.327245147,0.653217377,1.013003514,-0.286417343,0.462745337,-2.077313143,-1.920753261,-0.033145761,-0.002985716,-0.222039757,0.164424986,-1.002443878,-0.255362685,0.834235604,-0.037150423,0.003869281,108.47,0
63091.0,1.255426278,0.267702515,0.278931406,0.703919015,-0.475297407,-1.098377567,0.006375643,-0.136111087,0.212581645,-0.247886172,-0.273341851,-0.398121284,-0.960197646,-0.051537671,1.224607839,0.535800678,0.060621427,-0.15176065,-0.18843407,-0.156244465,-0.301488881,-0.928229173,0.142767297,0.307322744,0.176574789,0.09870421,-0.030876845,0.028252796,1.98,0
136586.0,2.045555874,-0.128786091,-1.009098602,0.061034191,0.007578796,-0.663870815,-0.040431551,-0.176315874,0.502372879,0.064017579,-0.6683395,0.365783628,0.418641038,0.261902682,0.882758242,0.50649624,-0.684133996,-0.735243281,0.102548249,-0.117139284,-0.466555273,-1.416627383,0.54825131,0.531161617,-0.672953629,-0.005219122,-0.074017127,-0.040023132,18.6,0
60130.0,1.331960582,-0.655327474,-0.584698256,-0.84972098,-0.277500956,-0.449117739,-0.033823404,-0.239402411,-0.961841153,0.647424052,-1.714856253,-0.751771571,0.076950718,0.309889794,0.865267321,-0.947143591,-0.422239739,0.870934642,0.020143145,-0.279149391,-0.845608921,-2.246308712,0.040704726,-1.048214716,0.130178548,0.705461706,-0.097834052,0.00919461,99.8,0
88604.0,-0.09480429,1.122470351,0.134559322,0.956651113,0.945041526,-0.719941456,1.811834862,-0.544097953,-0.578541093,0.162675088,-0.942095538,-0.039336584,0.022843975,0.225446667,-0.319681828,-1.303285961,0.070247418,-0.414569341,0.744765327,0.240662128,0.09143811,0.715003977,-0.231665969,0.007767861,0.027720266,-0.405981473,0.263519116,0.023832584,53.76,0
67521.0,1.244045444,-0.512574034,-0.101712278,-1.807809001,-0.274610123,0.006446808,-0.394518928,0.157230296,1.256573845,-0.927668185,0.826223656,0.722985007,-0.523149075,0.552024789,1.584138761,-0.04414764,-0.5375313,0.269436308,1.062281701,-0.050303655,-0.183029745,-0.538099778,-0.031589698,-1.030933294,0.277016771,-0.174256343,0.0147822,0.00165874,32.0,0
37017.0,-0.257885801,1.147107523,0.528345965,0.436368872,1.171719072,0.190073273,1.498565016,-0.657071145,0.452408355,2.07442638,1.949592978,0.185114095,-0.83427322,-0.183061351,0.702027259,-1.317420352,-0.243240421,-0.61986969,-0.121773773,0.61838443,-0.064505523,0.947629688,-0.043773208,-0.297689818,-0.857111401,-0.471107304,0.13114119,-0.495798647,6.99,0
145096.0,2.007104437,-0.158868909,-1.022740712,0.331532243,-0.1980272,-0.958553415,0.038669361,-0.15385212,0.383681168,0.261822265,0.918714778,0.776902092,-0.753317119,0.62087148,-0.588274214,0.098015676,-0.463885806,-0.316173195,0.40449185,-0.256790208,-0.238046783,-0.629585478,0.345525459,0.057973229,-0.366179768,0.174807822,-0.079624453,-0.070239621,4.49,0
150493.0,1.984137196,-0.35536567,-0.163277806,0.497652978,-0.761862229,-0.58192186,-0.558924031,-0.137396603,1.063793551,-0.03156242,-0.746678272,1.070309328,1.470755447,-0.524434864,0.199895173,0.250810406,-0.553175846,-0.173460428,-0.281313733,-0.104249087,0.178491109,0.801785861,0.14833934,0.141229723,-0.238511476,0.561258452,-0.010708214,-0.043397054,11.5,0
144523.0,-1.164236043,0.436801721,1.896309692,-0.746311801,0.64881861,-0.204496185,0.350663251,0.048364954,0.127876747,-1.051908398,-0.899320193,0.42319437,0.796951214,-0.351664603,0.371812013,0.171687446,-0.659095853,-0.091299522,-0.031236338,-0.082873023,-0.190031284,-0.526963122,-0.306635492,0.701793984,0.407506038,-0.542064515,-0.000144493,0.047967342,29.98,0
139331.0,-2.59442209,-2.20205493,0.407690754,-0.196055427,1.14821856,-1.191700569,-0.827445145,0.5216051,-1.99651693,0.23215621,0.068053722,-0.006020044,-0.010630213,0.859054484,0.12973197,-1.612304495,0.161758144,2.180449229,0.442986427,0.486648074,0.270952446,0.138409642,-0.325394624,-0.407498193,0.711046844,1.052564646,-0.10840627,-0.403588906,107.2,0
56953.0,1.275739646,0.490525359,-0.949233379,0.391367671,0.893517116,0.057919614,0.209600989,0.026965818,-0.384940705,-0.478855207,1.036139577,0.46044803,0.329486558,-0.916119266,0.542775619,0.689296659,0.402347975,0.531153482,0.045452992,-0.042141202,-0.132272244,-0.306885859,-0.209717698,-1.227972552,0.633665745,0.452399285,-0.021011424,0.011821669,0.76,0
21420.0,-0.595767085,0.399338766,2.333498746,-1.897170392,-0.03817862,-0.18955172,0.382061881,-0.165074896,2.690431695,-2.027068445,-0.445467571,-2.702002261,1.1424179,0.964649935,0.079501609,-0.130884752,-0.020129429,0.85476213,0.159301427,-0.069014749,-0.218668803,-0.098077931,-0.468518274,-0.515554677,0.560503496,-0.788711091,-0.08755142,-0.161668988,11.85,0
12255.0,-2.103438323,-1.393906735,2.062186895,-0.483272515,1.970035935,-0.866995324,-0.936229083,0.389193473,1.398234161,-1.210995784,1.51161099,-1.937398284,0.73612829,1.48760306,-1.896924654,-0.256779927,0.691367866,-0.049804908,-0.162380737,0.3348583,-0.006539887,-0.234837231,0.00732809,-0.294031778,0.432566989,1.023613985,-0.140464653,0.054406706,14.7,0
140779.0,2.298725807,-0.526004986,-2.416422756,-0.816059607,-0.039191464,-2.002989283,0.392848631,-0.630852832,-0.803751308,0.992904114,-0.988822529,-1.556336623,-1.777304983,0.771467687,-0.361467005,0.129575913,0.654152024,-1.567136672,0.757266243,-0.186811122,0.458143801,1.340578932,-0.206378747,0.104557384,0.708039177,0.303289813,-0.105867281,-0.096775041,10.0,0
128219.0,2.122260672,0.63515448,-2.783759414,0.524571032,1.124866849,-1.193773472,0.422842333,-0.402583139,0.426105033,-1.227415021,-0.560283134,-0.035731714,1.173009093,-2.798028916,1.035237319,1.026855932,1.334033082,1.485299199,-0.313473017,-0.055301657,0.040759216,0.376598928,-0.188184642,-1.190399512,0.430964035,-0.041566059,0.025375447,-0.000525113,1.0,0
50755.0,-1.057575959,0.506515218,1.938313346,1.252216963,0.062189574,2.616979219,-0.701074946,1.424958497,0.178871065,-0.889485441,0.979983312,1.51584557,-0.827051799,-0.082783271,-1.412131193,-2.155709018,1.907360621,-1.989323556,0.102012059,-0.260300464,-0.120409155,0.019667145,0.110106452,-1.032772807,-0.523351556,-0.384061409,0.140755115,0.042038739,14.18,0
135766.0,1.894631509,0.570891947,-0.747854821,3.656886509,0.628839287,0.157052657,0.271621827,-0.027224775,-1.223491082,1.576876891,0.218288422,0.635935674,0.19709398,0.357076837,-1.86288781,0.893366468,-1.004078082,-0.285395967,-0.863764987,-0.254696426,-0.19665155,-0.546766903,0.240530934,-0.394477076,-0.131506245,-0.265723309,-0.042260218,-0.058087974,11.37,0
84479.0,-1.01606863,0.005260181,1.986206345,-2.229328498,0.558583063,-0.038150417,-0.041695497,0.245245053,0.814118551,-1.730211028,0.198291003,1.425136318,1.209887388,-0.412361329,-0.12271254,0.219903871,-1.145609235,0.997176727,0.662199943,0.111626826,0.062515389,0.22192836,-0.458082505,-0.804735337,0.709657815,-0.739751295,0.094505754,0.064829829,1.0,0
159523.0,-0.194497575,0.681442792,-1.262444675,-1.767303774,2.891013433,3.421217033,0.335561771,0.851059336,-0.032294875,-0.170164676,-0.184578332,0.028941797,-0.371402198,0.283188882,0.055028368,-0.180325018,-0.495864084,-0.857087248,-0.201566393,-0.001260016,-0.228445843,-0.717764427,0.125209609,0.686580005,-0.483313289,0.135775634,-0.010745044,0.088896057,3.57,0
142721.0,2.102614504,-1.763765207,-0.994117596,-1.866772296,-0.908677005,0.585381653,-1.333117157,0.071176649,-1.327131237,1.604572478,-0.057523265,0.139452737,1.637323881,-0.652771176,-0.609120873,0.256920776,-0.338976374,0.610132983,0.525007902,-0.080506681,-0.353823294,-0.801011013,0.252001246,-0.390114986,-0.483466903,-0.485142664,0.014364549,-0.028210542,119.9,0
61509.0,1.030420638,-0.622886252,-0.335207003,-1.359881722,-0.39464866,-0.674768152,0.221885173,-0.139432883,0.920030937,-1.029777354,1.68162574,1.775477744,0.286763363,0.422231815,0.245537393,-1.188382445,0.231314625,-0.441060251,0.921247258,0.139792221,0.112014024,0.335156522,-0.257928021,0.113441493,0.691102819,0.093992145,-0.019215749,0.009364462,120.0,0
119520.0,1.938869061,-0.68036108,-0.373700662,0.299702076,-0.735380252,0.154661897,-0.974317559,0.332302345,1.325835053,0.225437232,0.394982879,-0.143883412,-2.146925781,0.369931184,-0.020871092,0.577706513,-0.563047479,0.698937324,-0.03416849,-0.296562444,0.190579844,0.593497299,0.223163983,0.701121238,-0.387145322,0.525546011,-0.039502541,-0.05453415,11.5,0
136220.0,2.065907077,0.202751169,-1.679541164,0.408496696,0.498681163,-0.793293833,0.218651634,-0.252131301,0.384239517,-0.407167704,-0.376057654,0.549017497,0.760588717,-0.977614603,0.173520267,0.217824919,0.498197905,-0.490859297,-0.032532815,-0.118823752,-0.349372497,-0.858733785,0.341415666,0.52781283,-0.252321603,0.173003688,-0.054798226,-0.029340947,1.29,0
141617.0,1.908869648,0.436169257,-2.105935225,1.428995225,0.712641616,-0.845231116,0.309025066,-0.086951986,0.098977601,-0.507697456,1.147416718,-0.037876838,-1.151820725,-1.470681891,-0.009798864,1.009493049,0.98252193,1.133256714,-0.271581903,-0.185804868,-0.319788841,-0.965210571,0.193113093,-0.760495582,-0.131577049,-0.910824379,0.02171857,-0.002289356,37.6,0
77171.0,0.758841263,-1.172552793,0.370870472,0.077776418,-0.798073294,0.57924516,-0.450789647,0.16431212,0.670629015,-0.218076523,0.116888822,0.720614829,0.484292098,-0.199891702,0.093201898,0.927763547,-0.932041205,0.79156006,0.587153401,0.531902594,0.206554368,0.137939348,-0.416723158,-0.714755112,0.249114177,1.134757126,-0.089080621,0.039166911,268.54,0
133451.0,1.837669052,0.168480137,0.105975093,3.776629349,-0.350859232,0.310618481,-0.594765627,0.271437192,-0.434801721,1.643410512,0.140985315,-0.444212568,-1.689598993,0.396518592,-0.988693643,1.39156333,-1.063643742,0.807812456,-1.56542529,-0.386613688,0.354394175,1.022856525,0.102038448,0.031779635,-0.157621895,0.163207365,-0.01015201,-0.050422976,3.15,0
76526.0,-0.461652601,0.96606014,1.349465886,1.105310751,0.503250713,0.527433822,0.451630589,0.27013411,-0.560496739,0.0706456,0.821468722,0.868111873,0.052746275,0.148475036,-0.483204338,-0.942764557,0.248495241,-0.107922444,1.137894757,0.169567474,-0.001717329,0.33835753,-0.214981384,-0.276418636,-0.06918479,-0.221256299,0.427552677,0.19204013,1.0,0
109293.0,0.028934344,1.194791332,-0.085262627,-0.018868581,0.912908703,-1.175211834,1.010390044,-0.378855135,1.046169379,-1.421956267,0.365134181,-2.829261799,1.585014393,0.669307871,-0.014240684,-0.089336116,1.223422799,0.937453024,-0.334119266,-0.135689997,0.186787211,0.931964519,-0.245177726,-0.201504819,-0.512354099,-0.192555383,0.208722792,0.236633313,4.99,0
53114.0,1.205069844,-0.494132732,-0.071040774,-1.414402657,-0.746918627,-1.121083156,-0.081650807,-0.077647628,1.471196004,-1.04054997,-0.179259629,-0.371676027,-2.085614807,0.83684012,2.125163642,-0.725302404,0.289962233,-0.536199476,0.470861145,-0.164173455,-0.155258868,-0.51314825,0.047208558,0.053653989,0.287482767,-0.148058634,-0.010147071,0.013726384,46.88,0
64870.0,-0.526362359,-0.212365147,1.030211201,-1.497384572,0.051677013,-0.338559329,0.207958146,0.025778438,-1.664220433,0.3320326,0.421473405,-0.857301657,-0.435397289,0.127345099,-0.128445138,1.329155198,-0.197308382,-0.331149447,1.313585115,0.3426622,0.354930468,0.677422351,-0.18791992,-0.490255582,0.19775551,-0.129561353,0.051801571,0.099240586,69.9,0
157296.0,0.020423342,0.705439356,0.147882881,-0.774200216,0.530124219,-0.560680284,0.790689305,0.066352439,-0.07001947,-0.207884485,0.288951171,-0.009810123,-1.427052671,0.574254001,-0.878405413,0.20613281,-0.642027142,-0.063089647,0.267348873,-0.117880774,-0.241993413,-0.610492114,0.035774069,-0.440718976,-0.538981797,0.151082729,0.237605587,0.08012206,1.68,0
75726.0,-0.563484527,-0.046250784,1.440224046,-0.704602798,-1.209149464,0.335127461,-0.855412915,0.589529271,-0.884247786,0.056803591,-1.77209099,-1.246913702,0.069388934,-0.385670056,0.762998722,1.138723369,0.511235566,-0.281641854,1.956880977,0.30297312,0.425343749,1.041857525,-0.163878198,-0.567982024,-0.104146048,0.104502486,0.038957094,0.05565875,63.75,0
170764.0,-4.325801274,4.005404064,-4.184005059,-0.746587812,-1.366047648,0.146555619,-2.215668416,3.848841342,-0.01384052,-0.60445251,-1.078097406,1.313404622,0.089989257,1.183372085,0.416665367,0.246036178,2.565008695,-1.428176104,-1.632978968,-0.078239018,-0.129393661,-0.754527039,0.649245196,-0.490084066,-0.12577394,0.258959652,0.008881607,-0.016449482,8.93,0
161076.0,0.04185114,0.843096784,0.256276819,-0.607681672,0.445298511,-0.999849936,0.990659847,-0.166512683,-0.011135239,-0.414940632,-0.973961321,0.025126017,-0.185255599,0.154219283,-0.328515606,-0.121323848,-0.366375221,-0.789021232,-0.128236612,-0.0543981,-0.261321464,-0.577169737,0.072103773,-0.096410908,-0.501530097,0.148426016,0.248673051,0.095688816,4.45,0
83963.0,0.663812671,-1.53247512,-0.509178952,0.438394024,-0.667576046,0.104687111,0.125463543,-0.167109822,-0.827622504,0.636039109,-1.953379279,-0.872658476,-0.020153213,0.304930828,1.116841152,-0.810348193,-0.688070943,1.795394934,-0.729025338,0.275191191,-0.291854543,-1.286779632,-0.437484115,-1.068591884,0.414626769,-0.416652735,-0.031660999,0.085941041,405.95,0
171118.0,0.130377915,0.574291541,-2.605694904,-1.674364973,3.821325731,2.676276524,0.970519611,0.331850091,-0.324886293,-0.386284947,0.341775401,-0.448433218,-0.440105979,-0.736021835,0.401379951,0.031266349,0.233300629,-0.193109773,-0.542908206,-0.157591648,0.026724734,0.201572669,0.196664761,0.636307844,-0.966145075,0.378038421,-0.27886058,-0.089223885,9.97,0
127824.0,1.886717052,-0.517305036,-1.351316713,-0.141112312,0.586967119,1.052636164,-0.33074296,0.353181435,0.936001568,-0.165863682,0.739023266,1.066570608,-0.573593717,0.431464,-0.123380255,-0.981977381,0.272483655,-1.240350871,-0.187480872,-0.305304744,-0.071110221,0.074763296,0.201228464,-1.628443584,-0.245710172,0.02325315,0.014936895,-0.081462194,20.0,0
127051.0,2.067122175,0.098842306,-2.121117676,0.176725539,0.72627976,-0.529583408,0.131692993,-0.150007106,0.423631435,-0.307872651,0.453166617,0.349373324,-0.068657982,-0.555453907,0.337868084,0.648374327,-0.162483095,1.26207954,0.171999936,-0.167200733,0.18708344,0.672335489,-0.156267741,-1.164317393,0.337995418,-0.052077377,-0.006426522,-0.051657173,8.99,0
154796.0,2.085999585,0.192460979,-1.757557709,0.37589282,0.539144773,-0.778953413,0.218900109,-0.257084676,0.423513819,-0.393788152,-0.616188281,0.380157494,0.627812576,-0.960420456,0.157853814,0.336880456,0.386035468,-0.322424214,0.108102055,-0.11610262,-0.368604271,-0.929652298,0.313858512,0.39360583,-0.219190602,0.179527694,-0.059438519,-0.030847734,1.98,0
59880.0,1.081143934,-0.167759407,1.043811814,1.108838641,-0.858428218,0.055823405,-0.664409652,0.266064216,0.432063844,0.194406984,0.727445555,0.062251904,-1.16881704,0.413186315,0.878711961,1.035954131,-1.003226848,1.103896455,-0.291607718,-0.102408385,0.14143259,0.25915768,-0.077879982,-0.049297046,0.294164481,-0.357370451,0.042055473,0.030869687,45.0,0
70510.0,-0.703025949,1.023289157,1.258823212,2.324313711,-0.26285164,-0.110183457,1.637604942,-0.24734141,-1.507800992,0.418970795,-0.542306276,-0.445774762,-0.07597722,0.355457148,0.589210855,0.377768836,-0.375215193,-0.51907396,0.066995413,-0.027608721,-0.365415701,-1.147307254,0.505477677,0.29969327,-0.75637011,-0.498969836,0.096775843,0.118989234,192.21,0
50050.0,1.108031852,-0.098990595,0.986010801,1.374826903,-0.864433006,-0.297630797,-0.368379171,0.017477373,0.791484767,-0.183676994,-0.84316397,0.391033816,-0.072652168,-0.256245821,0.066609225,-0.088630247,-0.183551014,0.014602668,-0.242363187,-0.077764507,0.108373743,0.474877103,-0.168220675,0.422548654,0.63794755,-0.218856955,0.053415208,0.03557869,41.82,0
26060.0,1.202008475,0.253037945,0.250847652,1.077204878,-0.165464413,-0.519910663,0.077076289,-0.042192804,0.118487245,-0.00168054,-0.32881356,-0.216326155,-0.943911834,0.600742354,1.272472038,-0.200633407,-0.094861368,-0.488029503,-0.722787243,-0.236387941,0.044066378,0.166128236,-0.057642939,0.061239701,0.583865567,-0.295552072,0.024351259,0.01483959,3.57,0
5598.0,-0.686856804,1.489321211,1.066179277,0.307916249,-0.212141196,-0.97620827,0.289965836,0.264250448,0.698772221,-1.114662855,0.607927735,-2.353922084,1.961670821,1.293639569,0.10259974,0.47121103,0.898997974,0.159608607,-0.299643986,-0.016044544,-0.366951358,-0.876360022,0.064575373,0.269875469,-0.151545248,0.035379801,0.09236989,0.029630166,9.99,0
149624.0,1.636801059,-0.971995413,-0.66778985,0.325841721,-0.06012951,1.419490501,-0.797856344,0.48974488,1.521757847,-0.352008306,-0.487029631,0.397256489,-0.428294196,0.004863243,1.416741342,-0.772118798,0.37085561,-1.094083918,-1.369945896,-0.096624759,0.331448293,1.00686833,0.143538214,-0.33178967,-0.357579896,-0.155829232,0.065328204,-0.02313164,122.0,0
68043.0,-4.035428961,0.389637345,0.639224678,-1.049144446,0.150045177,-1.004993537,-0.525057271,-1.446478072,0.25547415,0.4681253,1.232370313,0.796087485,-0.184330152,0.281157807,0.068106162,0.831272909,-0.588092878,0.020707452,-0.015224875,-1.506826835,1.155571818,-0.661389713,0.220898181,0.407397466,0.450310984,0.885543554,-0.044868261,-0.138038202,3.69,0
79621.0,-0.261694154,0.225468828,1.584937145,-1.329810602,-0.578210514,-0.814176771,0.580942143,-0.284401983,-1.548811603,0.716151453,1.282794859,-0.270062227,-0.997283279,0.31090423,0.066814434,-1.254063168,-0.210906709,1.03391951,-0.100748729,-0.435362703,-0.791913739,-1.880725976,0.235136738,0.444133591,-0.748313012,0.406384265,-0.311871594,-0.190876879,28.3,0
118795.0,1.931624723,-0.488173518,-0.815075522,0.661615692,-0.168599773,0.26713625,-0.440858175,0.102195944,1.02779808,0.073081074,0.370337122,1.408450608,0.120642795,-0.264279493,-1.979799701,-0.542356825,-0.098521481,0.004414667,0.378127592,-0.166086646,0.279081345,1.191231041,-0.049891634,0.824057396,0.252055177,0.61907105,-0.029847457,-0.064569505,20.0,0
64475.0,-0.587359327,1.017302547,0.387145597,-0.377256082,0.530187312,0.397212754,0.205509453,0.649494294,-0.752608676,-0.501381964,0.029679512,-0.091477555,-0.807951591,0.913998673,0.351027595,0.412957878,-0.530581655,0.438222536,0.332126578,-0.225072916,0.157959532,0.306386073,-0.214719214,-1.139976891,-0.327478914,0.374508313,-0.014409759,0.061187663,1.5,0
70032.0,0.987499604,-1.789655893,0.560172898,-1.529135035,-1.109635165,1.605726368,-1.4890903,0.559098425,-1.909778371,1.333082967,2.165292334,0.231422718,0.584684552,-0.173973493,1.232484807,-1.206330473,1.323437493,-1.128118267,-1.750115549,-0.14025717,0.20055752,0.78346746,-0.015942891,-1.015499008,-0.053439581,-0.007849565,0.092880682,0.027945518,158.0,0
132150.0,-0.285060163,-5.440612088,-4.240840609,-0.560638773,-1.342753106,-0.721912209,1.862651558,-0.947536934,-2.22414085,1.089595871,-1.220501724,-1.186062037,0.229059959,0.632051983,-0.373372019,-1.190215391,0.785956275,-0.051480776,-0.399839868,2.398817345,0.943832062,0.043752012,-1.379831461,0.537495827,0.174936039,0.141285268,-0.339091215,0.159325074,1418.4,0
150401.0,1.824158334,-1.599000472,-0.623723393,-0.858149458,-1.333276395,-0.306851804,-1.020242351,0.020593629,-0.033098746,0.882620577,0.569044529,-0.273185535,-0.309503754,-0.139127973,-0.015408158,1.715676442,-0.347666476,-0.248846159,0.638698491,0.291704784,0.520323283,1.120589792,-0.052935602,-0.306166627,-0.270537423,-0.081142559,-0.022825212,-0.030783715,175.0,0
58944.0,1.315555158,-0.809774047,0.983260655,-0.728819725,-1.554783297,-0.425729161,-1.189757816,0.14147854,-0.497308935,0.80463715,1.196629982,-0.511946588,-0.832821398,-0.038884068,0.531830976,1.726960205,-0.134592052,-0.225572412,0.517968348,0.050081856,0.425593738,1.077701637,-0.109081586,0.35657533,0.358584475,-0.064306251,0.025231213,0.014853814,19.95,0
38931.0,-1.068893456,-0.024578349,2.181588817,0.122281396,-0.223427229,-0.286286999,0.715261743,-0.588461986,0.348169764,1.095228383,1.46553464,-0.944030146,-2.08571298,-0.02832594,1.76324646,-0.278921412,-0.185743569,0.598538333,2.214216558,0.230395124,-0.280113087,-0.167952687,-0.093083163,0.347557514,-0.276601256,1.086645341,-0.604624935,-0.429165243,76.83,0
78019.0,1.017506861,-0.599386702,0.810760181,-1.059108692,-0.329821991,1.540530121,-1.003558639,0.706721647,1.526054235,-1.10580144,2.236883483,1.866889313,-0.079978363,0.144212631,1.64814998,-1.517082827,0.800541039,-1.275024586,-0.705267396,-0.243629655,0.160197345,0.831971933,0.077632968,-0.991248983,0.159757287,-0.575688585,0.162032486,0.010593451,1.0,0
64344.0,-4.676908016,-0.063414887,1.078797786,3.414055465,-1.196192541,0.299052517,-0.129458006,0.287356204,0.291973353,2.059746389,-0.863780379,-0.53201846,-0.157326508,-0.44321478,1.364997293,0.370196857,0.110627587,0.369613633,0.981610443,-1.343177694,-0.369803151,0.659643669,0.166804705,0.460337631,0.310681828,0.285928085,-1.313147051,-0.181871553,102.52,0
160451.0,-0.305688374,0.023954517,-1.310176276,-0.298331435,0.515244296,0.293691098,-0.134268019,-2.853306036,-0.006430639,-2.200583125,-1.002238163,0.878194987,1.146029521,-1.319924729,-0.477060141,0.512834422,0.735683515,0.164833192,-0.320637005,1.285582048,-1.41981392,-0.59796943,-0.446722416,0.009363482,1.205758317,-0.01747116,-0.110658812,0.165050105,321.18,0
59493.0,1.356574148,-1.535895501,1.01458488,-0.980949251,-1.840651489,0.495093714,-1.535551917,0.235415057,-0.847601205,1.180545357,-0.051148935,0.369494022,0.182183966,-1.197515564,-3.000859405,-1.147166127,1.095376919,-0.162777759,1.142341775,-0.296241414,-0.578443522,-0.948478853,0.038287733,-0.051798022,0.35054866,-0.338307909,0.073518325,0.01724696,42.45,0
58231.0,0.965026415,-1.358928889,0.428365055,-0.655921838,-1.405919389,-0.172182315,-0.806962396,0.243254946,-0.536401257,0.732757117,1.231967997,-1.293201156,-2.705536034,0.608121428,0.795731391,1.378779494,0.364955318,-0.992025629,0.417522121,0.234429045,0.145394684,-0.238180055,-0.005501509,-0.053872681,-0.022007847,-0.408678471,-0.022168186,0.035839413,188.0,0
120038.0,2.01025034,0.102990135,-1.609359048,0.336270607,0.417743272,-0.573494962,0.072135848,-0.075112707,0.220459978,-0.218179148,1.340984673,0.914368266,-0.055055765,-0.631482251,-0.460925477,0.402224666,0.343960126,0.040537903,0.203191772,-0.156457676,-0.295172683,-0.775784227,0.355945971,0.610290226,-0.327159401,0.148230389,-0.063146071,-0.039340999,1.98,0
70954.0,1.316467886,0.286324291,-0.058570874,0.502088298,-0.021194543,-0.608855213,0.022609641,-0.112027784,0.190949701,-0.261513692,-0.930599816,-0.396264139,-0.293040588,-0.205534887,1.228296241,0.754509502,-0.272462147,0.056259264,0.122778711,-0.097832633,-0.350944612,-1.038648456,0.034260704,-0.513960267,0.305906331,0.148795071,-0.028375803,0.020739852,0.99,0
74316.0,-0.279276941,1.114500065,1.00212862,0.728215439,0.309122686,-0.505338893,0.74575187,-0.048803021,-0.397908294,0.000381591,-1.111044206,-0.665844913,-0.579899093,0.416462537,1.133970788,-0.145685558,-0.345497493,0.362738052,0.606206226,0.110553484,0.066617877,0.333695466,-0.218055996,-0.157504481,-0.145732636,-0.281813351,0.411918775,0.218925938,6.85,0
146273.0,2.096672055,-0.023929069,-1.805077122,-0.084799027,0.824658305,-0.011715446,0.124023442,-0.131024785,0.249328493,0.143761294,0.395645834,1.14404345,1.040256908,0.445271082,0.099147933,0.165407104,-1.094363213,0.5577295,0.325884454,-0.125951304,0.248448882,0.864796172,-0.089587411,-0.14810461,0.390339948,-0.105170803,-0.020471619,-0.069507507,1.0,0
73392.0,-1.739771541,1.437241942,0.959740739,0.331712132,-0.043329241,0.839877164,-0.31516377,-0.273785729,-0.183351636,0.133316501,-0.176249571,0.903247842,0.687596152,-0.069292613,-0.655031486,-0.24052784,-0.013281092,0.54249245,2.075598441,-0.067259832,0.735248001,-0.26177071,-0.296472154,-0.771588748,0.553030914,0.621630859,-0.340715201,0.09786573,11.5,0
138016.0,-0.376940663,1.138859395,-0.350343398,-0.937685466,0.925313309,-0.504154341,0.929049183,-0.103126866,0.383994863,0.201072762,-1.733929268,-0.059902649,0.389945843,-0.124868609,-0.267440878,0.103367808,-0.762225871,-0.55369195,0.180509787,0.246040772,-0.385303135,-0.771008771,-0.04334617,-1.070907739,-0.2561824,0.217380869,0.46528833,0.214700937,2.58,0
147773.0,-0.061524241,1.277143195,-0.620847952,-0.237050553,-0.183729327,-0.100103317,-1.651935778,-5.530459321,-0.551213604,-1.506836852,-0.843012746,1.231160615,0.352370087,0.931402356,-0.510567011,0.327159123,-0.207999439,-0.915208366,-0.62912844,1.129848825,-2.811147941,0.01690681,0.398716097,0.03473199,0.370856568,0.196937387,-0.073763967,0.178160976,1.98,0
145562.0,0.06857829,0.452989863,-0.357619568,-1.897469895,1.037322126,-1.876397601,1.554896275,-0.777733752,0.272285782,-0.987325327,-0.388061911,0.188807706,0.006289694,0.600754874,1.217616263,-1.766513507,0.193100332,-0.270510805,1.77233762,0.125458236,0.19838681,0.892596343,-0.329632115,0.07021067,-0.08055338,-0.005932807,-0.013764691,-0.051453821,7.21,0
167744.0,-4.285523443,-5.895220341,-1.036497003,-2.314407581,1.194009377,0.517229677,-0.241950575,0.992598223,-0.168817555,-1.68751795,0.367557503,1.498607373,0.886015041,0.466368511,-0.000416562,-2.372393551,0.489831466,0.646379254,-0.796588159,1.78121301,0.192940999,-1.308931557,1.67509487,-1.04436624,-0.766284635,-0.77195904,-0.002135748,-0.434794315,629.31,0
74478.0,-0.354861376,0.781058933,-0.034372171,-1.2127289,2.450266351,3.371108411,0.125634611,0.936156727,-0.522230607,-0.25138752,-0.180001158,-0.245580006,-0.054206656,0.290621543,1.040604603,0.527366532,-0.891348025,0.098147748,0.386721386,0.218623331,-0.281914305,-0.903432273,-0.056598221,0.983247039,-0.035673601,0.086389064,0.267334463,0.114123493,3.27,0
79903.0,1.200628876,0.23920185,0.640482595,0.707894103,-0.607940735,-1.159716841,0.133108129,-0.263984256,-0.066063846,-0.091889036,0.174223374,0.7815894,0.832079816,0.14965499,0.947719863,0.183192062,-0.336197062,-0.71512013,-0.252129113,-0.0282327,-0.217761319,-0.647575128,0.153136787,0.723029474,0.186097199,0.070366559,-0.028520014,0.026899664,20.97,0
68896.0,-0.384956347,1.072912248,1.263137811,0.014077962,0.201696198,-0.51639821,0.626768955,0.072709505,-0.378850157,-0.552122629,-0.012660594,-0.064803832,-0.035099397,-0.374418818,1.160354783,0.096277451,0.294526229,-0.571225222,-0.448761803,0.074233186,-0.237452177,-0.585672144,0.017123927,0.019125003,-0.237829193,0.102003109,0.261139555,0.094620237,3.59,0
124568.0,2.170898232,-0.70605366,-2.529758707,-1.216445767,0.5142148,-0.773156241,0.282411567,-0.456661032,-1.278087675,1.043395363,0.313565001,0.085995051,0.863794159,0.385599608,-0.717939363,0.859824949,-0.270413816,-1.0246991,1.254474578,0.165360993,0.382319635,0.980556482,-0.275988785,-1.069593033,0.5491329,0.123399651,-0.088961859,-0.089557961,79.9,0
77703.0,-0.892947335,-0.621096053,1.546716777,-0.401323573,-1.535901847,0.419722945,-1.290752008,-2.296305912,0.976555123,-1.673489421,-0.970623345,-0.593177195,-3.25626533,0.495389498,-0.374200369,0.144218368,0.523226919,-0.836717047,-1.134324722,0.796393039,-1.345487595,-0.367034745,-0.157365966,0.401275045,0.506811496,0.869257095,-0.072241279,0.231545092,253.92,0
124058.0,1.937070682,-1.059011095,-0.880941755,-0.481155006,-0.728636131,-0.151781784,-0.634517019,-0.049854885,-0.550242877,0.957164168,0.752694985,1.02999807,0.92916842,-0.024210013,-0.564257903,-1.175893355,-0.438198317,1.418201791,-0.587186062,-0.345724679,-0.256725836,-0.35017366,0.242602269,0.784053083,-0.401462454,0.491431449,-0.052489223,-0.03765295,96.34,0
118560.0,-0.675810286,0.30525471,1.461161913,-1.267978743,0.445128289,-0.22021359,0.42191193,0.184941126,-0.062240427,-0.849238349,0.192331977,0.415924524,-0.296999108,0.046381718,-0.833009458,0.929325123,-1.174410984,0.284902409,-0.193213857,-0.057030307,-0.154284867,-0.605257574,-0.002223771,-0.518893932,-0.444471499,0.153304153,0.043688032,0.123767293,24.95,0
33211.0,0.527780609,1.677388642,-3.755901526,0.541653384,3.172055187,2.333843735,0.012112484,1.147199703,-0.640415999,-1.350195464,0.789449153,-0.68610129,-0.221223641,-3.060077033,1.23743462,1.288416764,2.496040266,2.003017237,-0.043626344,0.104248742,-0.159970537,-0.486569362,0.09952536,0.654888065,-0.278751663,-0.383348924,0.134433433,-0.054106183,0.89,0
137070.0,2.03012421,-1.842450107,-0.331683369,-2.56975857,-1.574772279,0.45056807,-1.649635956,0.302906847,2.285588665,-0.613433964,-0.143233528,1.519151474,0.180221915,-0.735068196,-0.817696378,-2.343587703,0.051771268,2.128861782,1.00748454,-0.501662529,-0.351662543,-0.120924992,0.182573332,0.271563958,-0.167187507,-0.885268135,0.135541483,-0.024046616,46.55,0
121986.0,-1.149092254,0.145946495,1.886479348,-0.382249846,0.960897864,-1.905737526,0.893953836,-0.406846371,-0.421152461,-0.657457092,-0.05234939,0.1023357,-0.449809015,0.090171922,-0.226506009,-0.492999921,-0.053072543,-0.982850457,-0.193080802,0.160148552,-0.218394264,-0.708203016,-0.093103204,0.92718197,0.381720268,0.234691938,-0.237547243,-0.157778685,3.59,0
137954.0,-0.804544091,0.899234197,1.937107517,1.908647278,0.909023432,1.054456422,0.615521177,0.139248542,-0.9786549,0.827235728,0.21060806,0.234716038,0.138757977,-0.649813664,-2.250664226,1.703389888,-1.800894124,0.439579117,-2.861228229,-0.322821554,0.280150702,0.893455188,-0.107808729,0.679101845,0.075138207,-0.202435678,-0.393913313,-0.195668671,24.02,0
41657.0,-0.300054908,-0.140462277,-0.793797485,-2.841569076,2.430364427,2.864751349,0.200277144,0.666934467,-1.709432297,0.090403591,-0.322460064,-1.084256964,-0.070088181,0.098346138,-0.102291253,1.233933251,-0.38302128,-0.959164247,0.380198574,0.264467708,0.344085554,0.621984039,-0.165425441,1.033112056,0.185805237,-0.258238793,0.082238809,0.136280781,55.0,0
64615.0,1.054975907,-0.327895054,1.078935125,1.546523514,-0.623540358,1.07139996,-0.736894188,0.531555701,1.230238855,-0.2062043,0.055627366,0.804637711,-1.721605447,-0.280850586,-2.224216446,-0.78804374,0.486734813,-0.576823872,0.596192307,-0.275394401,-0.400511207,-0.784139178,0.046464952,-0.352427452,0.390076234,-0.501664788,0.077461468,0.012397869,12.55,0
136077.0,-1.451202815,0.924131552,1.699753192,-0.619585927,-0.252549952,-0.418900105,-0.035218947,0.498907688,0.284901648,-1.102153638,-1.122109277,0.498908705,0.589131489,-0.155318096,0.167338064,0.059700722,-0.322282455,0.212727374,-0.353687505,-0.043436557,0.213504885,0.701071525,-0.541199311,0.035517322,0.765338708,-0.083940093,0.089151246,0.009895044,0.01,0
39474.0,0.037808173,-0.819858892,2.313114636,-1.919256319,-1.4410036,0.289245641,-0.879560538,0.105733072,-1.542184271,1.226967669,0.295967031,-0.961681482,-0.608145138,-0.925245391,-0.990475057,-0.319880031,0.320369821,0.905089031,0.482244765,-0.242948326,-0.201011345,0.046061024,-0.126088459,-0.03010716,-0.226145759,-0.257622987,-0.071460968,-0.200973107,16.0,0
135663.0,1.980901745,-0.43202674,-0.5563046,0.216401917,-0.464674932,-0.33199783,-0.493975135,0.0045819,1.076121658,-0.005440696,-0.956546977,0.126619691,-0.21544143,0.002527715,0.61034344,0.492496651,-0.541933142,-0.381214664,0.016525644,-0.137105651,-0.267564309,-0.773171717,0.448935707,0.640099464,-0.633608075,0.202653924,-0.051038708,-0.034668913,29.98,0
133486.0,2.180167807,0.029783989,-2.715894196,0.386405661,0.818169429,-1.463427773,0.859096473,-0.497345277,0.275991601,0.34611792,-1.898994208,-1.467023532,-2.608587183,1.305976655,0.062003673,-0.471337784,-0.231089765,-0.132982209,0.299377053,-0.382851933,0.192801387,0.621210456,-0.250903355,-0.681690706,0.694889316,0.775246974,-0.142453406,-0.104794255,10.0,0
142930.0,2.043326017,0.472267012,-2.431116808,0.768845832,0.462530467,-1.722559402,0.260489675,-0.297734808,0.734102054,-1.164402532,-0.066545342,-1.01644527,-1.483468831,-2.240116299,1.284174253,0.802140728,1.884559934,1.384843894,-0.733815191,-0.252048875,0.081804943,0.375335762,-0.03187594,-0.338492936,0.202573256,-0.08820944,0.013588115,0.003409719,1.0,0
45833.0,-0.825917928,0.684204415,1.287538461,1.383257966,-0.600670168,0.402784441,0.710541077,0.22200645,0.412337682,0.160013249,-1.027636995,-0.862368418,-2.05625649,0.143003383,0.344417549,-1.073425194,0.720198504,-0.304457125,0.665866072,0.128282447,-0.027803064,0.381494885,0.064104475,0.055950005,-0.147716359,-0.151743205,0.612340644,0.240444063,125.0,0
126575.0,2.007897887,-2.06954362,0.08118256,-1.097954168,-2.228727392,-0.119258312,-1.722052732,0.065055381,-0.157128633,1.269904735,-1.495190788,-0.531190235,0.099186774,-1.167235954,-1.224096768,-0.75983689,0.901279908,-0.236042563,0.064960984,-0.279675236,-0.289103095,-0.319238597,0.288745582,-0.041062954,-0.539038351,-0.305808806,0.057113733,-0.017046267,113.5,0
130755.0,2.257687802,-1.407605222,-0.921244854,-1.604483207,-1.093003176,-0.321836034,-1.151976155,-0.165434016,-1.215379578,1.512504632,-1.039805898,-0.435551329,1.286624572,-0.672070621,-0.10431186,-0.506555891,0.381994974,-0.127802301,-0.179418446,-0.313625408,-0.149668411,0.059130205,0.241368027,0.518479652,-0.202057387,-0.200791209,0.02012649,-0.036465138,38.0,0
63877.0,1.157990592,-0.014466749,-0.508258533,0.208086266,0.355319517,-0.231140796,0.406719421,-0.122038484,-0.374231002,0.076084495,0.444477637,0.579270271,0.145137533,0.631025081,0.158753804,0.576166737,-0.921408904,0.015050548,0.811331345,0.118540999,-0.357540818,-1.291025898,-0.084393092,-0.83380944,0.379904568,0.183929751,-0.08557411,0.002358036,91.9,0
143826.0,-0.472304558,1.211083303,0.109220387,-0.484692392,0.812495778,-0.834037152,1.121921452,-0.223358927,0.171062424,-0.556577657,1.072224485,0.303848442,-0.525149434,-1.868767383,-1.519941622,0.131542973,0.827035743,0.768419385,-0.021015921,0.220163723,-0.003642597,0.562888503,-0.333825296,0.00171942,-0.209907759,0.532426147,0.320297626,0.089629814,2.49,0
85286.0,-3.090889051,2.274927954,-1.30168703,-1.600087866,-1.278798543,-0.041612981,-1.62041384,2.5571914,0.040449248,-0.377257,-0.434548909,0.583579626,-0.799921315,1.61969446,0.166858354,1.492644985,-0.213275245,0.32435674,-0.525883084,-0.114964738,-0.037976024,-0.511422572,0.074293187,-1.151553117,0.059863746,0.839487869,0.008880438,-0.079256337,7.68,0
161496.0,1.866365778,0.580127513,-1.252753197,3.640995071,1.010730415,0.261533501,0.518492672,-0.052677095,-1.458349403,1.605775427,0.495833612,0.601462134,-0.010628293,0.550496112,-2.011821839,0.45922959,-0.727006832,-0.394619846,-1.066881474,-0.219018395,0.050118765,0.129593641,0.105084057,0.691240673,0.191057068,-0.033338103,-0.070589926,-0.058770194,30.23,0
72215.0,-2.771004187,-1.614826814,0.917923144,1.11064013,-0.483247806,0.366183361,-1.593424803,1.383319165,-0.174272925,-0.497002825,1.128561116,0.763774436,-0.489879478,0.787798198,1.342085453,-0.387941721,1.048354011,0.078903319,1.26690144,0.212407687,0.47363686,0.86151548,0.078363489,-0.152015484,-0.947314819,1.286454013,-0.070080698,-0.43680748,50.0,0
147849.0,2.254269747,-1.587957817,-0.132763766,-1.620158137,-1.649950349,0.078758421,-1.818634298,0.054419161,-0.709967935,1.473881185,-1.218946332,-0.51109345,1.381437355,-1.03938226,0.33604964,0.103259735,0.055039253,0.423741682,-0.309752067,-0.323894162,-0.114160901,0.188460634,0.32688665,0.460416819,-0.479977427,-0.25019358,0.063863609,-0.022405092,20.46,0
147646.0,-0.911807555,1.29619923,-0.134942715,-0.272222992,-0.686241247,-1.768961429,0.288237412,0.571443203,-0.312671992,-0.74323629,-0.479661259,0.553247818,-0.392437935,0.841237395,-0.488965967,-0.095558339,0.266510111,-0.92105093,-0.42354847,-0.315405931,-0.103206025,-0.466740074,0.321362171,0.91314317,-0.580131919,0.076229183,-0.124746297,-0.056644607,9.99,0
78939.0,1.300447507,-0.557343778,0.419697074,-0.557176736,-1.140792979,-1.038533817,-0.352959354,-0.246905449,-0.901510665,0.636880936,-0.40597534,-0.00998603,0.50149878,0.082780599,0.955824238,-1.148292367,-0.080547794,0.680218094,-0.690302912,-0.368434963,-0.615449868,-1.438291903,0.203982753,0.378885691,-0.054360651,0.732371994,-0.062765385,0.022631586,53.94,0
99847.0,1.064710329,-1.966712848,-0.882028614,0.711273416,-1.004861665,0.019928977,-0.153690711,-0.162065157,2.789897144,-0.80728222,-0.178427051,-2.261257376,1.567233501,1.368789524,-0.084791904,0.206017371,0.242318396,0.605406505,-0.427308471,0.763926833,0.309641442,0.22624808,-0.260431812,0.660613061,-0.349560536,0.006398148,-0.110623666,0.042540742,500.0,0
62509.0,-1.080175162,0.956199594,0.971157575,0.20591847,0.597933425,1.558612666,0.29193722,1.020112072,-1.0848334,-0.750567068,1.87638044,0.878414133,-0.508026925,1.007321464,1.087194205,-1.003477769,0.737771376,-1.312832048,-1.445144443,-0.217098691,0.361637422,0.925670458,0.016508284,-1.025169612,-0.157939924,-0.262925615,0.033829484,0.035774163,57.03,0
66012.0,1.044926461,-0.139007614,1.207625397,1.18101393,-0.54964994,0.994849189,-0.855200156,0.520514657,0.518123256,0.015807657,1.36066817,0.951739177,-0.486330213,0.081396264,0.437429798,-0.089713017,-0.083322637,-0.154632881,-0.915370831,-0.225424265,0.223365897,0.841159103,-0.030644973,-0.270754238,0.314792093,-0.198908027,0.095059626,0.017267339,1.0,0
169689.0,-1.662531795,1.49317482,1.038910041,0.94015205,-0.543265902,0.504490107,-0.345190904,1.299068442,-0.068146018,-0.418605906,-0.461305121,0.146558713,-2.018531082,0.78338744,-1.299550037,-0.365504162,0.491697777,0.203826645,1.63623634,-0.052540121,-0.497435173,-1.40912314,-0.097371155,-0.518858921,0.424436411,-0.762567692,0.210126687,0.043142002,12.98,0
42641.0,-0.873102958,-0.466765915,2.232157304,1.731033608,0.65268767,0.763353265,-0.199816333,0.241234378,0.803049716,-0.342934273,-1.641655712,0.272709906,-0.392428402,-0.918524473,-1.276395276,-1.562752829,0.867152818,-0.834426074,1.502678718,0.349041056,-0.299816766,-0.510785112,0.142334341,-0.463695297,-0.299635035,-0.433643172,0.028817244,-0.054831858,53.73,0
163917.0,-1.460805613,1.448139436,-3.117871696,-2.101332626,-0.007392722,-2.02493391,0.145070242,-0.288860355,-1.622602162,0.397822458,-1.322484773,0.34887685,1.256792997,0.891245448,-1.763038555,0.499272609,0.607524659,-1.799273552,-0.227905599,-0.477336186,1.540217697,1.946434208,0.214542341,0.027307385,-0.815995907,-0.130026148,0.072659487,0.214416289,10.0,0
126654.0,-0.846669364,1.39902218,-1.105221684,-0.980554695,0.463029764,-0.147644821,0.162912212,0.887054827,-0.362559658,-0.383467046,-0.714142823,0.735997178,0.346378717,0.780043792,-1.068865097,0.726672223,-0.831821635,0.247803645,0.679368264,-0.060286696,-0.241418535,-0.756500699,-0.00067423,-1.395546292,-0.237484969,0.214089354,0.101304675,-0.001920667,9.99,0
120560.0,-0.686621287,1.040670725,0.772366296,1.135947092,-0.190114219,0.190706808,0.053797411,0.537491451,0.441488569,-0.424793567,-2.158516378,-0.536776429,-1.730938198,0.275982438,-0.787047397,-0.656494425,0.432218551,-0.316347712,1.322024873,-0.355435315,-0.386762559,-1.087481695,0.213855809,-0.535139357,-0.822257676,-0.995302326,-0.121660382,0.127277606,8.98,0
159478.0,1.965115955,-1.138644174,-0.701608156,-0.61255383,-0.763373373,0.257222478,-0.921859976,0.124316729,-0.269675388,0.937264903,0.275755025,0.586934624,0.387402366,-0.026319414,-0.247380141,-0.728001334,-0.673031125,1.536095129,-0.351277082,-0.387167903,-0.562108711,-1.297513616,0.425098986,0.226159226,-0.739606501,0.200196145,-0.037646777,-0.033035093,85.82,0
79986.0,-0.551801064,1.449128761,0.586724349,0.55130562,0.183824711,-1.126296322,0.851373896,0.133090635,-1.054907127,-0.6169095,-0.60421712,0.253918492,0.330312217,0.697852323,0.39331273,-0.201049773,-0.149330602,-0.209648502,-0.120965402,-0.183743359,0.123005919,0.248044224,-0.242794753,0.407944354,0.449400079,-0.335604401,-0.1059043,-0.045017509,4.99,0
39956.0,-1.619361044,-0.040843371,1.144477734,-0.228460109,0.221359601,-1.484373387,0.154975289,0.386437087,-0.477289084,-0.97360426,-0.787438443,-0.204514119,-0.642923689,0.662582235,0.463335184,0.652165759,-0.441622439,-0.26957876,-0.688467014,0.115857183,-0.010468532,-0.730328304,0.151522409,0.362780486,-0.339521994,0.006278905,-0.081346497,-0.091283528,57.96,0
40742.0,-0.933722193,-0.565558719,0.195401471,-2.818743438,2.077632533,3.212565929,-0.075066706,0.856226942,-1.639326548,-0.16159877,-0.21897298,-1.095596824,0.0527251,-0.124151953,0.403050127,1.632610693,-0.486087994,-0.813801983,0.374747035,0.539681946,0.201220338,-0.053571097,-0.025389933,0.989830957,0.685343422,-0.324906923,-0.027850066,0.065701247,120.0,0
60432.0,1.121090804,0.005796113,0.245573598,1.223369203,-0.069756604,0.302664322,-0.124327878,0.232196438,0.27145923,0.08163995,0.621741786,0.340636018,-1.603413658,0.533351452,-0.61011314,-0.361465272,-0.023523401,-0.195660355,0.051622237,-0.237158333,-0.081187345,-0.129192901,-0.10805976,-0.326451558,0.623641339,-0.306311202,0.023933103,0.001482895,20.22,0
168693.0,-2.410024652,-1.432870979,1.373918622,-2.507625197,-1.697741591,-0.544289305,-1.293412558,0.849440356,-2.024630617,-0.091652208,-1.540875507,-0.521407647,1.350912226,-0.505959391,-0.287477386,0.519207104,0.251134901,0.534485275,-0.950747994,-0.292339417,0.044517077,-0.026928183,-0.232544356,-0.100905498,0.384982298,-0.207308248,-0.205182622,-0.327785924,101.96,0
127160.0,-1.126999845,0.644657473,-1.21091831,-0.233516926,1.424852379,-1.042274822,0.576902223,0.195215406,-0.131147187,-0.982218619,-1.50691822,-0.373801246,0.422553674,-0.73704975,0.811671565,0.386129056,0.343542587,1.050151772,0.244686371,-0.11205264,0.234797137,0.956508808,0.275698093,-1.137385909,-0.125066913,-0.061688489,0.310677438,0.160540882,14.43,0
30233.0,1.268124069,-0.65785638,-0.064126614,-0.505372115,-1.00456859,-1.23879163,-0.112663463,-0.310904965,-0.926237988,0.696102422,-0.641119956,-0.628302913,-0.617578705,0.433115492,0.810738623,-1.409262115,0.106066514,0.84348244,-0.688726245,-0.3833593,-0.408050785,-0.908605683,-0.006363875,0.403826503,0.257992613,1.004915536,-0.096347767,0.012691775,84.73,0
41638.0,-1.528993662,0.131046572,1.420425114,-2.689300849,-0.783673716,-0.253695541,-0.062670944,-0.117759481,-0.898676033,2.172304643,-1.681183997,-1.623833797,-0.328251367,-1.273294967,-0.894273254,-0.556591385,0.266098357,-0.095103985,-0.122738702,0.252171628,-0.72793107,-0.990011235,-0.227243717,-0.529866974,0.701118779,-0.34760255,0.566393267,0.222509006,30.0,0
137488.0,1.975786129,-0.086274241,-1.257410904,1.150680804,0.482373596,0.324948597,-0.075307794,0.057583163,0.494406006,0.319271229,0.123490779,0.956249523,-0.107250198,0.238474839,-1.264517616,-0.198660271,-0.591594872,0.282123495,0.183040697,-0.23025595,0.128984307,0.608524623,-0.017057446,0.23504047,0.359946633,-0.48228318,0.015474075,-0.057794387,9.99,0
125036.0,1.631125503,-0.468189444,-2.126883055,0.528150096,0.383142407,-0.635797643,0.483782563,-0.183910811,0.095610266,-0.365517177,1.377369976,0.805651499,-0.134304553,-0.690875018,-0.48499589,0.367161389,0.551296976,0.201553335,0.098455969,0.254088334,-0.08635728,-0.61969848,0.08304759,0.622723879,-0.237057102,0.253906757,-0.110238968,-0.00593422,205.0,0
58528.0,-3.340985187,-2.413751045,0.98299943,-0.282405693,-1.053781473,0.351796347,0.610006731,0.653422797,0.588527829,-1.136795996,0.748213484,0.923468695,-0.499453124,-0.204292292,-1.217974462,0.397260492,-0.048087378,-0.328188665,-0.255822856,-0.185138136,-0.195992615,-0.091855556,1.686935869,0.046292017,0.299104877,0.868186352,0.303377318,-0.276355955,419.16,0
160183.0,2.092696191,-0.354820201,-1.28550303,-0.658220821,-0.319382425,-1.418142003,0.123411315,-0.36112802,1.16667205,-0.38917694,-0.802416976,0.433279127,-0.316950639,0.295899836,0.15329668,-0.481440205,-0.060572637,-0.847462644,0.71476518,-0.210231236,-0.283680691,-0.639591548,0.292701542,0.001817458,-0.256981394,0.411732586,-0.084713748,-0.067165014,9.2,0
45195.0,-1.858583907,0.985593082,0.736136641,-2.073568845,-1.141644069,0.628854358,0.357439662,-3.695623313,-1.12553496,0.836847644,0.861585647,0.468606463,0.433745504,-0.171503391,-0.559246879,-0.743893254,-0.645453762,1.315321993,-0.958171425,-1.517119559,2.436115046,-1.940882546,0.391568945,-0.02362009,-0.393470189,0.593179983,-0.172103491,-0.176058368,198.0,0
54292.0,-2.177105269,-3.354842281,1.598730568,-0.886010355,-0.959269124,-0.334044555,-0.405598912,0.143591039,-2.696015375,1.057645513,0.772682194,-0.878112502,0.41292126,-0.179123268,0.693249638,-0.287011865,0.432145352,1.473992424,1.071956182,1.352722275,0.434098996,0.294991741,1.091590167,-0.070042698,0.397790707,0.068182689,-0.107382324,0.137075002,464.0,0
46281.0,0.659788679,-1.957698204,1.400488431,0.110055651,-2.44243533,-0.234276167,-0.99662604,0.033338271,0.363752988,0.17444041,-0.444526656,0.123188052,0.316198574,-1.142169394,-0.836458259,0.658242488,0.888374697,-1.401148924,0.518499579,0.703203536,0.406356348,0.713773215,-0.298441391,1.014497872,0.257323724,-0.140780448,0.018155573,0.09039278,329.7,0
47743.0,-0.839059322,1.265589101,1.23709662,2.931581785,0.12457261,0.04382648,-0.018667293,0.546080591,-1.239865173,0.592236723,-1.390779973,-0.37924777,-0.019134589,0.397437132,0.468616777,-0.090889107,0.259197689,0.0075065,1.227708541,0.234698139,-0.121615951,-0.383829804,-0.036862552,-0.134912496,-0.34188353,0.076703397,0.287154862,0.097439287,6.03,0
136453.0,-0.098090255,-1.11074763,-0.177457685,-2.152172615,-1.500707717,-0.99923361,1.371006681,-0.515075463,-2.454636069,0.643265283,-0.724607002,-0.873996464,0.502353025,-0.27472925,-0.989443708,-0.974211139,0.663065569,-0.436776156,-0.369032014,0.250948666,-0.018778638,-0.131730374,0.768949215,0.397200056,-0.240189302,-0.350469277,-0.048467008,0.061145371,319.0,0
132796.0,-1.645270688,1.626501858,1.20792539,2.873894612,-0.330076833,0.328808995,-0.36818163,0.9902432,-1.170417098,0.444323141,-1.973362405,-0.602222718,-0.540010253,0.299740582,-0.963833155,1.353548625,-0.605641094,0.296739043,-1.977941008,-0.511215533,0.450746237,0.886485818,-0.137708483,-0.04072654,-0.38348576,0.0003537,-0.503883931,0.076192625,11.83,0
78705.0,1.241745983,-0.156165524,0.284521773,-0.094829899,-0.59742159,-0.723996341,-0.210700415,0.001060847,0.514344559,-0.185781815,-0.298216848,-0.643687002,-1.683113977,0.617126405,1.582832829,0.047322261,0.075797822,-0.728757579,-0.27746999,-0.20064879,-0.098699927,-0.332950294,0.091063331,0.098872521,0.105689792,0.995024484,-0.080157652,-0.002342773,9.22,0
49861.0,0.620816233,-1.962162734,0.806592648,-0.304401836,-1.528209133,1.023606412,-1.002806277,0.423199076,-0.096976242,0.333604684,1.267573124,0.385134389,-0.499034968,-0.497247079,-0.783893293,0.406299865,1.040806733,-1.833484201,0.385013558,0.585691081,0.289519734,0.328550259,-0.208825899,-0.25486677,0.077152966,-0.23316656,0.022673396,0.060368048,315.0,0
164718.0,0.344164469,-0.56845032,1.703127878,0.04382819,-1.356167949,1.278909537,-1.161509978,0.43376088,-0.28847271,0.696825032,0.37641248,0.208097978,0.422660197,-1.048626976,-0.834728274,-0.112305322,1.243876502,-0.334928276,3.828907744,0.503506281,0.357986256,1.331972632,0.196522735,0.839669187,-1.383031319,0.066015449,0.351538695,0.264473546,52.52,0
155394.0,-2.192892669,-1.518331598,-3.051160612,-0.563123308,-6.777165224,3.977450843,9.737345662,-1.786780647,-0.195671565,-1.708137361,-1.388372302,-1.14647721,-0.246806755,-0.047871881,0.110400588,0.418647881,-0.971245588,-0.014242334,0.153199357,0.535664262,-0.359474376,-0.208854963,1.17482203,-0.672310254,0.321298264,-0.061277983,1.123143115,-0.45427378,2006.03,0
141644.0,-0.748572792,1.210288697,1.045481616,2.894092636,1.344076377,0.561167157,1.099349978,0.014190662,-1.370901923,0.549396847,-1.957754613,-0.256167667,0.032570492,-0.385381679,-2.79197628,8.39e-06,-0.345863457,-0.57216462,-1.158196517,-0.209869893,0.141593385,0.565456018,-0.37174493,0.7687523,0.312399564,0.117108175,-0.005407289,0.149009186,37.07,0
168242.0,-1.368126746,1.362568029,-0.984455235,-0.777306209,0.619574028,-0.715866973,0.864216405,0.072384688,0.797057177,0.916347437,1.129428163,0.244763234,-0.848108973,-1.034632034,-0.742643734,0.468834943,0.1407182,0.242472454,-0.105872844,0.441265867,-0.51482447,-0.862754903,0.24520288,0.629195673,-0.191572663,0.12066985,0.738664686,0.555167791,44.99,0
56243.0,1.216442674,0.176131794,0.478007607,0.574960186,-0.325520617,-0.531627785,-0.039210329,-0.047346252,0.093941112,-0.099696569,-0.05305997,0.269664451,-0.053026275,0.33702993,1.32192159,0.026397055,-0.124363845,-0.948848301,-0.475392088,-0.146980273,-0.233638518,-0.658445772,0.170133971,0.05931782,0.13264452,0.125380966,-0.014883485,0.014902797,1.98,0
141966.0,2.224034558,-1.365679875,-1.433146281,-1.505204528,-1.057345967,-1.060786895,-0.696380673,-0.342044093,-1.750213306,1.803162753,0.710738172,-0.133808804,0.298353681,-0.018383111,-1.209299941,-0.855080595,0.440246287,0.46413574,0.044817159,-0.376804494,0.272397758,1.286557737,-0.11812245,0.140794782,0.324023162,0.263411209,-0.027956776,-0.072990035,48.99,0
113184.0,2.034195782,-0.056554081,-1.396936326,0.080403193,0.24910627,-0.628677461,0.081974011,-0.166855969,0.447111798,0.061733809,1.058210558,1.145091214,0.230711893,0.621596805,0.165753781,-0.099544896,-0.79370546,0.554151425,0.080208233,-0.200411373,0.323374345,1.056220325,0.005692805,0.7953604,0.323032051,-0.476455242,0.001628488,-0.055860317,1.0,0
170175.0,-0.273042368,0.859579324,0.662955091,-1.049297191,0.777263363,-0.138528126,0.667286077,-0.155457888,0.748006723,-1.028115879,-1.258558202,-0.195091866,0.651925544,-1.873577846,0.523314895,0.752338366,-0.108532382,0.532396621,-0.033756401,0.158232546,-0.369701148,-0.717652537,-0.206186884,-1.185644953,-0.059776462,-0.228861085,-0.008016638,-0.123251878,7.24,0
73140.0,1.338032048,-0.173490929,0.204172775,0.274265812,-0.345384128,-0.090658764,-0.31721387,-0.09691791,-1.090812674,0.751221781,-0.724059403,0.235607186,1.183915719,0.020873701,1.025355953,-1.581470795,-0.149008802,0.898775421,-1.358627686,-0.508152816,-0.285800825,-0.225612744,-0.073269214,-0.442902264,0.589356753,-0.23681661,0.066414596,0.020165344,6.36,0
139545.0,0.232262675,-0.94271297,1.378326269,-2.555820547,-1.338485683,0.353339309,-0.884021122,0.217799868,-1.605664737,0.892424268,0.180365075,-0.112184159,1.10968813,-0.991710333,-1.061176457,0.151044949,-0.169170387,0.882484905,-0.175038676,-0.231872836,-0.004451772,0.414264189,0.148850753,-0.491222742,-0.748215289,-0.312868325,0.12732935,0.054384037,58.0,0
67866.0,1.250752069,-1.162803245,1.734537427,-0.228806909,-2.114667331,0.297120511,-1.724432431,0.414445592,0.600533269,0.461145682,0.537011024,0.088922233,-1.182926276,-0.969793004,-1.970007356,0.745995997,0.777786041,-0.803624573,1.208296489,-0.033533003,0.192671277,0.826636846,-0.066482823,0.576361141,0.385589946,-0.071948764,0.075510095,0.016929425,5.0,0
45850.0,1.26172086,-0.087528519,0.037152522,-0.370624444,-0.143256658,-0.292417635,-0.095744799,-0.060827741,-0.017140787,-0.053957612,0.805000966,0.915380326,0.733362597,0.262288385,0.462395203,0.710438819,-0.910206324,0.214069779,0.675144389,0.062059233,-0.11148947,-0.374980624,-0.085643188,-0.450181195,0.301112626,0.965999668,-0.08830999,-0.008054581,30.0,0
159227.0,-0.807016965,0.962194752,-0.239919722,-0.396078072,0.581394474,-0.731911988,1.600236303,-0.312577137,-0.164937299,0.064694353,0.780047214,0.667325706,-0.479866719,0.448967108,-1.069025242,-0.949158109,-0.231058793,-0.049379722,0.792324783,-0.116591814,0.048890364,0.713391441,-0.075237915,0.04688717,-0.118034796,-0.304481642,-0.23542613,-0.317737734,72.57,0
89955.0,2.054352585,-0.142287877,-1.251334833,0.19216351,0.108000501,-0.627357959,0.040751407,-0.132375821,0.380680061,0.256099551,0.457314035,0.737951792,-0.373975456,0.530128578,-0.577853253,0.250409646,-0.68695469,-0.1655733,0.618301155,-0.227716983,-0.274433373,-0.70956476,0.274964973,-0.504670422,-0.279403346,0.20955351,-0.077858086,-0.076037443,0.89,0
29447.0,-0.423515105,0.101173889,2.073858318,-0.526631493,-0.752956194,0.264696913,-0.083472351,0.375200529,0.585455429,-0.719360874,0.190755791,0.036805507,-1.607243652,-0.18388958,-1.029455294,0.143124566,-0.124427815,0.332699225,1.047435199,-0.020382059,-0.122465505,-0.293915573,-0.029868238,0.021176873,-0.350490473,0.90868033,-0.007062692,0.039936832,40.0,0
24372.0,1.358447935,0.515772942,-0.113501815,0.556700827,0.491832738,-0.196336426,0.045642557,-0.262811559,1.231999975,-0.686469872,-0.1664673,-2.096884803,3.308879311,0.824809182,0.327456527,0.801412928,0.14963105,0.284036966,0.11789121,-0.00150957,-0.516267503,-1.175984585,-0.046495084,-1.085227784,0.420281752,0.138600366,-0.04384628,0.012818043,1.98,0
64058.0,1.019579929,-0.012718424,0.553119188,1.572838563,-0.537971293,-0.491983735,0.099393583,-0.019632835,0.370037673,-0.127459405,-0.196287373,0.280155595,-1.020252272,0.270790248,-0.038408708,-0.83391238,0.505340543,-1.04250986,-0.580914664,-0.146977912,-0.042416082,-0.052406215,-0.03588691,0.595300474,0.544222251,-0.348407679,0.024947909,0.029217413,63.73,0
152350.0,2.042406945,-1.440123734,-1.279717461,-1.212548281,0.929315571,4.344128558,-1.949422272,1.187087299,0.563743397,0.631569834,-0.758851148,0.380309232,0.113840201,-0.63362258,-0.512219021,-1.611303988,0.089689085,0.703829404,-0.638544987,-0.531081071,-0.567449308,-0.939071235,0.462147189,0.690323161,-0.596189914,0.435101815,0.040136762,-0.043020096,12.75,0
111207.0,1.189904746,-2.078016724,-0.855320068,-1.065946831,-1.23042642,-0.359050083,-0.354699207,-0.197546025,3.447158086,-1.497646896,0.4170917,-1.792432618,2.140449674,1.457038817,1.411053952,0.124543099,0.100081764,0.731484573,-0.016876281,0.739346268,0.221565484,0.018531581,-0.094900569,0.581645225,-0.570183602,-0.443889797,-0.067586666,0.045318093,456.62,0
78587.0,0.92464562,-0.85450319,0.837801132,0.734949794,-1.301755977,-0.223249224,-0.516069519,-0.005194859,-0.826723556,0.718721679,-0.152582057,0.08354598,0.385473517,0.041068394,1.313519729,-1.414727223,0.042481936,1.014011517,-1.919974026,-0.235716291,-0.09610614,-0.103986615,-0.059956371,0.377011336,0.212868322,-0.307669614,0.055587106,0.066162858,172.0,0
89737.0,1.595364582,-1.019004834,-1.719544186,0.238127579,-0.206922205,-0.612659361,0.221000072,-0.118976625,0.394773689,0.280116455,0.713949078,-0.173736264,-1.832971396,1.033734526,0.202563352,0.367727563,-0.618901319,0.507318552,-0.004714492,0.192692711,0.378604146,0.515415939,-0.108585097,0.799799179,-0.108715377,0.712368494,-0.1553116,-0.03623593,239.4,0
152719.0,-0.585324202,0.962583339,0.13843834,-0.304920724,-0.572426971,0.034547327,-0.652692707,0.961390398,0.161412747,-0.845444378,-0.068217249,1.385033813,0.91331486,0.348032888,-0.561483123,0.433707115,-0.588208757,1.024063994,0.492806962,-0.316581683,0.432049438,1.1731516,-0.045101453,-0.447531451,-0.647695677,-0.268435256,-0.189553454,-0.025345369,4.99,0
58645.0,1.228040284,-0.538988796,0.718661183,0.538181064,-1.018089422,0.06143841,-0.755615103,0.148149753,-0.715588638,0.931070328,0.367087844,0.185564438,-0.554864478,0.139161679,-0.376067466,-1.118126688,-0.369905421,1.928001819,-0.656497017,-0.524991295,-0.343384169,-0.507445628,-0.042800176,-0.052742585,0.423554483,-0.332915413,0.056378484,0.02370097,34.13,0
83075.0,1.28345638,-0.214982654,0.12503601,-0.745617093,-0.468343248,-0.699873289,-0.027350843,-0.220831902,1.519690465,-1.159379662,-0.863209348,1.347421932,1.095641931,-0.329485712,0.153544214,-1.071977925,0.020324601,-0.22329554,1.100442217,-0.029508552,-0.056730173,0.229284669,-0.254487653,-0.039146686,0.966326912,-0.558413641,0.071914926,0.019008362,15.95,0
64971.0,-0.473736554,0.7094969,1.797155858,0.954681256,0.100925204,0.233878537,0.459956402,-0.19403344,-0.367291294,0.360133285,0.949838313,0.726162472,0.313058423,-0.255496907,-0.064361417,-0.812842466,0.173486225,0.155685082,2.450977689,0.180604186,-0.195891055,-0.239117383,-0.355762473,0.074263735,0.184453198,0.5075463,-0.383431517,-0.26302846,24.8,0
161669.0,2.092931517,0.119631268,-2.068687995,0.081334902,0.452268206,-1.820370022,0.887379945,-0.664862444,0.107951336,-0.005303822,-0.509906592,0.587693663,0.510307268,0.699205256,0.305706689,-0.675159272,-0.281447699,-0.624211178,0.090000229,-0.165122331,0.168085529,0.619821741,-0.066005153,0.1235418,0.450730072,0.233583971,-0.085804695,-0.073837722,24.0,0
32836.0,0.960607585,-0.444364077,0.220422931,0.930023832,-0.152787594,0.839074331,-0.422430017,0.369174814,0.357494648,0.156882573,0.120362534,-0.421263829,-1.611675968,0.66414046,1.073620235,0.803191422,-0.900947491,0.872841107,-0.279922284,0.018012491,0.170996503,0.178641227,-0.27782003,-1.1953126,0.445091865,-0.222532216,0.020112684,0.024140532,127.0,0
155174.0,-0.66921688,0.306300565,-0.473438875,-2.224547808,0.006635943,-1.00652082,0.367109451,0.167950228,-0.929298281,-0.040319631,-1.83172646,-0.897718441,-0.221877263,0.022560378,-1.28611465,1.092039972,0.061952807,-1.556402229,0.380061737,-0.048588172,0.069575666,0.094055174,-0.031195591,-0.594142181,-0.546159311,-0.514827856,0.176626392,0.171689085,42.5,0
53253.0,-0.814258313,1.248121288,1.329184991,0.100816039,-0.5303547,-1.152795932,0.350669375,0.340942318,-0.585731453,-0.538880905,-0.254631848,0.221886591,0.040824863,0.480281421,0.786983666,0.226097753,-0.105569049,-0.417872978,-0.116059939,0.001815037,-0.156999187,-0.549740017,0.086447883,0.6913088,-0.21161454,0.052786517,0.139299214,0.055069388,8.99,0
59004.0,1.042419841,-1.215091458,0.344906949,-0.761251706,-1.147413203,0.016363556,-0.791016038,0.220149378,-0.642221875,0.7208864,1.089838281,-0.938457032,-1.784968844,0.409625934,0.719760878,1.428454027,0.196930129,-0.999180779,0.542694329,0.243039434,0.117191249,-0.210933292,-0.032038501,-0.370361696,0.060642681,-0.387844084,-0.011528978,0.029408659,160.0,0
42213.0,-1.100899089,0.251210736,1.903627785,1.149038237,1.01500818,0.416608567,0.624623471,-0.146894982,-0.132677017,0.562207836,0.897299075,0.113145193,-1.01949111,-0.109126019,-0.14825526,-1.047482594,0.13944221,-0.05648146,1.251388851,0.168920056,-0.196032693,0.085841477,-0.511921793,-0.282195195,0.423223636,-0.170577617,-0.00598929,-0.377635229,54.99,0
12044.0,-1.085119988,1.114507471,0.985480633,0.392424649,-0.117560292,-1.129400205,0.137073971,0.28844051,0.947363446,-0.956542659,0.444486047,-2.898381569,0.953212887,1.453178615,0.245800989,0.522548108,0.94111142,0.287673217,-0.258671874,-0.160993232,-0.389979797,-0.931250582,0.370700624,0.236110816,-0.124094637,0.039298494,-0.000764542,-0.011374174,8.99,0
63748.0,1.244017478,0.169173201,0.562834436,0.826602672,-0.4617233,-0.690563372,0.036161215,-0.189180424,0.318794125,-0.219171234,-0.498092952,0.986844324,0.925226409,-0.262498134,-0.317228131,-0.328750771,-0.022995424,-0.833318646,0.213690201,-0.069999667,-0.22450754,-0.403441363,0.006842781,0.456222353,0.48884079,0.266132483,-0.014957495,0.014029653,1.0,0
42042.0,-0.424803783,0.64499675,1.682245514,1.357457832,-0.455759485,-0.02180635,0.635529784,0.164121175,-0.408945919,-0.123500338,0.773026146,-0.002068147,-1.771637009,0.492063449,-0.504651542,-0.588708552,0.22128118,0.408687852,1.324155536,0.073848736,-0.003052287,-0.034017626,0.066325744,0.496333007,-0.294568007,-0.396593284,0.141552933,0.143928941,75.5,0
118937.0,2.27200608,-1.313689257,-0.984953957,-1.661312893,-1.060677915,-0.489916233,-1.052757657,-0.1646152,-1.588919817,1.720804362,0.586260898,0.225266664,1.122660919,-0.355958182,-0.936430684,-0.435185015,0.169761952,0.263281585,0.202976716,-0.383806914,-0.123994515,0.184581471,0.174327176,-0.391444598,-0.143799778,-0.157394161,0.012834455,-0.063745981,15.0,0
122953.0,-0.10450082,1.146750024,-0.541664029,-0.601235478,0.868756242,-0.755905503,0.940349921,-0.056438015,0.199777146,-0.526170637,-0.709028513,-0.295937228,-0.35783729,-1.010990752,-0.131573588,0.282416145,0.42155839,-0.264855759,-0.315433084,0.113432181,-0.374612222,-0.870313461,0.112743249,0.486536653,-0.392598317,0.125622994,0.336127809,0.139766488,10.74,0
16373.0,-0.900398129,1.715686455,0.985368509,0.244904292,-0.193492083,-0.99878615,0.284947884,0.249979443,0.819020259,-0.813783475,0.717580665,-2.084960577,2.440601463,1.126802835,0.063900892,0.424472616,0.865094292,0.079674342,-0.332660787,0.123859797,-0.396277449,-0.856337351,0.058867636,0.285391735,-0.08608611,0.03855533,0.204804474,0.089925666,1.98,0
130058.0,1.970262439,-1.239785843,-0.505245176,-0.935140246,-1.111739299,-0.29450131,-1.007582561,-0.053878908,-0.274632726,0.868987512,0.849955571,0.603131356,1.330645693,-0.485178846,-0.206262712,1.628221044,-0.444379456,-0.467079855,0.651488864,0.244912202,0.49388995,1.295593484,-0.006677775,-0.264743092,-0.187051486,-0.078684703,0.002155279,-0.040291314,100.0,0
149648.0,2.008465882,0.026376982,-0.935740025,0.578863135,-0.468353981,-1.878869055,0.284201995,-0.4681973,0.525086011,0.011433609,0.114971468,0.628787234,-0.021954215,0.527897969,0.667917398,-0.479931176,-0.182385615,-0.364266302,-0.568970119,-0.267455862,0.305396417,1.045047891,0.108124141,0.970374658,0.150958302,-0.166356069,-0.018243154,-0.049194765,3.0,0
137388.0,-1.654712107,1.84415715,-1.240714229,-1.026405633,0.471847565,-0.349845168,0.395231474,0.564030076,0.590233287,0.680507539,-1.599389094,0.3537429,0.68680688,0.070823883,-0.262486922,0.162553529,-0.494012981,-0.632731946,0.034939712,0.282758011,-0.414781228,-0.78229231,0.206997155,-0.038055871,-0.127763203,0.143790194,0.161418817,-0.017353376,9.96,0
77857.0,1.253993171,-0.670875279,0.062032823,-0.810172679,-0.801213098,-0.717724283,-0.314808114,-0.092193527,-1.137950922,0.777254429,1.165190155,-0.327962041,-0.653435396,0.369861842,0.068983522,1.411668433,-0.017035554,-1.210674898,1.180435061,0.192412073,-0.218529955,-1.038454238,0.101595212,-0.053071498,0.156861831,-0.645858129,-0.031724702,0.017603232,87.1,0
86821.0,-0.177365881,0.459502573,-0.367233851,-0.647951413,1.563307446,-0.391313686,0.574734124,0.128278385,-0.312356067,-0.846125372,0.469381234,-0.060474657,-0.92310427,-0.584139062,-0.730161073,0.598296487,0.098608322,0.48986113,0.284248405,-0.043768884,-0.232747328,-0.823556918,0.073859546,0.011345075,-0.514695795,0.12138169,0.00497793,0.074845964,1.98,0
126873.0,1.893018059,-0.516062213,-1.767348306,0.143683329,0.313742604,-0.275048001,0.133809971,-0.151678497,0.625743159,0.116162963,-0.149575032,0.439039568,-0.263398369,0.595723717,-0.052108472,0.24769964,-1.047139922,0.920578505,0.454321505,-0.015946951,0.349149754,0.941930264,-0.284861287,-1.050025876,0.392227203,0.017495719,-0.039887533,-0.062644365,107.0,0
125003.0,1.592283643,-1.267610045,-0.824008611,-0.157461449,-0.802305168,-0.320571324,-0.345344821,-0.118235926,1.058439626,-0.155161843,-0.774553036,0.413436076,0.759555757,-0.183774674,0.957503804,0.639985319,-0.651757282,-0.023021584,-0.205211134,0.403596208,0.290916695,0.414000792,0.024037307,0.774494259,-0.522825458,1.215434629,-0.130369348,-0.009185623,248.2,0
44646.0,-1.936461855,-0.89961074,0.054565093,0.61942592,-2.599393445,0.127674676,3.282258863,-0.061038159,-1.156507088,-1.426148945,-0.205466247,0.447859364,0.997896538,0.477707511,0.559525042,0.239174052,-0.191815269,-0.177349806,-0.279023933,1.622105557,0.467846958,-0.173558489,1.965633632,0.636587576,-0.247636767,0.01406242,-0.287912276,0.158076466,804.86,0
97404.0,1.982319964,-0.429336137,-0.115740661,0.188110969,-0.326099924,0.661969801,-1.08485872,0.173539087,2.304232956,-0.253961997,1.336224065,-1.242483959,2.786947492,1.073629033,-0.679813879,0.999794769,-0.459332322,0.925737598,0.01942585,-0.09334422,-0.100113799,0.080499804,0.262474295,0.080819075,-0.518789909,0.425241298,-0.043254394,-0.05114366,12.95,0
29862.0,1.296855636,0.299206446,-0.154712676,0.299347756,0.286950156,-0.071761443,-0.018322,-0.001439167,-0.19949077,-0.122036935,0.646834221,0.722213582,0.691884434,-0.229985842,0.440865338,0.999304022,-0.700458386,0.534716072,0.529186788,-0.010655588,-0.309025785,-0.903955867,-0.031202582,-0.868536851,0.353769383,0.148281848,-0.026065483,0.009456332,1.29,0
41314.0,-0.868110112,0.523555818,1.732978178,0.954978458,0.492437594,0.102451652,1.087157627,-0.74614295,0.762212707,0.817215289,-0.480225689,-0.537817169,-1.11455883,-0.663469773,0.385668429,-1.256088894,0.165498366,-0.73560557,0.563430983,-0.221251604,-0.211578078,0.141542132,0.001694023,0.064962098,-0.559637297,-0.570826303,-0.878421961,-0.489869531,30.04,0
72477.0,-0.871198678,1.070035616,0.74372025,0.909708419,-0.179012669,-0.340623769,0.499324092,0.460513025,-0.647387887,-0.324480503,-0.533654488,-0.175635764,-0.473775213,0.776844368,1.300434942,-0.465955341,0.285560732,-0.213343449,0.022532416,0.126593508,0.219143553,0.533767495,0.074836371,0.066052311,-0.237460901,-0.286603858,0.285483961,0.145358017,69.86,0
137896.0,1.967162864,-0.355514281,-1.387459707,0.277266962,0.030519392,-0.612699112,0.083209558,-0.11048513,0.528828508,0.241889089,0.243545421,0.356287813,-1.176037105,0.655978643,-0.755627902,0.133428124,-0.542109713,-0.091116469,0.669170196,-0.190062497,-0.216216735,-0.637595755,0.188204895,-0.507856527,-0.216405175,0.28553587,-0.093600943,-0.073182832,46.61,0
10421.0,1.275778565,0.152778339,0.761570577,0.134748436,-0.618829344,-0.948240452,-0.215280747,-0.312690846,1.506002446,-0.61971777,0.917175586,-1.673952241,2.916176849,1.337803362,0.389323008,0.323719555,0.303336696,-0.285059442,-0.184595779,-0.023167402,-0.267721733,-0.468555439,0.090138301,0.418836321,0.131029549,0.861280741,-0.09109976,0.006535392,8.1,0
86431.0,-1.073575647,2.220505001,-1.494633857,0.977850104,0.864804392,-0.478850313,0.618076872,0.800948474,-1.150318304,-0.587496589,0.809456268,0.647740685,-0.20865525,-0.28707904,-0.895146044,-0.296910058,1.413055663,0.861466951,0.782222884,0.042440638,0.13146859,0.464887448,-0.188993673,0.590520591,0.110862193,-0.418607645,0.310387637,0.202004238,6.56,0
89929.0,0.036955158,0.893575924,0.299889436,-0.597573822,0.472008552,-1.024276264,1.038064136,-0.209617115,-0.118878413,-0.434999601,-0.795008349,0.409986299,0.482291221,0.023171934,-0.408237771,-0.173766808,-0.379605298,-0.895388059,-0.159387361,-0.012896572,-0.248805423,-0.508549809,0.072848651,-0.007238468,-0.487889959,0.141777443,0.253176946,0.09787693,4.49,0
44046.0,-0.988331407,0.412295606,2.584355257,-0.018340858,0.234657806,0.31734605,-0.056575311,0.432760795,-0.137872575,-0.766762669,1.075558629,1.129458361,0.308963699,-0.246821223,-0.575701028,0.346357798,-0.687537791,0.150024429,-1.085622391,-0.084197372,0.177250002,0.513822298,-0.175828639,0.011143013,0.022780736,-0.550181319,0.131019167,0.107985185,1.18,0
77495.0,0.701178998,-0.861668489,0.588447974,0.534954763,-1.119632495,-0.689603624,0.044904225,-0.185770344,0.357403403,-0.320378072,-0.171882468,0.566467644,0.819067311,-0.010685402,1.341817959,0.556689506,-0.522657124,-0.196165563,-0.284606612,0.533249592,0.080394369,-0.366728913,-0.151295002,0.450671975,0.030851686,0.414566519,-0.072821851,0.072427188,284.99,0
71405.0,-0.899651905,0.697242577,1.425482557,0.353282392,1.031407127,-0.498811572,0.808345857,-0.106916675,-0.834429528,-0.568529987,-1.140997591,0.030357922,0.958212234,0.087913162,0.756336005,0.111165685,-0.710617635,0.221756716,0.188881123,0.219901988,0.088918658,0.108795573,-0.364525068,-0.425402522,0.769426733,-0.247578622,0.032113365,0.072604018,33.5,0
80183.0,0.176172397,-1.793836689,0.59452414,0.721553964,-0.715485763,2.067526074,-0.590031515,0.731715169,0.65150881,-0.375361993,1.871495033,0.890458325,-0.921335015,0.285600999,1.195225231,-0.637983158,0.699441756,-1.237892681,-1.613410289,0.560696969,0.501632959,0.744072323,-0.288405923,-0.961659069,-0.199014703,0.643712054,-0.010851269,0.068017425,418.0,0
51514.0,-0.747420323,0.873450625,0.761417044,0.735800573,-0.094331092,0.123145675,0.144709104,0.735684515,-0.648216426,-0.277047186,0.439494145,-0.942485805,-3.012879871,1.478318695,0.907252054,-0.056365183,0.072381904,0.690120245,0.507799488,-0.226909017,0.235547482,0.370210917,-0.061901985,-0.377835677,-0.265890394,-0.270044177,0.015933234,0.055924414,38.15,0
426.0,-0.42412602,0.943261997,1.133353827,-0.16633779,0.387243438,-0.030381616,0.466044813,0.275040959,-0.527931832,-0.364996705,1.294315627,0.212521564,-0.633655364,-0.082418374,0.547718126,0.415066881,-0.042596778,0.102803553,-0.031698784,0.068551247,-0.211157825,-0.582126077,-0.021226912,-0.379103827,-0.241854063,0.106795711,0.25181094,0.080462097,4.95,0
86523.0,-1.618397844,-0.796303272,1.976403896,-1.173646164,1.734495755,-0.584946494,-0.072611434,0.198918775,0.350902704,-0.937373919,0.53839541,0.417528813,-1.108480127,-0.022473361,-1.053773723,0.104432493,-0.698163335,-0.043705002,0.077067909,0.246184285,-0.31430989,-1.186338055,0.041671102,0.582927616,0.358390652,-0.446227987,-0.211822299,-0.147510677,10.0,0
149409.0,2.065749232,-0.33985475,-1.243643565,-0.084144534,0.267161687,0.154937292,-0.292907678,-0.023983792,0.611159304,0.192574268,-0.245866225,0.93415566,0.907500472,0.029902931,-0.370158089,0.697122492,-1.185687346,0.472594405,0.715330581,-0.080620913,-0.027798388,0.068561228,0.0194942,-1.323678162,-0.091884934,0.619124331,-0.060155716,-0.077192993,17.77,0
75345.0,1.169707668,0.155801453,0.956534556,1.132306608,-0.732862919,-0.616845894,-0.250975168,-0.055976975,0.326056288,-0.054130479,-0.358424927,0.311084792,0.254759748,0.088666042,1.281850784,0.487365589,-0.621244592,0.03465888,-0.500378124,-0.087151975,-0.047924065,-0.148017957,0.044103925,0.369979652,0.319085516,-0.51419675,0.047160093,0.040134989,19.99,0
55712.0,0.027103585,0.30140805,0.413024888,-1.645130935,0.125532495,-1.534566021,0.756460726,-0.436335826,-1.632679461,0.177139658,-0.37202234,-0.209132212,1.166709028,-0.223381078,-0.526051081,0.824433811,0.012297297,-1.630727639,-0.007915329,0.071865834,0.399392506,1.097807675,-0.033277659,0.456150547,-0.660525324,-0.441036066,0.190984523,0.220790367,15.0,0
27139.0,0.832288836,-0.384886279,0.328783079,1.454863923,-0.450131994,0.040075624,0.07003949,0.154687869,0.198945626,0.016377434,1.12389517,0.596062399,-1.535682909,0.567507732,-0.648691886,-0.506646214,0.166515805,-0.360426118,-0.191810844,0.018669293,0.034318911,-0.087354134,-0.159151254,0.203648745,0.509141971,-0.353037152,0.001058542,0.029691029,150.25,0
40158.0,-0.417184472,0.021286421,2.005705459,-0.804818298,-1.153434137,0.293854994,-0.435583171,0.065712776,-0.712871426,0.406262217,-0.341611359,-0.371582621,0.899508073,-0.936925824,0.656330847,0.481350089,0.76925777,-1.306081775,0.90682513,0.153423531,0.489909895,1.517990736,-0.109536277,0.163286383,-0.552246002,-0.049323823,-0.019753872,0.170300801,50.0,0
158126.0,-0.736514675,0.805322262,1.687187945,-1.061226858,0.272706401,-0.522651003,0.823269371,-0.357605926,0.624947224,-0.650228607,-0.769583332,0.55356676,0.812319975,-0.650931845,-0.089436294,0.146020229,-0.945463359,-0.350299219,-0.782756227,-0.136806397,-0.087893716,-0.14167036,-0.083367719,-0.039104513,-0.463869627,-0.806833956,-0.420051291,-0.027879513,5.99,0
125318.0,2.113532918,0.167000322,-2.513354433,0.206960913,0.916387861,-1.295170232,0.920822302,-0.481285173,-0.107921009,0.249291628,0.606734812,0.642472352,-0.654867199,1.156707659,-0.71535066,-0.790859503,-0.388233066,0.031553252,0.437613327,-0.293161919,0.322585758,1.119722655,-0.259034084,-0.32619653,0.814344864,0.129982743,-0.079782304,-0.100654949,1.0,0
79099.0,-3.153334865,-1.093397561,0.29740665,-0.240217193,1.57982755,-1.099789634,0.134567666,-0.035254925,0.002867292,0.330957153,0.614190382,1.019026026,1.092597733,-0.060049783,-0.251560288,1.122765963,-1.42693036,0.136884146,-0.019835195,-1.378836346,-0.581786194,-0.196598875,0.942870154,-0.445939073,-0.431130442,-0.136670034,0.243028159,-0.464364808,1.79,0
35074.0,-0.869106519,0.403463308,2.815878429,0.252105881,-0.522791706,0.108149657,0.008224175,0.304504551,0.181862275,-0.854711824,-0.406831516,0.12786788,-0.36666548,-0.398006268,0.315365982,-0.349413165,0.303534031,-0.564472515,-0.270556009,0.022394234,0.030931744,0.169127256,-0.113175041,0.424245038,0.055612326,0.359652223,0.059281921,0.078400489,27.42,0
122197.0,-1.842291807,-1.988817113,1.441939062,-2.095695046,-0.057960573,-0.508164379,-0.7871876,0.056160207,-2.091846497,1.187533206,0.255275093,-1.02649153,-0.312356224,-0.384865815,-0.468062186,-0.373789758,0.310489775,0.842663819,0.728390751,-0.383826212,-0.149903691,0.062321666,0.300311524,-0.432607613,0.607060884,0.035986679,-0.291794018,0.42342388,58.0,0
165640.0,-1.592371902,-0.80324375,0.64390949,-0.520662008,2.054918886,-1.006943982,0.024830737,-0.225456268,0.324587192,0.03660615,0.328207985,-0.011819434,-1.531306116,0.113634065,-1.435945861,-0.326905346,-0.414768601,0.146719367,0.456538195,-0.626774993,0.050983993,0.710290089,-0.807385959,0.893326938,-0.019349025,0.728695595,-0.095200367,-0.178132971,24.95,0
11932.0,-1.093188607,0.157399806,2.048651946,-0.860421353,0.235073119,-0.16749369,0.636239918,-0.205278341,1.507648209,-1.005549566,1.403829765,-2.294792626,0.614636916,1.147110235,-2.13680086,0.02356651,0.262536098,0.316565343,0.202758299,-0.147976859,-0.255789073,-0.233994037,-0.451409246,0.018926808,0.377756681,0.958870145,-0.297682857,-0.246391807,80.5,0
122567.0,2.129840604,0.18410178,-2.048136793,0.052911533,0.509975026,-1.739107943,0.840622499,-0.631565816,0.111892853,-0.0024854,-0.470115073,0.596347013,0.489844903,0.701818747,0.352328169,-0.733574974,-0.228204465,-0.713310908,0.029029024,-0.219608665,0.159054879,0.653005262,-0.039609033,0.062429919,0.444969391,0.241803215,-0.078316312,-0.078588536,0.62,0
34164.0,-0.010697105,-3.048512134,0.476440724,0.000220362,-2.434726523,-0.080915376,-0.424217731,0.028563259,-0.278965916,0.393949657,1.13757333,-0.280745856,-0.889272209,-0.127049376,-0.148437174,1.462240652,0.220559135,-0.320864079,0.462747307,1.386207392,0.770596448,0.664334853,-0.674841423,0.59167222,0.112127016,-0.144838906,-0.08903059,0.133062034,688.0,0
133109.0,2.253544568,-1.351886704,-0.658006256,-1.691161724,-1.15763573,-0.081797943,-1.346803658,-0.019474664,-1.485551418,1.677630979,0.933530983,0.540026752,1.564028871,-0.593012102,-0.814451376,-0.341919872,0.167044039,0.293738979,-0.005849047,-0.34790786,-0.082487533,0.308401007,0.28778767,0.715344059,-0.270042459,-0.229317376,0.030663942,-0.046928029,6.0,0
72634.0,-0.859013635,1.387160158,1.04774728,-0.087709239,0.121711667,-0.553871112,0.613349094,0.087780415,-0.00606523,0.062458255,0.04548247,-0.009040505,0.035691643,-0.529308202,1.185479952,0.05342888,0.271906114,-0.611751786,-0.508865589,0.332055677,-0.298582657,-0.624891668,0.043925328,0.013538163,-0.129951159,0.111167321,0.470565337,0.228626521,7.99,0
57234.0,1.1975454,-0.001207776,0.327556904,0.397200576,-0.255804016,-0.058962562,-0.264284426,0.216254147,0.110512268,0.119346312,1.066127588,-0.040949903,-1.755320604,0.84700494,0.829122668,0.397048618,-0.398855939,-0.141017166,-0.050398731,-0.23478956,-0.223455592,-0.743076387,0.138147425,-0.368897041,0.090102808,0.134020221,-0.029875918,-0.002393496,0.89,0
123456.0,1.657934694,-0.802204376,-1.583511685,0.459513113,-0.093516892,-0.631711233,0.355550779,-0.184774669,1.111992806,-0.294901426,-1.079419316,-0.132769008,-1.381519386,0.627966283,0.281703766,-0.512635379,-0.116841378,-0.43103857,0.196939539,0.078388424,-0.127116739,-0.706935193,0.117836028,0.607754304,-0.087777128,-0.902046257,-0.033929528,-0.0091768,205.0,0
77683.0,-0.907728756,-1.890572178,1.375829846,-2.185785953,-1.702429916,1.884691904,0.14030888,0.383669032,-1.5213819,0.291154562,-0.632747621,-0.286804545,0.636912668,-1.299472758,-2.452574137,-0.561966596,0.412209538,0.565155884,-0.095789254,0.437452311,0.164531746,0.551254251,0.55005555,-1.163283285,0.026894942,-0.126724853,0.08368545,0.150324929,368.07,0
119329.0,-0.815332908,0.709784363,-1.059141394,-1.413767462,3.16879679,4.278280356,-0.088355737,-2.525275262,0.337345721,-0.250329456,-0.242258295,0.081011703,-0.746775356,0.025006355,-0.125035754,-1.058873585,-0.295183414,-0.514317586,0.364195092,0.572788498,-1.350509502,0.790261432,-0.050060408,0.715624045,-0.508116508,-0.431145256,-0.624717595,-0.4827096,46.54,0
96669.0,2.084035154,-0.101012909,-1.379840117,0.264244385,0.433082036,-0.241031897,-0.081587161,-0.153341206,1.767304946,-0.105493638,0.795400344,-2.183065251,0.969027133,2.010780371,-1.225750985,0.417476728,-0.15106283,0.356273079,0.643052925,-0.26079301,-0.464418923,-1.044499311,0.20971998,-1.181772963,-0.238496805,0.208931359,-0.1095555,-0.088038599,8.99,0
157954.0,0.155418308,1.067064347,-0.484810276,-0.595345272,1.059953244,-0.696181124,1.027191565,-0.134820316,-0.130704882,-0.855978375,-0.773260308,0.148318349,0.679235782,-1.155915246,-0.293050756,0.364860919,0.252055949,-0.22268108,-0.153624698,0.074924076,-0.346126151,-0.822373602,0.070587962,0.38676812,-0.369429958,0.123170671,0.224879453,0.083855946,6.99,0
146281.0,-0.713958143,0.18643645,0.445217093,-2.466878587,-1.020461208,0.501041372,-0.158553043,-2.461381093,0.932611784,-1.198092128,0.526466577,0.915914982,-0.20557679,0.171532148,-0.341120155,1.145965986,-1.207315266,0.486974729,-1.123426055,-0.861166789,2.38087161,-0.453013264,-0.954041287,-0.375058925,0.893788154,0.663780329,0.343999891,0.121266897,272.0,0
150911.0,-2.101276937,0.743316792,-0.636574949,-0.174545359,0.745005036,-0.780331426,0.657198994,0.075466385,-0.035492155,-0.532670122,-0.951115206,-0.557701128,-0.631886684,-0.70122434,0.311159782,0.243923992,0.706936064,-0.00830084,0.545972528,-0.37732945,-0.321072289,-0.937241929,-0.333796977,0.508800781,-0.371626734,0.13250659,-1.067031531,-0.533515776,17.99,0
48642.0,1.051131739,-0.142413073,1.357446078,1.227276725,-0.855827985,0.47384403,-0.75088456,0.376360709,0.647920502,-0.071084488,1.273541903,1.204592996,-0.329307511,-0.078078666,-0.260503612,-0.066811782,-0.133842575,-0.054896821,-0.355535061,-0.174265519,0.028077648,0.272350506,0.040107505,0.228564319,0.277167572,-0.408920337,0.083829848,0.026440216,9.99,0
90935.0,-0.944743114,0.969743345,-1.119645628,1.28808112,0.560681731,-0.785788767,1.69598085,-1.149355513,2.564530471,1.807969221,-0.090085079,-3.643044767,-0.372995389,1.29185192,-0.722087595,-1.269235444,0.569975561,-0.100691744,0.381102667,-0.476707897,-0.280743104,0.510967354,0.201555367,-0.112592412,-0.586555433,-0.713952307,-1.424231323,-0.536640302,81.94,0
153082.0,1.996606764,0.070629415,-1.620084428,0.34330386,0.3985323,-0.574250671,0.072089371,-0.069103923,0.240498292,-0.217397039,1.317586308,0.841373162,-0.191599388,-0.602472617,-0.444925323,0.409612856,0.352042073,0.058879759,0.201883171,-0.151010585,-0.292509398,-0.790768987,0.351421289,0.606877263,-0.334395615,0.147944512,-0.065371378,-0.038416369,8.99,0
48792.0,-1.82090229,0.993509401,0.43312631,1.509702235,-0.451984351,-0.162554131,-0.084778345,0.966139601,-0.380385044,-0.267543772,-0.936808508,0.352432554,-0.277567575,0.660668221,0.232127731,-0.938567034,0.971368388,-0.567594983,0.676270067,0.125618244,0.034639305,0.150069453,-0.037887636,0.098441301,-0.004073636,-0.219016908,0.337532663,0.00794214,54.0,0
119343.0,2.00423503,0.610947356,-1.219400698,3.480945801,0.970215132,0.170911583,0.320728304,-0.152096097,-1.08206436,1.535966508,-1.967218546,-0.630890281,0.352910033,0.333608408,-0.207532826,1.147200217,-1.252695243,0.013499015,-1.421857261,-0.244331338,0.170137024,0.50975991,-0.067199027,-1.070201494,0.25326026,0.199380395,-0.044475267,-0.06193994,10.0,0
115091.0,1.932771759,0.133875017,-1.628404677,1.423679856,0.453136165,-1.111556075,0.768580882,-0.481138671,0.066696005,0.209772763,-0.826033322,0.780199201,0.599065881,0.375307483,-0.606022679,-0.772875302,-0.17390553,-0.755067055,-0.245381333,-0.145401344,0.090030233,0.417810989,-0.056106012,0.018261752,0.468591991,-0.497660409,-0.018517563,-0.051489536,58.56,0
79616.0,-0.877913297,-0.301831086,2.7354726,1.253404135,-1.145941646,0.068037064,-0.076944799,0.179777364,0.601691361,-0.730140884,-0.715198885,0.887987306,0.633219602,-1.042360732,-0.968273484,-1.104888825,0.839013498,-0.236736207,1.212096219,0.478435406,0.264666472,0.931640963,0.143915985,1.033012666,-0.117342104,0.753319722,0.104314095,0.152018332,133.5,0
71671.0,-0.706891017,0.712322476,2.269988583,-0.020531959,0.350299663,-0.622847313,0.765873638,-0.174509606,-0.527956508,-0.439778648,0.183096836,-0.074389293,-0.220571668,0.060343735,1.190298152,-0.293473383,-0.040214153,-0.893291198,-0.339481799,0.067211769,-0.194049757,-0.493186015,-0.102899987,0.384016295,-0.021769348,0.109204364,-0.145165383,-0.152545743,1.29,0
9420.0,1.049087363,-0.377751536,0.800217499,0.401935319,-0.886192926,-0.357105878,-0.462187144,-0.013131701,1.749085953,-0.463046737,2.021430242,-1.808883409,1.021726402,1.624773264,-0.891266021,0.337758284,0.382004586,0.414807011,0.185181165,0.026151193,-0.126663517,-0.236628085,-0.062478495,0.346460828,0.161640559,0.950730904,-0.108016839,0.005167731,90.0,0
85446.0,-2.322094401,-0.169374439,1.275164153,3.293413092,1.065982446,-1.085618643,-0.391418055,0.098364644,-1.19700372,1.225249287,-0.48233688,-0.177234569,0.370829558,0.378704443,1.380403009,0.061573582,0.057230433,-0.163357594,0.896898256,-0.066245879,-0.218314626,-0.47984241,-0.837248096,0.456256014,-0.549614677,-0.035752883,0.195229811,-0.533696283,3.81,0
84933.0,-0.823913939,-0.083629992,1.363894382,-1.01840921,-0.200751206,-1.276217815,0.429962152,0.038592713,0.294969738,-0.658336973,-0.679242439,-0.654942399,-1.208781565,0.192997444,0.675434303,0.717010293,-0.622298201,-0.171884198,-0.768121487,0.233710447,-0.034145038,-0.394819811,0.275750307,0.374901229,-0.241077061,0.724665533,0.122304806,0.07956058,88.36,0
148673.0,2.067759093,0.080007762,-1.889385905,0.189429863,0.688794367,-0.284978746,0.054591996,-0.044367944,0.304469007,-0.201051508,0.655741465,0.545888081,-0.178824576,-0.628692332,-0.433214055,0.66551856,0.060361589,0.375520547,0.527048303,-0.14652669,-0.348123459,-0.940930636,0.271121434,-0.010086714,-0.231427267,0.185165538,-0.068575822,-0.046220444,0.89,0
53456.0,1.249538405,0.18516385,0.070088362,1.25792194,0.035367361,-0.18217482,0.121336874,-0.087821629,0.39469981,-0.074878418,-1.5556446,0.016366363,-0.250451555,0.04656568,-0.252832333,-0.172201106,-0.302273042,-0.219544532,0.305390078,-0.132381302,-0.182395366,-0.352195427,-0.200030068,-0.454429722,0.834584978,-0.289886384,0.018849695,0.011739129,17.19,0
72705.0,-0.645324399,0.202952781,1.27543201,-1.236082436,0.135356676,0.301093809,0.289185446,-0.324322659,-1.045190237,1.593201239,1.930627472,-0.455547226,-0.366104047,-0.385284667,0.705817048,0.02385424,0.621839649,-1.587997303,0.889198255,0.288579124,0.339933713,1.281170687,-0.137175575,-0.248537556,-0.522193674,-0.168348598,-0.459987576,-0.184067799,12.0,0
44671.0,-0.67891252,1.476351353,1.155523176,1.102523921,0.506973982,-0.233408806,0.662516989,0.136200271,-1.037557327,-0.720380109,2.041685287,-0.147269232,-1.055847049,-0.998883686,1.130633766,-0.030280662,1.456828017,0.966232299,0.430799643,0.031622519,0.093709314,0.227245731,-0.358685418,0.077591066,0.301582615,-0.157932142,-0.027202165,0.1003027,1.0,0
126020.0,0.072469723,1.06561177,-0.587835297,-0.767964847,1.621811223,-0.491838715,1.379084539,-0.32756075,-0.087621445,-0.704754927,-1.121323517,-0.588543863,-0.144023017,-1.199696911,-0.175242101,0.199924093,0.265637194,-0.025973625,-0.024416984,0.116191427,-0.306723528,-0.540158467,-0.208914013,-0.059364027,-0.060599808,0.321194798,0.078050445,-0.102158916,1.83,0
47927.0,-1.127845411,0.848197286,2.39406853,1.162864757,-1.07529373,0.364700316,-0.748979822,0.950035067,0.093595255,-0.308314782,-0.865041839,-1.277810679,-2.133717281,0.591988941,2.435468506,0.244008445,0.219481751,0.77436164,-0.032830529,0.015726417,0.320073328,0.82063708,-0.191321445,0.033236194,0.087143442,-0.001699048,0.259711207,0.075098163,18.99,0
91089.0,1.914083193,-0.229327543,-0.402584665,1.681476396,-0.199738985,0.211892341,-0.503481967,0.113939373,2.737532765,-0.348479532,-0.758191081,-2.824873809,-0.386484607,1.5239481,-1.64732402,-0.360239548,0.776322571,-0.391247665,0.004383549,-0.394536017,-0.694581923,-1.612500662,0.48437438,0.405746021,-0.390143414,-1.162498533,0.010776248,-0.032482754,24.37,0
161775.0,-0.081505033,1.232354646,-0.517024198,-0.616888655,0.937899152,-0.737313902,0.984420651,-0.095887837,0.083690467,-0.547437541,-0.58084804,0.106721397,0.397731224,-1.161745392,-0.217243862,0.244125806,0.378997393,-0.357959045,-0.320935328,0.164345458,-0.364380663,-0.806784436,0.105466717,0.506263009,-0.366616177,0.122802569,0.335090197,0.144050481,4.49,0
171570.0,-0.742323355,0.593319209,-0.292371384,-1.390058249,1.988991751,4.083809622,-0.737872414,1.625084566,0.305385781,-0.85439635,-0.541172121,0.2031388,-0.125772505,0.242587233,0.739836823,-0.112537693,-0.3031225,0.339128175,0.017439813,0.038591075,0.272838235,0.845180076,-0.159752436,0.729198141,-0.149388057,-0.130517296,0.341083389,0.15960685,7.79,0
28155.0,-0.477463236,1.02764332,1.685451289,-0.101695241,-0.04899339,-0.691026849,0.624090299,0.04074716,-0.743544677,-0.155224049,1.567962746,0.976466714,0.415563607,0.251036639,0.077697598,0.310848167,-0.59808249,0.014119676,0.223562169,0.133702296,-0.156877225,-0.404050663,-0.016603624,0.530340053,-0.234436918,0.039480103,0.265142414,0.114143762,0.99,0
159848.0,1.908275094,-0.261209678,-2.075592474,0.546593957,0.214327898,-1.607687816,0.832188192,-0.531937617,0.517027725,-0.017712213,-1.012889145,-0.184033034,-1.225766385,0.887323037,-0.083514227,-0.834860295,-0.035177871,-0.42910283,0.13131408,-0.137095608,0.181404235,0.485546252,-0.151973973,0.073693025,0.487140586,-0.078214971,-0.07840736,-0.059069655,104.07,0
77569.0,1.158476246,0.166467327,0.308876064,0.880508287,-0.031610687,0.078636772,-0.112522226,0.152751391,-0.094878341,0.137180012,1.156059613,0.565643275,-0.611074224,0.65783336,0.664260888,0.202541109,-0.532683916,0.062626607,-0.315292807,-0.176419159,0.000248285,-0.014516552,-0.040621505,-0.330551116,0.460490355,-0.404980665,0.029589148,0.008473353,9.99,0
157399.0,-0.982795095,0.591070142,1.206319636,-1.201426389,1.195874434,-0.687264986,0.945901545,-0.005303705,-0.741348831,-0.89471471,0.386029811,0.534654449,-0.182436529,0.332236993,-1.206287566,0.36562,-0.881943748,-0.137904255,0.042804521,-0.029839282,-0.236238701,-0.855916209,-0.324383808,-0.411020796,0.605461726,0.241452811,-0.078717434,0.028756504,1.98,0
90929.0,-0.281948333,1.241405909,-0.221162556,-0.457809647,1.387642867,-0.008390522,0.799083687,0.017627429,1.086768648,-1.466379982,1.397081972,-2.154554966,1.680380593,-0.289228891,-2.257207682,0.397908025,1.395778973,1.276485988,0.047753709,0.054941008,-0.114923104,0.233521922,-0.339241009,0.070718148,-0.141150804,0.520985408,0.346958535,0.248627792,1.69,0
40204.0,-2.333730092,-1.537387436,1.916765736,-0.036296145,2.794875512,-2.007553137,-0.647327388,0.070655948,-0.483622034,-0.460498366,1.110092337,0.349958504,-0.312743991,-0.277442044,0.002402476,0.800496103,-0.627073301,0.493761585,-0.249905373,0.635262892,-0.063864197,-0.892533293,0.187578481,-0.073484886,0.303284665,-0.013567741,-0.264605325,-0.116751183,6.27,0
160735.0,2.236335405,-0.709906156,-1.708447452,-1.25085356,0.059243076,-0.316922647,-0.430956915,-0.18872009,-0.859653337,1.023196924,0.598261338,0.163118543,0.899573033,0.043460894,-0.355482475,1.259633214,-0.394939352,-0.644330669,0.959924683,0.071817838,0.444955944,1.265075632,-0.077388408,0.169211502,0.299493591,0.052143275,-0.044572435,-0.073582567,15.0,0
33218.0,1.354718448,-0.499663639,-0.109578656,-0.750025804,-0.67637376,-0.72810842,-0.25460181,-0.162259688,-1.247344891,0.873291984,0.860191576,0.266611514,-0.054138536,0.478020921,0.062079397,-1.150737619,-0.301993449,1.3631234,-0.259897217,-0.434304802,-0.404525082,-0.779739421,-0.019144428,0.029577276,0.312802238,1.011987579,-0.086363541,-0.009098554,30.1,0
166679.0,1.984145293,-0.49217305,-0.311536626,0.508914825,-0.856583695,-0.564305457,-0.677428704,0.008567912,1.650832739,-0.131975424,-1.312145393,-0.164038884,-0.99049478,0.01835773,0.608617935,0.168576906,-0.486062055,0.382432448,-0.17085346,-0.289461588,0.171356396,0.69909317,0.114537842,-0.115977673,-0.115702134,-0.202278934,0.034170914,-0.040163492,9.99,0
132965.0,1.962991772,-0.459623312,-0.791390127,-0.162158073,-0.124872747,0.066691309,-0.422641362,0.026649654,0.935969403,-0.074440123,0.185213647,1.345763011,1.063447878,-0.036447505,-0.057369027,0.637361289,-1.154977657,0.372063668,0.725642753,-0.037413051,-0.222918812,-0.575627841,0.227157296,-1.043778748,-0.389284691,-0.28814524,-0.001734215,-0.049030006,43.9,0
17197.0,0.874552025,-1.361453699,1.459811125,-1.448549141,-1.135879055,1.931571518,-1.614755887,0.687543574,4.797542708,-2.555585417,0.89211123,-0.375460888,2.029983693,0.312808166,-0.092931221,-2.857206901,2.553682698,-1.479782935,-0.252941508,-0.120092496,0.12500618,1.3233505,-0.158339434,-0.888480481,0.415861078,-0.416559066,0.196423882,0.029798252,77.47,0
48252.0,1.253876484,-0.668433904,0.532349469,-0.755569935,-1.044334704,-0.423692146,-0.695693871,0.113300106,-0.940767598,0.755391155,1.749940915,-0.270680976,-1.057498131,0.345298481,0.435773859,1.098766674,0.403106712,-1.536335217,0.501635574,0.028143204,-0.040306352,-0.367391629,0.182726041,0.176263225,0.04556165,-0.516805309,0.006584228,0.013103934,37.71,0
168383.0,2.098804666,-0.108371443,-1.366790325,0.261843614,0.162130101,-0.822794007,0.159451655,-0.27668609,0.629948098,0.079530497,-1.406175674,0.06404401,-0.089773027,0.290285502,0.121597002,0.110098875,-0.523339367,-0.609049154,0.40646709,-0.207081391,-0.33412224,-0.85222414,0.252642335,-0.661972851,-0.217770159,0.239053442,-0.074613347,-0.066459084,7.99,0
125293.0,2.0319012,-0.023233653,-2.711852263,-0.141591146,1.580591585,0.238981786,0.653263849,-0.085654214,-0.333670807,0.272642777,0.992426125,0.821830674,-0.273479801,1.077193201,-0.131764064,-1.281542775,0.282070315,-1.395844829,-0.444251521,-0.312058524,0.345182544,1.264953737,-0.173719705,-1.513151878,0.457399047,1.130611354,-0.101112659,-0.125136676,2.0,0
39870.0,1.525590319,-0.973001535,-0.243840909,-1.649245994,-0.875796739,-0.450655244,-0.715341846,-0.098815636,-2.198506026,1.629908224,0.40761373,-0.862304167,-0.381660231,0.230860874,-0.179420047,-0.079927668,0.106181437,0.312429182,0.651519478,-0.323196509,-0.571048476,-1.427435199,0.087575209,-0.620270359,0.286932849,-0.49116014,-0.004111548,0.001283597,29.5,0
75669.0,1.260019823,-0.719480386,0.283073392,-1.490910903,-1.169208827,-1.037422723,-0.373936577,-0.195259353,0.031330326,-0.206226007,0.183525386,0.610646628,0.397615768,0.25152941,1.758562845,-2.397108202,0.407415564,0.740564792,-0.728320545,-0.466216314,-0.342227921,-0.457668673,0.065150614,0.362260344,0.384002729,-0.731362446,0.085629251,0.037308317,47.6,0
149633.0,-0.385935901,0.303734177,1.289817642,1.114329618,0.539072818,0.306050031,0.117620008,0.329845058,0.150336457,-0.240885591,-0.171306815,0.338192289,-1.337722701,0.143511709,-1.519218949,-0.617603048,0.032244077,0.07692445,1.573520275,-0.038683359,-0.358353288,-0.932545213,0.17732167,-0.496640672,-0.838371108,-0.99885969,0.244849036,0.204229228,9.68,0
39600.0,1.0447114,-0.130607084,1.368330785,1.80054878,-0.828278912,0.420754255,-0.479918642,0.229050508,1.145171633,-0.43616052,-0.72070197,1.383674415,0.2266407,-0.83071482,-1.787985094,-1.267403691,0.8624231,-1.527308163,0.045362749,-0.171961066,-0.383784169,-0.616539564,0.112130699,0.410364979,0.398166077,-0.531866435,0.09422639,0.034227388,16.98,0
70906.0,1.29176494,0.294053945,0.320418726,0.497242722,-0.161076731,-0.686128683,0.114215867,-0.224526937,-0.054964133,-0.091976974,-0.510534204,0.675251445,1.286912051,0.033955458,0.971535191,0.406875765,-0.654551441,-0.487856531,0.062147481,-0.015998695,-0.278694646,-0.76489523,0.062349314,-0.095606391,0.313045952,0.122292286,-0.024344636,0.016248875,3.99,0
112603.0,2.06514322,0.221120038,-1.674371816,0.406224897,0.522782806,-0.786557148,0.238012351,-0.267917591,0.342452634,-0.415494812,-0.329052894,0.695605766,1.036264684,-1.0323466,0.143346567,0.204963648,0.482464488,-0.524568046,-0.03455316,-0.100148532,-0.345900952,-0.836427747,0.337667111,0.535383814,-0.243180561,0.172026851,-0.053091121,-0.028662016,1.79,0
157126.0,2.180457245,-0.984530648,-0.879035594,-1.217937041,-0.460119558,0.244963537,-1.001194061,0.041571888,-0.208091181,0.851278063,-0.097289742,0.297111504,1.205450169,-0.492808627,-0.474850737,1.813497573,-0.670194873,-0.675363078,1.414131485,0.105723752,-0.062861058,-0.187207754,0.181635373,-1.38990991,-0.324334854,-0.42421493,0.009473344,-0.05941764,27.0,0
132300.0,1.74080137,-1.675418951,-0.994123792,-0.854706294,-0.850055854,0.22471954,-0.741114617,0.079851845,-0.075817647,0.71551083,0.38540897,0.140916591,-0.072563564,-0.272307293,-1.040466691,1.307469388,-0.036939471,-1.114186407,1.315825444,0.425208701,-0.068400646,-0.685214232,0.208313986,0.248396238,-0.517915171,-0.620696723,-0.042205466,-0.013857861,224.88,0
43559.0,1.009644028,-0.055272503,0.272797939,1.34056551,-0.490199511,-0.843539673,0.24897029,-0.199001516,0.053018117,0.027115825,-0.511753103,-0.108838656,-0.466041796,0.458588691,1.009901536,0.191114244,-0.441114265,0.020612476,-0.506403219,0.061357718,0.134202834,0.147456834,-0.205581764,0.387945201,0.614063867,-0.291341059,-0.007171772,0.041154454,120.4,0
33583.0,-1.490303035,-0.233840254,2.097891996,1.394208314,1.447898654,-0.640689533,-0.342847361,0.356371585,-1.023792956,0.221375012,0.41627267,0.048329675,-0.433184324,0.231491827,-0.671933169,1.477144877,-1.455102107,0.856696411,-1.631037552,0.12189063,0.377138882,0.563079205,-0.006113033,-0.035321112,-0.097725581,-0.139713646,0.052029298,0.152085395,10.62,0
26420.0,-0.340776953,1.147028651,1.298867039,0.059237337,0.056439801,-0.980804605,0.718841056,-0.08408528,-0.425498355,-0.516080029,-0.180326506,0.030788555,0.327152395,-0.471096495,0.871332866,0.373757758,-0.005062966,-0.16313087,-0.0902394,0.125059642,-0.262255526,-0.673140646,-0.020690873,0.334578508,-0.153320758,0.071544128,0.247380994,0.098654629,1.78,0
59511.0,-1.216032532,-0.878416481,1.799233954,-1.174860588,-1.450521896,0.220814355,-0.779758536,0.80184769,-0.108098815,-0.702548132,-1.416451232,-0.825272699,-1.227026912,-0.710469702,-1.564044891,0.633634331,1.08002354,-1.56217726,-0.147873644,0.152657256,0.409244093,0.89116918,0.039779892,0.090072521,0.351709696,-0.119185506,-0.098882695,-0.115329887,127.85,0
140262.0,1.933773571,-1.480031501,0.232221188,-0.199419377,-1.648996899,0.560621226,-1.629353755,0.362046001,0.780387912,0.762198017,-0.269930965,0.555948873,-0.476530039,-0.63560317,-1.433879475,-1.182155515,-0.129428787,1.662105999,-0.281943684,-0.556714989,-0.38574008,-0.41475776,0.29372343,-0.406419199,-0.647586272,0.532932941,0.02072767,-0.042668549,53.0,0
120389.0,-0.284886315,0.274838821,1.372031492,-0.504616096,-0.476947018,-0.386972384,0.440877158,0.052276224,0.548509734,-0.776814702,-1.395788567,-0.576839001,-0.970957988,-0.131455808,-0.006237031,0.3305216,-0.520732628,0.306094674,-0.383135487,-0.073363085,0.293967334,0.865056857,0.003280661,0.071302434,-0.712969437,0.477931785,0.142595285,0.195651541,64.99,0
82529.0,1.157424112,0.306148754,0.782635907,2.245823088,-0.185043307,0.392432515,-0.388013997,0.223747968,-0.552482022,0.862378578,0.354956544,-0.065609968,-0.582903559,0.37339362,0.194905477,1.365311002,-1.217407001,0.910311802,-0.668551613,-0.141479387,0.142388516,0.319579537,-0.151679666,-0.37763323,0.469942834,0.124482114,0.002294253,0.012020042,10.59,0
139267.0,-0.603136311,-0.036635606,0.210004385,-0.356051152,1.286269183,0.545962426,0.723891968,0.391565914,0.624708826,-0.840752301,-1.228877268,-0.333878989,-2.648481644,0.217052736,-3.280518417,0.083586278,-0.790016706,0.137778435,-0.523096844,-0.278309792,-0.15744088,-0.548994725,0.176969538,-0.23338722,-0.552129225,-1.162684099,0.186915737,0.226658307,69.5,0
123292.0,1.849029329,0.334223187,0.323294187,3.853550428,-0.197823032,0.460784047,-0.513657225,0.13007121,-0.42953248,1.337744249,-0.937399221,0.360429904,0.92863755,-0.440052757,-0.664504728,1.074017707,-0.857699848,-0.155971944,-1.873534107,-0.206115818,0.201370934,0.700169259,0.25763701,1.146086249,-0.236666169,-0.03327468,0.017813809,-0.01815691,6.05,0
33205.0,1.335053154,0.331464026,-2.057762777,-0.346175355,2.583233822,2.854101997,-0.187547337,0.68515377,-0.286614069,-0.535902735,0.332848418,-0.268318739,-0.127614196,-0.868299961,1.128538982,0.786506054,0.316435261,0.587856253,0.049350083,0.045217441,-0.191819983,-0.650117796,-0.114069464,0.9159356,0.73007304,0.383879418,-0.031902304,0.029849341,0.76,0
111677.0,-0.024448138,0.981699304,-0.083185115,-0.847978562,1.528236221,-0.373205075,1.312428128,-0.328101293,-0.150276452,-0.952110394,-1.288950297,-0.618878626,-0.144111761,-1.136954697,-0.186976636,0.393546182,0.052458129,0.042255845,0.130711055,-0.012824989,-0.353227494,-0.818573294,-0.124130414,-0.064996448,-0.546729333,0.09631559,-0.052066544,-0.028310085,0.89,0
140137.0,-0.402120559,0.69120404,0.09481537,-1.061610717,1.518047605,0.027577884,0.866912939,-0.049659646,-0.483535427,-0.425875892,-0.369131262,0.575993804,0.606310258,0.185878935,-0.989925771,0.355628615,-1.101222786,0.083687912,0.800518389,-0.097803627,-0.20332676,-0.574846533,-0.21597342,-1.425324068,-0.455246046,0.188501468,-0.018732125,0.144928883,0.89,0
156829.0,-0.182894737,0.493781538,-0.573300735,-1.075498509,1.552669105,1.584355522,0.97816004,0.277473877,0.441253747,-1.217670125,0.872294857,-0.237661917,-1.651091683,-1.309544073,-0.19984174,-0.460655812,1.237247433,-0.290395954,-0.538018295,-0.194096753,-0.151618235,-0.133391862,-0.064339195,-1.101851471,-0.432446558,-0.097551058,-0.165226764,-0.179572586,81.59,0
108622.0,2.062563731,-0.169683604,-0.620260011,0.25840923,-0.015655761,0.052103242,-0.608927312,-0.040419881,2.653163508,-0.601821499,-0.465661803,-2.308016631,1.848333897,1.454534761,0.429838328,0.439396419,-0.219378959,0.569410823,-0.055827479,-0.234754136,-0.323930002,-0.584673549,0.308151391,-0.09044603,-0.272853047,-0.952463871,0.026327612,-0.033753025,2.12,0
76264.0,1.083316752,0.13298518,0.503951811,1.335700188,-0.193399021,0.027935393,-0.003498129,0.106074851,-0.004885972,0.034147938,1.368778762,1.36021328,-0.111920589,0.250277076,-0.823711224,-0.591579943,0.0800015,-0.564445238,-0.160253348,-0.152129105,-0.027447435,0.099428503,-0.062473216,0.236622398,0.605605111,-0.344085845,0.034964674,0.010269263,20.86,0
117786.0,-0.110177793,1.488924562,-1.00487549,0.912741174,1.816742783,-0.285541845,1.39611886,-0.136081387,-0.625283121,-0.605589242,-1.351017937,-0.858072512,-0.579590929,-0.994908674,-0.026457561,-0.482251671,1.096314169,0.606453719,0.810211753,0.14676986,-0.019139413,0.222695111,-0.34643516,-0.098365749,0.130364686,-0.363628491,0.447233835,0.276362767,12.14,0
122390.0,-0.653095831,0.852715394,0.826569505,-0.341916386,0.426078493,-0.744786528,1.129422669,-0.297958213,-0.326167417,-0.516070477,-1.01565725,-0.094707661,-0.093286208,0.062491261,-0.142509837,-0.410103403,-0.091618171,-0.662748531,0.70499265,-0.075338655,-0.255666916,-0.756051252,-0.280498434,-0.090175407,0.640041568,0.468868889,-0.396959773,-0.03346297,38.59,0
139069.0,2.141468341,0.008315019,-2.221695781,0.061816607,0.658542175,-1.155465159,0.593119924,-0.410082142,0.180480809,0.232171939,-1.095837349,-0.53086017,-1.007469895,0.900606241,0.459704134,-0.175435653,-0.367039029,-0.44700622,0.132934826,-0.231970228,0.040408098,0.117360896,0.045079071,0.512864635,0.23424574,0.714683558,-0.1379639,-0.07910863,12.35,0
48324.0,0.496991346,-2.158508875,0.726002744,0.771489624,-1.885390209,0.599275029,-0.662155021,0.26977167,0.582075983,0.185741862,-1.624831059,-0.456091559,-2.041287664,-0.427969431,-1.513086986,-2.458402501,1.252678384,0.164163292,-0.467051861,0.047008272,-0.603300654,-1.755583773,-0.105201447,0.038119852,-0.048709667,0.168897828,-0.021727553,0.083134186,385.76,0
45723.0,-0.517572894,-0.308961505,1.764296067,-0.065326862,-1.085775594,0.732009779,0.175574853,0.336833204,-1.175083365,0.286598366,0.670321481,-0.073035408,-0.84558866,0.054250148,-0.233521884,-1.558098326,0.021344005,1.812295292,-1.071845741,-0.246912667,-0.015363312,0.248473444,0.19431906,-0.042636028,0.016346304,-0.251653259,0.057433686,0.034470202,158.0,0
134033.0,-29.97336259,-29.1988989,-10.53815989,7.602413254,2.195718801,-0.113143832,4.553784094,-5.844577877,5.502688605,4.381087328,3.066364362,1.261514182,2.314236921,-2.374859499,3.822503931,3.33205004,-1.43941259,-3.637273319,2.029232408,-21.53382174,-6.995643859,-1.017766185,-12.66717941,0.938758566,0.006721687,0.763796087,-3.005508969,15.64913396,1402.38,0
138185.0,2.106067166,0.40757309,-2.463844537,0.583684139,0.765716656,-1.719744506,0.858258635,-0.582887586,0.27900458,-0.512654364,-0.548525061,0.27034092,0.113384666,-0.657769528,-0.112696638,-0.472755161,0.776066022,-0.031071391,0.029471391,-0.21208317,0.058611206,0.442137397,-0.118542452,-0.155380425,0.593158242,-0.061841575,-0.035550438,-0.048189846,3.0,0
119987.0,-0.605167461,0.683895643,0.889570339,-0.581988942,0.722891085,-0.499557436,0.881475755,-0.108056893,-0.543452055,-0.499473113,0.881877504,1.109801606,0.914154243,0.309618494,0.08317949,0.196211095,-0.924993433,0.127707928,0.862666165,-0.051563646,-0.299230938,-0.867095067,0.300829178,-0.398251891,-0.597465092,-0.842830478,0.066263862,0.138909529,19.98,0
1094.0,-0.812682335,1.176176252,1.022127603,0.093192599,-0.153166507,-1.051324985,0.498657097,0.131554207,-0.246541214,-0.392243808,-0.368838703,-0.341028626,-0.455794649,-0.238228949,0.969704167,0.44688801,0.095827816,-0.053449922,-0.072227151,0.001884792,-0.272666022,-0.715127345,0.128825915,0.308363867,-0.165969223,0.040356313,-0.16406773,-0.205525292,9.57,0
70286.0,1.453721198,-1.105942978,0.380217816,-1.353040895,-1.466191015,-0.57484699,-1.043056207,-0.05512881,-1.693663922,1.421902963,-0.432877078,-1.344782916,-0.557565748,-0.070050961,0.934617622,-0.643634999,0.8468092,-0.361022407,-0.599619436,-0.40346608,-0.191835224,-0.200311765,0.067158404,0.035853163,0.275467478,-0.174819533,0.037460784,0.017429193,25.0,0
162678.0,-0.024376982,1.08616386,-1.028911501,-0.226381156,0.437151488,-0.943088518,0.518313377,0.327863598,-0.330627409,-1.027320465,0.574581376,-0.136591797,-1.132527621,-0.198239898,0.097459348,0.544690406,0.379153776,1.519170167,0.208042361,-0.250903004,0.364992905,0.949959057,-0.146157512,-0.44194183,-0.361183624,-0.149537962,-0.016907847,0.026184629,19.99,0
57820.0,1.163350736,-0.126026446,0.592407174,-0.219493061,-0.500120214,-0.212105069,-0.313934305,0.071822845,0.017835556,-0.117925059,1.81918179,1.392351077,0.769670318,0.211377397,0.723440393,0.277574327,-0.37821473,-0.45993683,-0.050723061,-0.002767877,-0.035368098,-0.09417231,0.088892779,0.089061465,0.033096054,0.912967871,-0.05650177,0.00040939,19.99,0
55236.0,1.252370382,-0.546467029,0.174187855,-0.56900414,-1.050559855,-0.821896372,-0.697802207,0.005890002,-0.856733719,0.343060235,1.638809269,-0.560175269,-0.781371908,-0.948806267,0.386648259,1.861062805,0.826731835,-0.231229122,0.592171978,0.164378297,0.118112613,0.073319272,-0.045752003,0.23321559,0.286078336,-0.302363666,0.010110498,0.042216305,59.9,0
153500.0,-4.485964758,4.444776198,-2.237439609,-1.429429927,-0.545548328,-1.560033687,0.853259609,0.085035378,3.770712561,5.758974356,-0.557963274,-0.16970648,-0.454158386,-0.959959499,0.830011846,-0.93022943,-0.67632562,-0.10660217,-0.469988917,2.266318856,-0.379103243,1.110721871,0.013194233,-0.002568026,-0.050415403,-0.388585956,0.184567124,-0.97289335,0.99,0
81006.0,-0.741537928,1.095345691,1.491118573,-0.234611389,0.189053125,-0.085891913,0.536048444,0.122960682,-0.582531065,0.0216121,1.602056512,0.932414015,0.328483884,0.215698525,0.371494779,0.059759444,-0.403098209,-0.36932964,-0.048598551,0.063034981,-0.111628067,-0.333875822,0.022721873,0.007736696,-0.301688771,0.057489945,0.012572859,0.099443549,1.79,0
57612.0,-0.713560031,0.857608312,-0.327529533,-0.938936256,2.103185054,3.615470817,-0.326745177,1.342170868,-0.346708113,-0.690435773,-0.757108818,0.087435583,-0.198434038,0.267539761,-0.259734058,0.049823804,-0.27962219,-0.05466151,0.755840716,-0.076978438,-0.149246852,-0.619699581,-0.12547157,1.025633032,0.155472557,0.233052737,-0.22973994,-0.018532526,1.18,0
27553.0,1.008423958,-0.116696048,1.537464105,2.818703448,-0.865918936,1.010907171,-0.919988693,0.590709169,0.491650469,0.568162172,0.395817343,0.082571529,-2.308751407,-0.079464096,-1.726519728,-0.030088222,0.222941505,-0.079754263,-0.698777165,-0.344043838,0.09100387,0.519674596,-0.063626005,0.211414451,0.417163261,0.219843272,0.048126154,0.0111902,1.52,0
136896.0,-1.12777285,-0.000764338,2.0868855,-1.15255079,0.167514816,0.978595306,-0.13919624,0.478695583,0.3115906,-0.732903532,-0.509870659,0.364897429,0.828682053,-0.596100542,0.006249742,1.34802565,-1.51382273,1.396459588,0.262192371,0.453596053,0.197055172,0.517313787,-0.333712304,-1.330807527,0.512190873,0.827319753,0.232434295,0.115947078,84.1,0
155733.0,1.716123868,-0.733567996,-1.812936626,0.305353854,1.914109914,3.983485132,-0.827358298,1.016622334,0.682752149,0.126299984,-0.125133856,0.449282912,-0.052782518,0.244794385,0.845060426,0.27979107,-0.730190602,-0.320835198,-0.581567491,0.057297657,-0.147699238,-0.687565049,0.325406932,0.627640997,-0.3895482,-0.972460592,0.050889035,-0.011316624,122.4,0
45843.0,1.208515055,0.661254236,-0.259043361,2.315216838,0.645476333,-0.332817132,0.662862517,-0.290014534,-1.132462324,0.693808935,-1.134718218,0.062450327,0.976765512,0.307763165,0.177690801,0.538136796,-0.829080315,-0.325438522,-0.590409119,0.000762599,-0.035025169,-0.168184497,-0.255277011,-0.430656184,0.855477811,0.113459339,-0.043013527,0.010614777,44.64,0
128514.0,-0.888477232,0.644164902,-0.02950515,-2.994628493,0.577190853,0.121765068,0.253695929,0.520029049,1.040193498,-1.783372894,-0.368542563,1.225845665,0.465476718,0.213803242,-0.718741809,0.610430271,-1.482689186,0.813598966,-0.068254953,-0.378669673,-0.024630378,-0.241272042,0.008176378,-0.412809866,-0.526688919,-1.641329175,-0.145276767,0.154178669,16.03,0
170201.0,-1.059702916,1.696603157,-0.910363205,-0.189850367,0.394363041,-1.048977715,0.217596746,-1.425746483,-0.171980984,-0.979822305,-0.596289904,0.090574175,0.154396578,-0.567183886,0.661446257,0.090538088,0.875660502,0.710845369,-0.240041144,-0.437534191,1.835556158,0.560676681,-0.071121476,-0.093193884,-0.384932364,-0.125384616,0.492695482,0.188772572,23.5,0
51102.0,0.815374042,-0.706998813,0.670535568,0.609584355,-0.632620235,0.730753431,-0.5021741,0.37229649,0.449978677,-0.136651452,1.444843141,0.892602475,-0.566373029,0.212796457,0.367838862,-0.208589935,0.11093951,-0.445539671,-0.624915046,0.105677962,0.273525584,0.63979286,-0.164226956,-0.212913987,0.207251045,0.635298913,-0.011918525,0.023450404,149.0,0
140107.0,-0.824208383,-1.113190102,0.133140284,-2.485429314,-1.471659792,0.285587413,0.105747651,0.437288356,-2.501890246,0.495589426,0.364714757,-0.291214542,0.521333406,-0.065519307,-1.235986555,-0.217852791,0.308495905,0.680700721,-0.144076708,0.173723163,0.217659908,0.391156018,0.66442945,0.65693768,-0.562731821,-0.325259602,-0.009536997,0.12125125,274.65,0
36788.0,-5.902596721,2.780775841,-1.780952266,-2.280812528,-7.857015281,6.380748413,1.368344409,-13.33449719,2.231952287,-0.731542248,1.90694792,2.089865123,0.472918958,-0.08558128,1.36935025,1.251997874,-0.152703826,0.393963069,-1.025637816,-6.193777958,10.50008401,-3.333527754,-6.164795906,0.469672945,-0.794146466,-0.57873538,3.222752755,-0.689999355,2000.0,0
170841.0,-0.889559413,-1.748751654,0.783169545,-2.654414163,-0.15234758,0.075496641,-0.415750385,0.189397371,-2.047469522,0.785881939,-0.636277793,-1.356484185,-0.510630109,-0.256286091,-0.904024721,0.047849835,-0.160344219,1.134503429,0.285229925,0.167477666,0.043750195,0.003843168,0.200187009,-1.225223267,0.019345548,-0.123518235,0.050053587,0.134219462,168.0,0
82135.0,-0.986903236,0.753620607,1.675426751,-1.260454042,-0.260823536,-0.854145705,0.488789429,0.12562289,0.286194779,-0.439801729,-0.097292256,-0.311223304,-0.954111259,0.097665599,0.854373626,0.239317774,-0.240033676,-0.807357929,-1.182139993,0.039525979,-0.08388147,-0.09468872,0.122804796,0.404118662,-0.411337391,0.7407841,0.394480215,0.217686953,7.57,0
168802.0,2.230778432,-1.53189197,-1.492676312,-1.714918719,-1.077794608,-0.78721865,-0.937258533,-0.168661266,-1.512529343,1.884623162,0.115934785,-1.315807809,-1.241181152,0.373681968,-0.260021311,-0.163712399,0.065073869,0.95743459,0.104105295,-0.428323582,0.114112475,0.600380351,-0.023112085,-0.519132177,0.035958991,0.08790687,-0.034426513,-0.070191655,61.5,0
34625.0,-0.536039284,1.507575475,0.618012019,0.48637968,0.800610375,-0.429433481,0.72458634,-1.017816656,-0.563055096,-0.538543543,1.41771111,-0.002445748,-0.452561942,-1.440492636,0.248486654,0.72056565,0.504737957,1.369956874,-0.078072252,-0.142461508,0.76275175,-0.163279543,-0.252646162,-0.164309007,0.236510302,-0.3991225,-0.211628771,-0.1665802,1.0,0
27674.0,-0.404618782,-0.212512404,1.486405753,-0.910685306,-0.654831725,0.029793208,0.213222815,0.235288805,0.555151863,-0.763968586,0.365426668,0.639905239,-0.352264247,-0.304898951,-1.141256129,0.628726869,-0.751878774,0.407665871,0.022169821,0.105389928,0.166726877,0.391064024,0.386242624,0.037521742,-1.342138399,0.644698073,0.137179963,0.227136269,113.41,0
104438.0,-0.622766518,0.93284896,2.373874429,-0.140260761,0.173905362,-0.24142532,0.577158247,-0.32535895,1.487846959,-1.055153045,0.423486243,-2.261076905,2.27805947,1.093188661,0.588196611,-0.372595196,0.309615746,0.348289517,0.47307583,0.056359355,-0.287107512,-0.35200657,-0.256496838,-0.101458859,0.269632681,-0.737548133,-0.199622297,-0.154653702,1.5,0
115164.0,-1.511369208,0.91859181,-0.974770549,-0.582920493,2.325737771,3.900378948,-0.71860792,1.423368054,-1.583478384,-0.224823718,0.073905224,-0.725168555,0.053688573,-1.911214359,1.182956248,-1.108743435,1.833752567,2.430467538,-0.587013819,-0.312453298,-0.412806064,-0.835699749,-0.401444037,0.47053163,0.546878678,-0.365602372,-0.070883889,0.095772089,25.0,0
67493.0,-0.595524239,-0.25981574,2.71183712,-0.618163136,-1.239841971,0.827394577,-0.723121566,-0.074144369,0.880009187,1.073405398,-0.986081153,-0.944263688,-0.854518725,-1.842934014,-0.836288894,-0.289542682,1.217009078,-1.545802641,1.433198072,0.262947942,0.19181009,1.230458351,-0.143406846,0.135218106,-0.594234717,-0.108117717,-0.352415776,-0.235761816,6.9,0
87993.0,0.071098122,0.941989769,-0.770418424,-1.183012876,1.508373432,-1.291615245,1.817826689,-0.593500684,-0.17259191,-0.252926478,-1.037979247,-0.585478724,-0.828041803,0.606361739,-0.03425334,-0.662271913,-0.537869601,-0.26646436,-0.070785664,0.000978304,0.177660434,0.826438857,-0.252894785,0.7001042,-0.318122448,0.032734514,0.22171032,0.051148671,4.38,0
80903.0,1.248865558,-0.091092186,-1.33239429,-0.630535989,2.146175877,3.118959803,-0.266604298,0.734996684,-0.219393295,-0.034251057,0.055261886,0.122053309,-0.005863177,0.566873203,1.132847282,0.552626297,-0.825555921,-0.437574226,0.459893241,0.102505053,-0.531848853,-1.842766994,0.194974849,0.964012208,0.215979866,-0.012267122,-0.057048728,0.01703128,44.8,0
129753.0,2.008402572,-1.167603239,-0.61935559,-0.946280149,-0.904872732,-0.020219407,-1.035689553,0.055652455,-0.239367531,0.850275083,1.035525065,0.526826892,0.768106094,-0.406620839,-0.500687526,1.28401677,-0.105535348,-0.783404505,0.640011491,0.158289132,0.418414476,1.128473689,0.111007863,0.761259872,-0.180491933,-0.14623141,-0.001880509,-0.039884234,69.99,0
81203.0,-0.693965796,1.219465561,0.722496067,0.045406505,-0.286948431,-0.826354618,0.338937608,0.441576147,-0.356549907,-0.71760111,-0.895381418,-0.71324773,-1.013798781,0.118218457,1.020785826,0.673056206,0.116609111,0.180418948,0.042327643,-0.013847043,-0.24583353,-0.871248064,0.065816679,-0.064242233,-0.121564376,0.100095964,0.103561457,0.03067937,26.99,0
35825.0,-0.295705525,0.95097215,2.350356322,1.563198551,-0.131459829,-0.069777157,0.612681796,-0.181873932,-0.255669237,-0.053018015,-0.641349068,-0.151034735,-0.287502894,-0.21461865,0.690652531,-1.093641333,0.502785694,-0.170973851,1.912614555,0.195888693,-0.265112776,-0.386765659,-0.2659354,0.388466053,0.158400563,-0.288067097,-0.035312285,-0.132823251,1.0,0
63079.0,-0.758159913,0.997592851,-0.150324561,-1.279732777,2.728239727,3.270234862,0.482769702,0.795185448,-0.799153367,-0.221246261,-0.216711927,-0.379621581,-0.160654437,0.40035524,0.858164607,0.175659828,-0.7288128,0.134145409,0.484881642,0.230638152,-0.09189361,-0.373127825,-0.391972059,1.033848262,0.686461137,0.420573722,0.104739898,0.102294015,11.05,0
159560.0,0.055810369,0.866132125,0.231348246,-0.620373734,0.475594151,-1.037424117,1.015870793,-0.200236665,-0.039008644,-0.41243154,-1.053866628,0.103287056,0.06387099,0.097842233,-0.395648327,-0.051305731,-0.463930957,-0.703551346,-0.028700542,-0.03149994,-0.269774846,-0.596096969,0.052113583,-0.116589765,-0.46848595,0.147321616,0.247039597,0.095964624,3.87,0
26192.0,1.253550576,0.224565442,0.28666524,0.449085379,-0.008004383,-0.226442269,0.00500618,-0.061897336,0.003723436,-0.122800159,-0.359525594,0.542207996,0.856756708,0.143239106,1.268121001,0.133384991,-0.352949282,-0.886942962,-0.292483285,-0.079507317,-0.257438641,-0.682704282,0.099130683,-0.418416981,0.227379954,0.15367052,-0.010031297,0.011483963,1.29,0
85957.0,-10.50833526,8.281230997,-4.479543979,-3.568317433,-2.850259729,-0.543334505,-1.885571113,2.980779009,6.297062908,9.72312626,0.128573174,0.385920997,-1.674538024,-0.505874278,0.711610236,0.758641212,-0.435407059,-0.064459074,-1.445817413,4.156171757,-0.982951182,-1.1957534,0.631315009,-1.332359244,1.687429742,0.993368979,3.514328377,2.075104517,0.77,0
119697.0,1.284514676,-2.059340633,-1.977041576,-0.355228431,-0.08217254,1.070518865,-0.11004652,0.14101473,-0.525375288,0.650990467,0.686054566,0.635200801,0.117284824,0.584994081,0.545387728,-2.228982184,0.197113398,0.813646129,-1.636997658,0.070734933,0.275064402,0.649237814,-0.321099189,-1.607373073,-0.093430677,0.052192794,-0.017280424,-0.013175573,397.5,0
105042.0,-1.641777295,-2.521307037,0.9421447,-2.027954605,-1.732736163,3.115656814,1.284629639,0.650750084,3.5488681,-2.967667961,0.702645043,-1.141046167,1.462526157,0.318072509,-2.846017645,-0.643223914,0.722556889,-0.044357195,-1.401065051,1.08858332,0.578586718,1.288988308,1.529751088,-1.685661882,-0.832459113,0.10326327,0.052966186,0.257826952,679.32,0
121995.0,-3.082277132,-2.802244728,1.67799791,0.868577987,2.680029233,-1.860399055,-0.777103771,-0.14787401,0.647032607,-0.263061199,-1.108456885,0.366299002,0.545534577,-0.567453699,-0.271928751,0.261487252,-0.95868978,0.196898779,-1.237146205,-0.001842605,0.293478665,0.938955494,-0.127000365,0.04017302,0.148367463,-0.615818773,-0.07580523,0.246660266,146.0,0
147656.0,0.088472059,0.828867684,-0.02626261,-0.769982408,0.808429738,-0.614345477,0.963830846,-0.125427163,0.024768317,-0.412783129,-1.576397649,-0.153635504,0.024721193,0.095172856,-0.28764234,0.074940538,-0.622045076,-0.57565599,0.132269195,-0.03048574,-0.306696445,-0.697425831,-0.019743219,-0.785168552,-0.407201354,0.191049103,0.249076869,0.088857546,1.29,0
156623.0,-7.16957635,6.049651791,-2.671304025,-2.710917466,-0.334528332,-0.904939099,1.519978763,-0.582854305,6.673876989,10.86609869,1.682937744,0.598692754,-0.162420096,-2.995016575,-0.369619313,-0.933997551,-1.504510655,-0.89265141,-0.682967381,4.36680383,-1.541023538,-1.015029359,0.184533826,-0.531516084,1.009593838,0.066359664,1.94029521,0.399429957,8.99,0
155967.0,1.890801309,-0.634253431,-0.403809984,0.379278856,-0.716685264,-0.116120489,-0.723618515,0.135117373,1.351855111,0.015530249,0.28104613,0.652232999,-0.665984106,0.130895024,-0.116154635,0.390598918,-0.820493676,0.952770418,0.141527433,-0.181605985,0.291308427,0.963320655,0.010501052,-0.320045804,-0.072349151,-0.154917184,0.026265876,-0.04663992,43.0,0
36506.0,1.255085636,0.272790099,0.282672668,0.704559546,-0.471916472,-1.099930435,0.011119757,-0.140339811,0.201878058,-0.249896781,-0.256753332,-0.36003008,-0.892989607,-0.064773494,1.216721747,0.530984758,0.058741938,-0.161935271,-0.190985102,-0.152055919,-0.300340264,-0.921623863,0.142634658,0.314745132,0.178141378,0.098131743,-0.030423868,0.028455479,1.98,0
107134.0,-0.513559098,0.719934923,2.243385198,-0.320819251,0.344032329,0.26480674,0.363664158,-0.041209702,1.378224357,-0.956459262,1.543050608,-2.365741812,1.007373047,1.554527645,0.045699133,0.008259408,-0.005342683,1.134770296,0.91380351,0.037089942,-0.285626766,-0.423583064,-0.35248488,-0.58690274,0.251192462,-0.715367769,-0.08500017,-0.161907241,2.12,0
163795.0,-0.506629037,0.557307277,-0.898188708,0.100021383,0.707605908,-1.636715478,0.394629044,0.1920104,-0.169242246,-1.220723207,-0.716617642,-0.406550916,-0.592049848,-0.423189203,0.792836709,0.162661651,0.790812189,0.796088709,-0.266701948,-0.056603293,0.408394469,0.922926571,-0.099221042,-0.099410059,-0.400553269,-0.155872229,0.024421152,-0.023521688,24.99,0
35831.0,-0.870544315,0.675194025,1.147391016,2.170281622,1.274813561,0.104705111,0.375245475,0.175316391,-1.546873083,0.8092767,0.827617989,-0.138827173,-0.811084965,0.712894101,0.097045275,0.121370768,-0.338312412,0.05816418,-0.026600129,-0.135254803,0.132081861,0.286858389,-0.15868682,-0.311312086,-0.43582975,0.02655431,0.051212602,0.154029251,18.9,0
124788.0,-0.352503018,1.015569611,-0.770670005,-0.337445935,0.189540353,-1.231828901,1.058880783,0.106266928,-0.326153028,-1.470192332,-0.645517235,-0.084994149,0.030876199,-0.528355374,0.459661364,0.304956936,0.494987621,0.614498039,-0.729551961,-0.071646326,0.376375811,0.8977461,-0.01054776,-0.092778207,0.047816512,-0.174135801,-0.082761265,0.007959202,98.91,0
137273.0,1.904145807,-0.974720569,-2.752181185,-0.354762499,0.184095301,-1.337255352,0.757501985,-0.631858335,-1.114336491,0.961804839,-1.149784078,-0.527356276,-0.414414761,0.813175841,-0.26420585,-2.202879029,0.186114538,0.746104297,-0.694241394,-0.257659247,-0.004284436,0.144703031,-0.221505274,0.802231969,0.443063236,0.967908784,-0.165690196,-0.053550515,198.0,0
117004.0,-1.326390703,0.844317998,0.203456363,-0.501065586,0.472942091,-1.394709845,0.497282937,0.024850288,-0.261726443,-0.705652421,-0.901839492,0.069383462,0.025155403,0.562507525,0.552576859,-0.086368749,-0.35835133,0.047646075,-0.266526247,-0.417054133,0.25636249,0.561379486,-0.823075371,0.111025557,1.117276324,-0.006503549,-0.515178325,-0.368252367,1.0,0
46243.0,1.046063081,-0.569308846,1.071102649,0.164403058,-1.079829509,0.038439559,-0.661020427,0.147730351,1.035489922,-0.472443551,-0.373256857,0.701858896,0.356809285,-0.464826099,0.523805362,-0.13589759,0.188872232,-0.86223748,-0.149529612,0.058516462,-0.04698171,-0.04325894,0.028305289,0.174263493,0.025112635,1.011496559,-0.028224829,0.025229171,74.95,0
142749.0,1.83573833,-1.350733678,-3.094970618,-0.987882626,0.387153241,-0.888128597,0.646026879,-0.506666393,-1.156966599,1.011979475,-0.01354331,-0.710720614,-0.757583038,0.792816797,-1.003864604,0.561691628,0.039700896,-0.878997306,1.279765933,0.419269962,0.609747593,1.225376887,-0.572152496,-1.001294226,0.738989803,0.325560686,-0.149532223,-0.072435272,261.0,0
39213.0,-0.417242093,2.612202509,-2.757501626,1.390908832,0.70203019,-1.685859889,0.580475968,0.169796953,0.298316982,-0.174659868,0.214078849,-0.704295182,-0.145919721,-3.563651473,1.163477009,0.987226187,2.748232255,1.656322599,-0.314847639,0.408959586,-0.267615163,-0.3037782,0.093353515,-0.479395946,-0.261146821,-0.42157592,-0.146737642,-0.381088955,1.55,0
142486.0,2.246093753,-0.538120997,-2.084840471,-0.881581129,-0.124077531,-1.8151415,0.281814156,-0.620737325,-0.916786878,0.936749974,-0.702359561,-0.86374666,-0.323893973,0.450076734,-0.027019417,0.466624945,0.358288258,-1.6433527,0.67274064,-0.044248277,0.349521792,0.971098842,-0.086083028,0.031444436,0.43869426,0.080968561,-0.084630856,-0.079437554,29.9,0
65965.0,1.296501113,-0.82336201,0.779877267,-0.574211931,-1.432722374,-0.33340178,-1.027640963,0.122763343,-0.276931691,0.652054083,-0.624608276,-0.943591707,-1.207922406,0.180908597,1.600393372,-1.173216071,0.180404882,1.055654761,-1.341453789,-0.571288852,-0.226210321,-0.208200642,0.084637291,0.08264809,-0.006529734,1.142005254,-0.026131121,0.011976448,19.98,0
31860.0,-0.618381883,1.02624028,0.908716418,1.221814272,0.835343084,-0.597461153,0.875177821,-0.070822507,-0.990630645,-0.720599767,0.136176179,-0.176861801,0.12849761,-0.673315378,1.477797936,-0.520180247,1.162393766,0.02741783,0.341226046,0.214123732,0.072037419,0.169269473,-0.141670797,-0.002117711,0.146337441,-0.208854503,0.124275179,0.14155097,38.03,0
64285.0,0.997773966,-0.618596561,1.268644258,1.40182022,-0.592760073,1.982794949,-1.162782025,0.664184347,1.502887774,-0.286462365,-0.573513524,1.224766238,0.003160683,-0.945082337,-1.966390982,-0.274514102,-0.086229872,0.203901444,0.53231715,-0.051910028,-0.036955757,0.308708879,-0.264624272,-1.08962004,0.596983841,-0.145649403,0.112082939,0.021607988,54.89,0
165992.0,-2.250101228,1.47635159,0.242251693,1.115243092,-0.627316405,0.143555435,-0.299937297,0.862210354,0.402158853,0.454500315,0.160745905,1.232094539,-0.407364929,0.264354018,-1.614412812,-0.574863339,0.387243111,-0.185298233,1.403798716,-0.428585026,-0.351159092,-0.805225091,0.436000808,-0.057835085,-0.730066184,-1.061230773,-0.371881866,0.240772073,24.95,0
134934.0,-1.599105921,-1.373464383,0.529587177,-2.509194667,2.331765188,-2.025980502,-0.17057827,-0.097859251,-1.783656591,-0.064540892,0.571810695,0.237873647,0.887414297,0.04999087,-1.534316798,1.511724428,-0.737204704,-1.166401625,-0.091269632,0.446961121,0.273560319,0.084339662,-0.019652459,-0.488060626,0.401005717,-0.479210631,-0.03499739,0.120813837,9.99,0
127853.0,-0.531460697,1.303765298,-0.284424297,-0.601270338,1.224942434,-0.712268572,1.381896363,-0.643880754,0.299932218,0.375958069,1.170901089,0.243812259,0.097941713,-1.264998959,0.125879814,-0.027764116,-0.108484756,1.109858309,0.213225109,0.278867021,0.234645057,1.214115272,-0.325771553,-0.45403916,-0.441187965,-0.228179554,-0.158988573,-0.068270481,6.22,0
71821.0,0.797974234,-1.152457754,0.811765966,0.709962732,-1.470350455,-0.109847688,-0.496561057,0.006060022,-0.822837662,0.74365684,1.048785837,1.064384106,0.723431485,-0.108459027,-0.434861259,-1.30895857,-0.261794644,1.8308749,-0.978427916,-0.041043486,-0.033255762,0.018240577,-0.247319749,0.541054984,0.401587493,-0.278360684,0.034890331,0.066921473,237.0,0
137999.0,0.462452781,-1.210378183,1.730729742,-0.449889387,-2.943281245,1.758273962,-1.79331842,0.156616842,0.196393152,2.300653494,-0.544468114,-1.133608376,-1.183431471,-1.748278406,-1.161055377,-1.547047167,1.477388788,1.401788312,3.101381653,-0.291301024,-0.004839718,0.966865829,-0.012817561,-0.315330979,-1.011094853,0.313166502,-0.592131465,-0.310213097,103.49,0
63501.0,-2.860553493,2.130633715,1.366117447,-0.389360185,-0.202422512,-0.788750895,1.347960807,-1.050380437,2.645879779,3.550634254,-0.130068548,-0.735118586,-1.505294277,-1.611740677,0.003857401,-1.054243157,-0.322691277,-0.7906291,0.115205825,1.009126671,-0.571656036,-0.32017346,-0.139810073,0.674400649,0.059125859,-0.000987045,-1.041620293,-0.686208875,7.31,0
128004.0,1.93191145,-0.552892229,-0.493854459,0.130111296,-0.524871303,-0.159539547,-0.573934831,-0.035175495,1.37016617,-0.263538125,-0.920940075,0.886684792,1.087330824,-0.414545497,0.459992663,0.117743891,-0.574204333,0.087673806,-0.088732541,-0.02975666,0.201733508,0.751556144,0.109543532,0.732503334,-0.119251294,0.088834684,0.009242314,-0.026735571,50.0,0
37772.0,-1.49365061,0.401437411,0.516540667,-0.917105326,-0.788665035,-0.184771093,-0.377871467,1.126926812,0.162055293,-1.17116971,0.282108469,0.279722602,-2.135183446,0.856137217,-1.385426306,0.130300407,0.300484199,-0.26317156,-0.348361118,-0.47007375,0.181675038,0.210707705,0.041701594,0.063704094,-0.72991038,0.801383996,-0.280638454,-0.04698895,50.0,0
61961.0,1.231778359,0.392373039,-0.158419539,1.06612198,0.150093572,-0.742992525,0.420524211,-0.171408471,-0.160331635,0.024753457,-0.277885595,-0.128047994,-0.831103473,0.75315359,1.022599968,-0.471603038,0.012095901,-0.72015217,-0.606297189,-0.237187927,0.021760578,0.114532457,-0.106667214,0.072993173,0.752200904,-0.264118327,0.003133458,0.00594449,2.34,0
143884.0,-0.538717879,-0.974944934,1.601202456,-2.305551515,0.605346067,2.509157438,-1.014064554,0.710160176,0.248004766,0.010285026,0.174882496,0.022232842,-0.145986752,-1.312317352,-1.435816374,0.410219606,0.505827919,-1.865428303,-0.209686367,-0.029080024,0.292107315,1.245452011,0.04622522,-1.03919982,-0.861466721,-0.281979937,-0.017667326,-0.022159032,1.0,0
69265.0,0.718217229,-0.340837403,0.457082613,2.763091404,-0.328651201,0.20763989,0.28179152,-0.039560354,-0.293684111,0.405784919,-1.335958663,0.090804853,0.182515857,-0.114205583,-0.578726122,0.458415407,-0.435506367,-0.47196454,-0.459192041,0.354502737,-0.175228917,-0.94275111,-0.197844881,-0.155615435,0.362238354,-0.173495155,-0.037118926,0.064213897,249.9,0
84262.0,-3.183634023,1.416226558,-0.817232491,-0.059919204,-0.62221886,1.073996364,-0.789093006,1.884428533,0.423971682,-0.227129964,-0.482822244,0.825069641,-0.574663718,0.814663227,0.400332572,-1.12133936,1.602095828,-2.38002403,-1.625184231,-0.570507939,0.034388442,0.329280858,0.434939617,-0.944474771,-0.973998924,0.113542925,-0.409243849,-0.183792836,31.99,0
105422.0,1.956643274,-0.24551728,-0.27381451,0.354458115,-0.416398484,-0.201656468,-0.662626497,0.017718698,2.402340585,-0.432610935,1.646941772,-1.514623107,1.485078898,1.734587889,-0.277587774,0.436300431,-0.225769088,0.82594555,-0.00992094,-0.271081941,-0.230521323,-0.332725937,0.3143681,-0.521207789,-0.40183233,-0.956861077,0.028660021,-0.04639087,9.39,0
42608.0,1.593932133,-0.679669564,-0.342736243,-1.464644287,-0.743696571,-1.035782424,-0.341208941,-0.486514648,-2.413392526,1.448657345,-0.630108863,-0.225206692,2.100010806,-0.38645236,0.130777168,-0.708096407,0.391642192,-0.291897782,0.050547253,-0.220404954,-0.185363202,-0.049977452,-0.164196177,-0.071575033,0.802686827,-0.057677801,0.006806882,0.005233009,15.0,0
170415.0,1.936318791,-0.502817862,-0.526476133,-0.026712324,-0.512808767,-0.164510038,-0.602316254,0.159541238,1.117163803,-0.023049301,0.81313243,0.724505739,-0.845790639,0.354137577,0.098521429,0.436575539,-0.697093554,0.274002138,0.358351863,-0.193127695,-0.191539892,-0.570602962,0.431856739,0.707387077,-0.56278992,-0.379774797,-0.012954405,-0.038506217,23.95,0
11018.0,-0.954561711,-0.429265151,1.793577787,-0.574656557,-0.092472932,-1.067815292,-0.885287384,0.006547761,0.060241532,0.622114262,2.402729674,-2.84964812,1.282512375,1.41060142,-0.3586958,1.014341085,1.000370856,-0.326745182,1.301309951,0.157402363,0.074929192,0.463236323,-0.09230349,0.503687549,-0.639507178,-0.343360849,0.350424831,0.192941802,15.95,0
170725.0,0.094617651,0.903706536,-0.005935129,-0.768838456,0.845070292,-0.672070701,1.061046209,-0.209057043,-0.124318921,-0.436771661,-1.451996541,0.348431891,1.006117011,-0.104532138,-0.442964072,0.08591944,-0.731484653,-0.608350941,0.193241204,0.045057967,-0.298948919,-0.639246331,-0.029312103,-0.699274838,-0.358903863,0.181971686,0.251192013,0.091784198,4.99,0
73923.0,1.058860679,-1.539525773,1.232554602,-0.172134985,-1.684766556,0.813134063,-1.362396256,0.211455268,0.763406576,0.099309517,-1.870470977,0.315342572,1.240572885,-1.784262955,-1.866552315,0.589452842,0.683944922,-1.283877548,1.382594379,0.43476412,0.161814705,0.606667392,-0.356977167,-0.339255734,0.604517112,0.004151672,0.06989512,0.047681994,159.25,0
140287.0,1.955908259,0.085269151,-1.767021907,1.204620668,0.662650094,-0.582171215,0.58308664,-0.263455442,-0.057114499,0.409087063,0.395912423,0.963388525,-0.12058143,0.683024313,-1.202864607,-0.429830717,-0.530208544,-0.047561454,0.205604223,-0.206870624,0.095371864,0.40987881,-0.09190104,-0.45482601,0.475307843,-0.485907573,-0.023681292,-0.070686129,38.65,0
48994.0,1.180233391,-0.105413598,1.061044872,1.237530415,-0.808585579,0.062129297,-0.611813522,0.159586825,1.03020297,-0.182293461,-1.352949449,-0.048911412,-0.570442898,-0.250857172,0.290252179,0.255546858,-0.389019143,0.184815643,-0.02045631,-0.155351947,-0.100805247,-0.122522696,-0.061321475,-0.135663362,0.456367453,-0.375794657,0.066708384,0.032304595,12.99,0
2200.0,-1.622260634,-0.576435975,1.119794439,0.540977419,1.437111139,1.175524374,1.677801282,-0.242019341,-0.525636379,-0.22762087,0.744113741,0.430456565,0.602022329,-0.111596625,1.730212282,-1.579484153,0.567715777,-2.155683184,-1.586272013,-0.004082377,0.07134596,0.830513328,0.554970764,-0.959638855,0.038366809,-0.321674186,-0.164462253,-0.355377385,227.35,0
28862.0,1.239421183,0.303303754,0.662998487,0.691582967,-0.588136904,-1.166942968,0.106462353,-0.258772414,-0.0636987,-0.082536496,0.173935685,0.78076233,0.82849982,0.145108958,0.94519381,0.18054362,-0.336792376,-0.719234266,-0.245715757,-0.069124822,-0.22992841,-0.636977144,0.170835289,0.721999119,0.193470083,0.072508137,-0.024725959,0.02340338,0.89,0
140104.0,-0.350369063,1.00943187,-2.156453312,-1.346902261,3.193491637,3.112331427,0.314518479,0.697301182,0.141087678,-0.345604257,0.290695201,-0.316760273,-0.293536512,-0.870337658,1.161002528,-0.059473403,0.407889449,0.594758203,-0.322838531,0.026707324,0.317179385,0.85764405,-0.137575962,0.622643047,-0.335131126,-0.169869974,-0.15463779,0.227793692,4.4,0
52474.0,1.19860047,-0.205849939,0.569939775,-0.218399861,-0.648338331,-0.256355735,-0.470923152,0.188179212,0.312027909,-0.052621148,1.488586664,0.36433179,-1.162467923,0.590738175,0.933656847,0.366420619,-0.269367719,-0.226060343,-0.03104881,-0.164145058,-0.069146214,-0.243496602,0.129188053,0.047991163,-0.024773204,0.920874905,-0.065648615,-0.006894851,1.15,0
31109.0,-0.986176355,1.110821925,0.737715156,-0.044304192,-0.063015511,-0.599454441,0.169856769,0.527012266,-0.603395878,-0.428688923,0.924771738,0.248708473,-0.608759272,0.17657517,0.28450634,0.831510645,-0.162087337,0.596445177,0.34199289,-0.067361762,-0.19735321,-0.695118059,0.179376353,-0.073984135,-0.11611716,0.074545549,0.003915292,-0.003715028,10.99,0
36121.0,-3.116997212,0.802272329,1.460973329,-0.272897487,0.226893146,-1.294770563,-0.198467241,-0.301275923,2.067579051,1.968325509,-0.342409728,0.547397173,0.348802951,-1.353152474,-0.425031309,-0.131875259,-0.504254102,-0.513769623,-0.85207049,-0.063483148,-0.317129251,0.608012439,-0.796208407,0.839468601,-0.049677123,0.27700341,0.784007027,0.375328571,29.99,0
141844.0,-0.379502813,-3.960387412,-2.375542416,2.165663645,-1.085937026,0.253596366,1.481782539,-0.363354823,0.269231241,-0.152057093,0.358686013,0.899152505,0.248478637,0.61294957,-0.381855987,0.273118014,-0.805824614,0.968683323,-0.627354204,2.232888767,1.174574368,0.845962351,-1.235659726,-0.359161909,-0.026706185,-0.364986542,-0.206391847,0.148129879,1225.0,0
117842.0,-0.505856487,0.722709702,-1.459692666,-1.620853801,2.854048983,3.868649265,-0.855012209,-1.707282837,-0.530859788,-1.067631047,-0.301344218,0.272923583,-0.580980034,0.790215761,-0.038773456,0.025842574,-0.346812601,-0.786898771,-0.325636113,0.489407719,-1.483568621,-0.28150352,0.461887151,0.668560557,-0.55439854,0.133869426,0.006501935,0.049161667,1.98,0
70989.0,-1.541120898,1.089767826,0.172636717,0.987065587,1.579992608,4.481166548,-0.950301493,1.698481844,-0.466126903,0.334204772,-1.047805354,-0.101255005,0.024427101,-0.117384882,-0.320590645,1.003540916,-0.710187058,0.426860396,-0.308568461,-0.310080531,-0.009304639,-0.214611638,0.072440591,0.985137389,0.010032415,-0.138751313,-0.837945418,-0.323447175,30.8,0
118447.0,-0.956783509,0.581843165,0.697024568,1.482337147,-1.787814821,1.656887376,0.897213427,-2.804830383,0.159515659,-0.607415074,-0.913003704,1.25672575,1.136577549,-0.358729709,-0.680013634,-0.639050264,0.437241536,-1.026036695,0.92854167,-0.778648062,1.537831496,-2.464772063,-1.777005782,-3.27e-05,1.044074625,-0.691541048,0.702671709,0.028527914,604.92,0
62385.0,-1.061163876,0.91721179,1.94650845,1.067128296,-0.392921467,0.380015818,-0.321598528,0.817785438,-0.848282829,-0.334102716,1.089965758,0.100829075,-1.03392293,0.851335589,1.266207757,0.039972336,0.065404929,0.721932896,0.500058328,-0.036932508,0.304064364,0.647368337,-0.236832673,0.008354914,0.171129247,-0.103922266,-0.008450639,-0.014593889,15.0,0
82437.0,1.089446315,0.19607185,0.232166603,1.172553624,-0.242437071,-0.910295851,0.407577033,-0.323102502,-0.210270032,-0.058101895,-0.184959647,0.836006809,1.222692315,0.166493601,0.796807901,0.002442356,-0.49255681,-0.284138393,-0.404921545,0.097746291,0.090300756,0.183462437,-0.184464548,0.435246886,0.69891379,-0.341095785,0.006427659,0.037006767,84.97,0
168864.0,-1.015959795,1.46134002,-0.482275414,-0.84383262,0.115507461,-0.449338707,0.208564187,-0.489657394,0.026473597,0.066619356,0.14437838,0.434944642,-0.859929716,0.664779448,-1.003917827,0.337322376,-0.545128871,0.006317839,0.348747016,-0.404565332,0.632575223,-0.878630841,0.217945192,-0.45659533,-0.500877263,0.104836357,-0.401150627,0.022880697,8.99,0
76669.0,-1.236933679,1.385987311,1.795399747,0.606627457,-0.278865035,-1.110030241,0.496777632,0.213502073,-0.980607009,-0.707590497,-0.006569504,0.707945342,0.902605607,0.356292315,0.706860276,-0.052190029,-0.109969945,-0.243249765,-0.324775441,-0.104603222,0.107873866,0.125318643,-0.173811382,0.923648864,0.434469812,-0.451929886,-0.189989378,0.012310922,2.49,0
162043.0,-0.094409687,-0.510800892,-0.239127348,-1.886592103,0.149555036,-0.407581789,0.786818714,-0.13290601,-1.120147844,0.0134156,-1.328639068,-1.466572098,-0.713880862,0.047242832,-0.115420472,1.048529819,0.055469986,-1.426379109,0.693429524,0.359645487,0.080771445,-0.250026018,0.410116642,0.20159706,-0.348850012,-0.49503496,-0.012747322,0.071261664,156.2,0
80293.0,1.471204076,-0.33490784,-0.358489945,-0.735890452,-0.501917381,-1.205453271,-0.066877363,-0.359563508,-1.05426039,0.700697674,-0.633628381,-0.995203088,-0.306073911,0.19065412,0.50311919,0.854739233,0.304859703,-1.423564394,0.773726451,0.04827395,0.161862869,0.377014392,-0.203676179,0.067321635,0.824139385,-0.061591221,-0.032815144,-0.002435347,15.0,0
57183.0,1.235044522,0.231200772,-0.531891196,0.833794581,0.540889526,-0.234291939,0.470420529,-0.244209691,-0.12813299,-0.020794409,-1.538617472,0.036757886,0.767864984,0.295231556,0.827074572,0.309268276,-0.896487372,0.097008455,0.221972983,0.057557984,-0.077683847,-0.286350435,-0.328148501,-0.989922968,0.910986874,-0.279988793,-0.006591542,0.014625428,66.38,0
128481.0,1.20474875,-1.101275089,-2.913016115,1.445226533,0.653025441,-0.71511529,1.46021619,-0.440971322,-0.452206736,0.376106116,0.685896229,0.258498823,-1.315447785,1.409943675,-0.784544685,-0.598208906,-0.350478836,0.18311144,-0.203590983,0.557185034,0.611755566,0.846686548,-0.56690943,0.747871494,0.652930413,-0.288923807,-0.149638841,-0.007603509,444.28,0
115706.0,0.036313986,-0.072572507,0.446395508,-1.626697732,0.575580358,0.561232963,-0.070152744,0.159618055,-1.420047963,0.417013789,0.10539395,-0.225590544,0.660966012,-0.19577078,-0.37502058,1.033006505,-0.053922025,-0.885422669,2.463632254,0.328603046,-0.152300716,-0.583193261,0.141744566,-0.392103346,-0.893932158,-0.564734742,0.189399051,0.189774644,19.95,0
69131.0,-1.624210817,0.295446179,2.498563065,2.992411676,-0.683011852,0.714957436,-0.18952745,0.815765365,-0.83697363,-0.229408658,-0.808713503,0.166715934,-0.146842627,-0.11861961,-0.261183682,-0.390249245,0.79665783,-0.58622539,0.058068169,0.349241339,0.078529785,-0.113545677,0.209357647,0.383254868,0.055199574,0.091406033,-0.033797007,-0.052330325,135.36,0
119622.0,0.522983587,0.81783084,-0.145826333,4.507147741,1.221916629,0.400634343,0.747010959,-0.37746844,-1.692708339,2.182057089,-1.086847818,-0.744146168,0.639636442,0.137035476,0.866858074,-0.103416709,-0.287853833,0.260478491,0.858488465,0.105491122,0.291767635,1.123817173,0.032902064,0.614118377,-1.113481296,0.318242816,-0.05408419,-0.176587859,78.69,0
35301.0,1.362908832,-1.810849493,1.211208663,-1.122935115,-1.923964929,1.287534772,-2.076455078,0.446855408,-0.368041647,1.162514335,-0.880274353,0.002665782,0.358565888,-1.543573545,-2.605524236,-0.603330009,0.641183906,0.739722745,1.096996789,-0.245249224,-0.27030365,-0.013094541,-0.209359411,-0.803624539,0.506681501,0.00669891,0.103103674,0.017068475,50.0,0
22036.0,1.237836662,0.252845162,0.523988795,0.63961958,-0.243036557,-0.446703477,-0.176525616,-0.085865703,1.180197514,-0.251177386,2.038927849,-1.865163165,1.348260193,1.966909001,-0.318196188,0.592929486,-0.027172872,0.404844759,0.093743907,-0.146501587,-0.382786417,-0.927343846,0.099937417,-0.078772199,0.187286265,0.060484028,-0.06433614,-0.001665604,4.49,0
113747.0,2.073983917,-0.101378002,-1.643892167,-0.04934635,0.490096565,-0.312578364,0.042090123,-0.107172781,0.548006636,0.074569912,0.479367401,0.739870008,-0.078271672,0.668781918,0.252219118,0.08564194,-0.97729701,0.790016894,0.297519356,-0.208149366,0.281247657,0.917916177,-0.05977108,0.214038153,0.385175067,-0.439784725,-0.001789299,-0.062510994,1.0,0
169559.0,2.053083143,-0.096540769,-1.077025722,0.414011384,-0.158644041,-1.141421467,0.134938523,-0.279715081,0.618460724,0.080032775,-0.779012032,0.182999043,-0.458052231,0.384206751,0.144241498,-0.139480417,-0.20207799,-0.894993764,0.077736471,-0.263910282,-0.289351873,-0.717893152,0.353172254,-0.027408489,-0.330974739,0.202799743,-0.070944092,-0.061612049,1.78,0
128251.0,1.969428293,-0.024761017,-2.047960602,0.156687374,0.678584556,-0.30490926,0.115794369,-0.122141176,0.667346865,-0.780683497,0.566737151,1.213163915,0.993729197,-1.65091417,-0.805930808,0.41654087,0.566721167,0.694331369,0.688259642,-0.001534816,-0.229744662,-0.449328573,0.006169282,-1.193716992,0.04976237,-0.046638613,-0.007014716,-0.030466653,46.9,0
124389.0,2.013303648,-0.682107017,-1.438484575,-0.551641129,-0.14958235,-0.497536019,-0.117294227,-0.202154733,1.567972836,-0.520141521,-1.231007772,0.741314114,0.175462634,-0.246263988,-0.817559237,-1.037758871,0.250287703,-0.532341468,0.661416607,-0.091647715,0.253660651,1.096497241,-0.121786746,0.763501887,0.355433541,1.036537905,-0.074823723,-0.066197744,45.0,0
84973.0,-1.040207451,0.61647473,0.607669944,1.139880109,-0.757486901,0.067783875,1.410311641,0.347315166,-1.029325215,-0.706140122,-0.421167565,-0.100388178,-0.393138331,0.882202714,1.202977823,-0.310124499,0.280162437,-0.683867005,0.230430231,0.418079573,-0.117726639,-0.988707526,0.8962174,-0.042603379,-0.647292938,-0.818466967,-0.03656934,0.126601523,282.99,0
83423.0,-2.021516845,-0.046936808,0.276139938,-0.722718893,0.472619394,-1.253660492,-0.141601796,0.091681213,0.71859765,-0.983423039,-0.359276123,0.769645993,0.035446897,0.483617007,1.167157339,-1.632512049,0.825552802,-0.551351217,1.346383483,-0.585962576,0.095159185,0.498707728,-1.004932062,0.213848946,-0.02168176,-0.536430716,-0.124406792,-0.332980003,1.0,0
113517.0,2.055797006,-0.326667773,-2.752040956,-0.842316033,2.46307226,3.173856423,-0.432125924,0.727706201,0.60860587,-0.07518617,0.063504458,0.350563573,-0.141238322,0.690971618,1.275257039,-0.371962125,-0.601956803,-0.052640146,-0.330590448,-0.180370119,0.269764951,0.844626647,0.020674668,0.726211884,0.366624307,-0.398827515,0.027735122,-0.060282151,1.0,0
156172.0,-1.319500454,0.95911159,0.956771914,-0.523700133,1.231402247,0.430979861,0.895928793,0.220343667,-0.288637046,-0.317971082,-0.181083968,-0.313391722,-1.336322516,0.362459598,-0.880122794,0.478704105,-1.115425511,0.701751787,-0.492835909,-0.199193008,0.015757933,0.09601147,-0.395570605,-0.023643193,1.105247542,-0.557071961,0.042115829,0.0703691,10.94,0
76348.0,-0.203516957,0.650884048,-0.04278159,1.070549228,1.053382558,-0.267363385,0.757272764,0.016640397,-0.442930757,0.293577997,-1.287255256,-0.95996763,-1.14330604,0.783012264,1.266091727,-0.650348768,0.013294065,-0.069277402,0.638582222,0.180340417,0.157345423,0.501391122,0.084044472,-0.785756781,-0.790852703,-0.270342185,0.483652568,0.298652521,40.67,0
49287.0,1.121377069,0.192337817,0.79667865,1.51080048,-0.390177638,-0.162770806,-0.052809712,-0.02756957,0.317764898,-0.197778922,-0.15122823,1.28323991,0.976133282,-0.32299728,-0.356924912,-0.849547709,0.334589532,-1.092488478,-0.528261008,-0.12316437,0.003795938,0.348931114,-0.068168561,0.45322071,0.6602747,-0.266000504,0.06203453,0.02478861,9.99,0
72395.0,-2.069735898,-0.699808866,-0.068847697,1.411191586,-1.171418866,1.221297475,2.461805888,-0.442760499,-0.287863998,-0.015112913,-1.000406505,-1.040915222,-0.797693767,0.361633029,1.950214758,-0.000476834,-0.211463724,-0.117357607,0.750485007,-0.557969994,-0.380333613,-0.384880869,-0.722649613,-0.711147273,-0.537680919,-0.455668492,0.169229428,-0.999590776,579.55,0
61927.0,1.208200664,-1.637533773,0.596797947,-1.379473708,-1.850221708,-0.200910501,-1.273778058,0.035721743,-1.720240345,1.538926745,0.785181891,-0.552037323,0.163793368,-0.255981784,0.213874482,0.188179943,0.030133174,1.06922768,-0.101650121,-0.043657176,0.104080361,0.364738486,-0.20065615,0.012856851,0.31951983,-0.057647679,0.022743068,0.037098732,150.0,0
69531.0,1.145247135,0.145384662,0.247102009,1.081636456,-0.188536536,-0.358439393,0.035497732,-0.01266651,-0.181867868,0.232514183,0.900033002,0.493327864,-0.460060171,0.607823497,0.318145456,0.470508819,-0.816384475,0.600872003,-0.067704884,-0.077627411,0.116126952,0.245752439,-0.188329801,0.002818537,0.658925448,-0.280014088,0.004082932,0.013746341,39.99,0
59662.0,1.144865353,0.098601225,0.375832981,1.413630791,-0.258546178,-0.210709143,0.008849083,0.041913885,0.4535909,-0.09735287,-0.7193876,-0.043806663,-1.211048574,0.283465997,0.02498178,-0.671969995,0.326511283,-0.844593993,-0.364156161,-0.240243622,-0.10815345,-0.148823348,-0.058110392,0.053047121,0.622565772,-0.309659888,0.031060669,0.015298345,18.15,0
137031.0,2.1342544,-0.967396858,-0.491561214,-0.327091856,-1.244314796,-0.664962538,-0.990801268,-0.094996287,0.204306701,0.879962302,-1.435974783,-0.524684735,-0.387899782,-0.128160858,0.427991695,-1.149159709,-0.242736469,1.564563862,-1.02119521,-0.644396826,-0.080711211,0.418840064,0.137822903,-0.088779922,-0.248081544,0.84850304,-0.019952972,-0.053463105,9.0,0
156524.0,1.918119026,-0.435575187,-1.476944333,0.274863481,0.673310693,0.962940284,-0.251102206,0.268031208,0.901275448,-0.099876584,-0.608830529,0.281181733,-0.71826069,0.243267188,0.266696891,-1.384070067,0.831773329,-1.861995872,-0.973490841,-0.328116005,0.20011365,0.92404445,0.118145896,-0.271894503,-0.018823422,0.794263255,-0.025165938,-0.076880449,12.31,0
61278.0,-1.229617542,-3.753203602,-1.260617623,2.34628117,-1.297023915,0.035338646,1.848399305,-0.377847783,0.027686515,-0.608942605,-0.541570043,0.009928581,-0.753467837,0.726979135,0.489457428,-0.465231565,0.251434838,-0.529717043,-0.883924059,2.304399632,0.743909504,-0.554064911,-1.214423037,0.131783799,0.277150373,-0.362074304,-0.216895254,0.227171236,1259.0,0
140547.0,-1.440289051,2.558859,-0.70246699,4.148345788,0.029694252,1.165469118,-0.614388691,1.58224213,-2.18364337,1.834158918,-0.395760455,0.059231475,-0.005477199,1.281045867,-0.278716719,0.220673308,0.331579462,1.010999004,1.364939506,0.227093186,0.448542113,1.252437476,-0.114320908,0.249722084,-0.308658398,0.612440647,0.314706653,0.187210412,10.59,0
57950.0,0.966631444,-0.357798763,1.210807334,1.032860058,-0.986139284,0.229129908,-0.720632131,0.235003755,0.450253261,0.064361675,0.934388069,0.799639951,0.27646037,0.021522059,0.909204264,1.064228509,-1.137524134,1.215530095,-0.40575495,0.106208894,0.338938212,0.802955072,-0.204059046,0.030484734,0.351382071,-0.261828402,0.055648973,0.046197498,99.6,0
68497.0,1.134746267,-0.038302687,0.762561768,0.719866573,-0.52025658,0.014613802,-0.31667018,0.192343673,0.296568068,-0.073301097,1.405681131,1.186007107,-0.446217183,0.17478385,-0.573143646,-0.329890607,0.115476609,-0.713102351,0.078938769,-0.177116129,-0.21312149,-0.446506445,0.128193841,0.232814636,0.199703177,0.182186842,-0.002851581,0.003786832,0.0,0
62251.0,1.174361563,0.573547506,0.44964764,2.276323433,0.075889827,-0.19254579,0.158058562,0.075231671,-0.976107372,0.872434725,0.797522456,-0.030330556,-1.189883623,0.831332765,-0.116544574,1.021644454,-0.882773983,-0.080584518,-0.316226473,-0.209576372,-0.472111773,-1.577601821,0.229781765,-0.110774458,0.108036454,-0.483340356,-0.031301071,0.01231994,3.99,0
97408.0,1.954043488,-0.505580609,0.088455224,0.352100737,-0.767807379,0.123595194,-1.09467561,0.128753379,2.472363459,-0.215701708,1.310342059,-1.733344749,1.636116654,1.318148948,-0.614680092,0.977222053,-0.313251111,0.972643339,-0.0468524,-0.193766173,-0.09453508,0.075370436,0.257129395,-0.531541865,-0.59753347,0.452822641,-0.045830967,-0.058398617,15.95,0
60141.0,-0.64660261,0.457961836,2.352201961,2.112380861,-0.261289494,1.605187942,0.10644136,0.600650657,-0.305167825,0.005394063,-0.011161498,0.290441064,-0.915542965,-0.477529799,-2.046100431,-0.027665224,-0.034319652,0.131897715,-0.36363145,-0.000856826,0.199538821,0.715173386,-0.124662157,-0.298522193,0.098633055,0.203859973,0.080627542,0.055331705,83.75,0
94733.0,-0.001854556,0.052544757,0.000805898,0.425660571,-0.151703466,0.292136216,0.94653652,-0.285549946,-0.93915881,0.534874376,1.621381392,-2.380317053,1.905071132,1.992605827,-0.739697474,-2.97217298,1.642411174,1.839665915,2.261331511,0.199071344,-0.29782109,-0.25795419,0.288830392,0.742856096,-0.40776573,0.984710609,0.055017335,0.16300086,180.29,0
36498.0,-1.169923305,1.48131041,1.711818373,0.10594679,0.344159061,-0.313703817,0.96929217,-0.388653598,0.201446429,0.763720519,0.259418303,-0.474423744,-0.323217865,-0.888469179,1.739549243,-0.415019504,0.36330175,-0.545106637,0.261070127,0.544376258,-0.387151126,-0.632956262,-0.180845593,0.018094646,0.038792205,0.202623211,-0.097183904,-0.17031696,5.78,0
43647.0,0.95544334,-1.084736791,0.126945422,0.37602434,-0.494271103,0.956506779,-0.503505488,0.078909572,-0.52714224,0.529597558,-1.781141085,0.186738283,1.546376489,-0.473905627,0.57907599,-1.355784294,-0.343818351,1.345983313,-1.017848379,-0.04791718,-0.171165436,-0.22358596,-0.38908967,-1.310838471,0.597607119,-0.130920417,0.060582396,0.054454817,214.0,0
167397.0,-3.665040983,1.485037501,-2.453236975,-0.573033981,0.451813042,-0.193621573,0.940279369,-0.303792886,1.177503554,1.465916845,-0.007034065,0.578483396,-0.374816215,0.265401526,0.343365582,-1.909369124,0.818364613,-2.168318977,-1.316791634,-1.168538256,0.511186834,1.225417808,-0.412156387,-0.528073516,-0.584538002,-0.487004793,-3.698725955,-0.232653163,26.73,0
119510.0,1.95277489,0.089935708,-1.749556693,1.187851366,0.694499737,-0.415918715,0.499283176,-0.172161144,-0.04463693,0.415302388,0.698070382,0.874322424,-0.527133557,0.761692008,-1.152075098,-0.510760376,-0.380294737,-0.108514194,0.062581597,-0.230109568,0.108188731,0.406886876,0.008340512,0.704507421,0.428715257,-0.544363107,-0.028770274,-0.061594388,29.99,0
42410.0,-1.440439753,-1.291455772,2.272246932,-1.810261241,1.391988632,-0.953589093,0.355877742,-1.267518607,-0.387096257,1.801609916,1.590994968,-0.165933846,0.929648691,-1.587128091,-0.272314731,1.273805468,-1.068015436,-0.966364859,0.452066642,-0.083208866,-0.12519018,0.638985313,-0.689934166,0.082057047,-0.331164277,-0.644539221,-1.160235787,-0.698389418,21.68,0
47921.0,-0.976418116,1.488429975,-0.125821465,0.597819964,2.484204797,2.026601442,-1.492794422,-1.959615871,-1.178364939,-1.281963205,1.629191323,0.943764128,0.427272019,-0.80749876,1.523645711,-0.403508052,1.804688126,-0.323158911,-0.840009897,0.560193072,-1.084988126,0.934587497,-1.246306279,-2.251180628,-0.789638726,-0.197972761,0.291616722,0.240707026,1.0,0
122207.0,1.314379786,-1.473604141,-0.460956937,1.968321949,-1.130709203,0.100687942,-0.331973999,0.072099381,1.779845325,-0.119520057,-1.824084553,-0.091179452,-1.495744236,-0.265760672,-1.156383386,-0.493381873,0.11512307,0.143700676,-0.337505666,0.242381336,0.421894246,0.964486776,-0.300656784,0.016944594,0.119141224,-0.314550976,0.010641571,0.010614513,316.0,0
12486.0,-1.303585811,1.797253722,0.402989448,0.912416566,-0.295205625,-0.37379586,-0.128221108,0.838366046,0.400167584,-0.358899573,1.530040085,-1.836228119,1.530180053,2.533230491,-0.426048737,0.169594825,0.513130408,1.067700276,0.568995659,0.018161785,0.041921649,0.283304065,-0.095551646,-0.052430554,-0.115518189,-0.344066177,0.250412548,0.119070369,15.0,0
5351.0,-2.905390351,1.445036946,0.457825144,0.080002811,-0.361364242,-0.363474078,-0.432972703,0.817428358,1.18914161,0.223633261,2.112765293,-1.918170065,0.844011708,2.293399539,-0.188923888,0.301969707,0.68390334,0.07059649,-0.231434154,-0.358854037,-0.294964262,-0.654344478,0.074363647,-0.067224495,-0.376682146,-0.011763351,-0.347972607,0.238471723,14.37,0
163891.0,-0.091426186,1.290938344,-0.534285451,-0.601803485,0.957152554,-0.58568487,0.766699055,-0.931949472,-0.088410293,-0.788064549,-0.668025486,0.30987842,0.762413925,-1.148426384,-0.331034013,0.335595912,0.345607536,-0.259159437,-0.20826692,-0.09670993,0.421700538,-1.053397225,0.18537419,0.479524757,-0.361514529,0.122921939,0.264927015,0.091232925,6.45,0
48183.0,-1.179120568,-0.884454378,-0.370198623,-0.712717156,-0.150579706,-0.80987816,1.909189493,-0.133197395,-0.433078329,-0.428846264,0.552858724,-0.398374399,-1.683040015,0.902711383,-0.487645406,0.478061048,-0.77561731,0.387131858,-0.18026854,0.877123222,0.374302974,0.246813539,1.004637021,-0.031392536,-0.751458747,0.738229961,0.178784202,0.289858765,392.95,0
49066.0,1.346577035,-0.498505773,-1.307547604,-0.710650844,1.73394968,3.351983352,-0.729836446,0.740068103,-1.21041987,0.867875585,-0.389969339,-0.263977888,0.279939235,0.378661116,0.955636992,-1.126690658,-0.670247194,1.639612347,-0.77043637,-0.356322619,-0.367295943,-0.766798106,-0.082404807,0.962382213,0.725338078,-0.314756522,0.036022314,0.024136939,37.92,0
58250.0,-1.012324241,0.656529891,1.592003911,-0.39222338,0.416572944,0.145967759,1.264194646,0.173093274,-0.500666417,-1.043204832,0.824381618,0.988018042,-0.325185738,0.04421399,-2.036691119,0.02622206,-0.624878223,-0.485504067,-1.642950159,-0.128935428,0.080116725,0.149510811,-0.102459705,-0.006364469,0.44444709,-0.642627997,0.041547654,0.086222018,94.15,0
154956.0,1.923704466,-1.099443904,-2.820769397,-2.478758753,1.910186785,3.003335254,-0.57997887,0.719215433,1.662451707,-0.907293673,0.139245804,0.770022026,-0.160721416,0.472437798,1.301801041,-0.867950812,-0.21933688,-0.295847264,0.62628164,0.044718912,0.113135953,0.292232855,0.056778756,0.755808564,0.099053797,-0.161911016,-0.001523353,-0.048613181,91.99,0
143570.0,2.043508142,-0.046014321,-1.159454175,0.216713295,0.146374877,-0.686091819,0.132062732,-0.215720316,0.17476564,0.217830842,0.817031194,1.475037476,0.887509499,0.283113819,-0.730647206,0.144382892,-0.703719335,-0.374653342,0.550509605,-0.149396911,-0.24908702,-0.575415033,0.278481453,-0.312681755,-0.256820588,0.195490673,-0.069303334,-0.071613341,1.29,0
2302.0,1.057595635,-0.657280654,0.93817091,0.11489301,-1.072728897,0.147761816,-0.690351196,0.221577368,1.005455467,-0.306314818,0.556775987,0.999438936,-0.336117599,-0.304090709,-0.937599241,0.196500492,-0.208323046,0.015562977,0.86072161,0.066740447,-0.165452313,-0.422629212,-0.030850215,0.079956071,0.115239041,0.938962184,-0.053051927,0.01231866,78.0,0
29597.0,0.891330305,-0.558387167,1.028014889,0.916191523,-1.132364449,-0.310521312,-0.341518223,-0.058123301,0.638859045,-0.280099718,-0.455963084,0.887950345,1.200046723,-0.482057884,0.545707193,0.2976771,-0.38894631,-0.062645026,-0.318745272,0.294975561,0.204309744,0.446318573,-0.208551175,0.491252679,0.329700009,0.446388078,-0.00954027,0.055008981,165.0,0
86726.0,0.034315089,0.819619208,0.291432032,-0.574942451,0.382951533,-1.15761254,0.959925206,-0.178879407,0.029274712,-0.393283251,-0.999827723,-0.109832446,-0.465784013,0.207861688,-0.351357249,-0.074508229,-0.377709236,-0.693512814,-0.083355804,-0.069636344,-0.265249666,-0.609525429,0.074628107,0.026612727,-0.506643096,0.139405639,0.244222914,0.096687332,0.89,0
151619.0,-2.568978456,-0.420916232,0.19350184,0.260033954,-0.533341651,0.239326722,0.375308942,0.854349738,0.241649689,-1.59855792,-1.960634674,-0.032080805,-0.884134868,0.37609242,-0.931058579,-0.759391666,0.680939685,0.189498657,0.735534324,-0.186980542,0.328987062,0.905944293,-0.217013412,0.763849929,1.250685135,0.249050291,-0.111778671,-0.465500455,173.83,0
155035.0,2.289242,-1.480567382,-0.927512449,-1.796563481,-1.049441666,0.122196767,-1.433107625,0.070134866,-1.230071011,1.726096987,0.138406315,-0.424192442,0.238958459,-0.34670576,-0.663406666,-0.052132593,-0.011250107,0.741935206,0.284961718,-0.402766911,-0.137996825,0.061449054,0.223650848,0.1659469,-0.230724613,-0.195549319,0.01628575,-0.054073578,12.0,0
80247.0,-1.967149638,0.536250644,0.94760695,-1.863645611,-0.912120582,-0.7364096,-0.626818642,1.004423272,-1.619202292,0.051888231,0.661669061,-0.166013571,-0.290405838,0.504106304,-0.450084916,1.925570479,-0.004031292,-0.773027386,0.460078632,0.216505045,0.00680687,-0.455471246,-0.175542205,-0.049177601,0.385685403,-0.539808073,0.136084789,-0.028590972,25.14,0
68156.0,-0.679090471,0.876237825,1.55251312,-0.064216383,-0.066319213,-0.912045269,0.877967782,-0.227314005,0.106851969,0.22988143,-0.466716942,-0.699485761,-1.042951197,0.070313125,1.022254467,0.159482826,-0.453196953,-0.257162975,0.003899513,0.221525401,-0.330271435,-0.669783782,0.080114302,0.326675616,-0.17457133,0.055812335,0.221364186,-0.053225968,26.99,0
76212.0,-1.384398133,0.995015112,1.598833896,-1.390719704,-0.203326146,-0.816548187,0.758928724,-0.124983205,0.728120761,0.369730411,0.150306679,-0.053719633,-0.358500435,-0.375562862,0.855954784,0.095191981,-0.399310198,-0.947156825,-1.248524812,0.400432817,-0.193887303,-0.078091801,0.008595136,0.418521688,-0.328846654,0.715689542,0.414087422,0.209049321,30.0,0
7113.0,-0.393952716,1.210224901,1.311873603,0.01202229,0.584390632,0.068391702,0.490381826,0.102919951,0.515963776,-0.781985802,2.512378488,-1.453279988,2.589007847,1.03529401,-0.364901968,0.311539486,0.598876552,0.179672867,-0.245080239,0.112063048,-0.347755716,-0.636593819,-0.04166902,-0.396255532,-0.213973425,0.062979141,0.237610213,0.076624343,1.78,0
48083.0,1.144163166,-0.079799528,0.835455722,1.414031897,-0.559849028,0.313754393,-0.452133959,0.231581981,0.714400519,-0.026303379,0.24471766,0.89149729,-0.72970711,-0.142611432,-1.576460188,-0.211498129,-0.180256895,0.224667892,0.519894623,-0.18125733,-0.089288356,0.025196411,-0.145912828,0.025132886,0.683902654,-0.283138231,0.049281597,0.011274355,7.0,0
94115.0,-1.697232675,0.223750465,0.577038018,-0.083494366,1.571800613,-1.15905552,0.163504797,0.136698428,0.4903251,-1.432660737,-0.429277801,-2.071227293,3.035377549,1.933726231,0.001033465,-0.178145669,0.273313828,0.623911429,0.290241219,0.271683763,0.232821859,0.478258692,-0.695727931,-0.62307694,1.099451761,0.091399791,-0.097014084,-0.216852334,1.0,0
52290.0,-1.103617441,-0.394461583,1.778787641,-1.704186609,-1.31621783,1.849462782,0.292784398,0.200325587,-1.083533914,0.180261869,0.360023041,-0.507245222,0.980432219,-0.78871261,0.848718805,1.951779334,-0.54783224,-0.018685833,0.811430603,0.035534383,0.41912557,1.366388675,-0.245434043,-1.274238254,0.378530821,0.078413765,0.020157353,-0.010011959,258.5,0
78421.0,1.151012834,-0.031537735,0.634935477,0.708081226,-0.440600847,-0.176576373,-0.139367627,0.001962819,0.453750641,-0.292314487,-0.319881551,0.879754083,0.530500893,-0.204570382,0.061848387,-0.496573443,0.256878353,-1.265191293,-0.113375313,-0.072102171,-0.258161425,-0.553964115,0.089489712,0.125860297,0.254388437,0.311943384,-0.006461679,0.016403079,24.11,0
160820.0,-1.313500811,1.597283412,-1.137409646,-0.350831032,-0.260185582,-0.750706671,-0.319541542,1.005810957,-0.696751512,-0.483553202,0.16275584,1.453377695,0.712960511,1.084570287,-0.989576451,0.311519749,-0.161618771,-0.057212443,0.820193339,-0.502317564,0.047687844,-0.36432128,0.188621028,-0.316936275,-0.906484272,0.095232901,-0.822989872,-0.123964618,1.98,0
1447.0,-1.402639482,1.349529222,0.750454857,-0.923128705,-0.06184724,-0.080807841,0.217157975,0.650294549,0.191454492,-0.16381761,-0.084517084,0.502227826,-0.584236304,0.185138718,-1.31108037,0.325326485,-0.493651127,0.176119968,0.453580666,0.168678193,-0.228202968,-0.475329125,-0.204644189,-0.486189589,0.203750822,0.424468355,0.362864972,0.202212976,5.0,0
116184.0,2.269069034,-0.521623868,-2.272006575,-0.567552306,0.283078107,-0.82761106,0.138022893,-0.369818094,-0.697172751,0.980908261,-1.610410332,-0.774028235,-0.789785521,0.597188317,-0.243748725,-1.997762843,0.107148292,0.761129576,-0.477477953,-0.674306527,-0.310211997,-0.293115602,0.054750193,0.285417581,0.272816426,0.83029502,-0.10489162,-0.082505754,2.0,0
135688.0,-0.827132648,0.645472548,1.264192923,-0.8776617,-0.336139623,0.566620546,-0.549801421,0.943758968,0.403729927,-0.676889925,-0.182173509,-0.000115413,-1.173186629,0.238713224,-0.406290867,1.008941576,-0.80354967,0.974588816,0.08840102,-0.10008989,0.081909614,0.19250001,-0.04022659,0.334997111,-0.566240763,0.32134749,0.244384198,0.148239016,2.49,0
60514.0,-0.756788828,1.005115009,1.201384115,1.121133586,-0.526937543,-0.132697534,0.762795791,0.090791738,-0.025731468,0.46456047,0.886606986,0.206986298,-1.474367204,0.265616035,-0.711971179,-0.566499229,0.098326046,0.259000717,0.922298976,0.087341329,-0.098014119,0.040805534,-0.136964742,0.508948852,0.236918066,-0.2937121,0.315677682,0.111818922,84.98,0
42629.0,1.211548557,-0.165301254,1.040853379,0.748804809,-0.835772154,-0.019663109,-0.616142834,0.090271683,0.931572958,-0.246948977,-1.140072574,0.393998631,0.351267106,-0.479760907,0.211698154,0.297645101,-0.367452166,-0.100387742,0.144737739,-0.065593868,-0.12033834,-0.144298359,-0.035502277,-0.072702559,0.327089693,0.346906602,0.017273308,0.023074008,11.5,0
22113.0,-0.330426953,1.335342614,1.795151919,2.490270314,0.461014618,-0.361708937,0.604902204,-0.172053615,-0.164913581,0.089156759,0.32993425,-2.655872943,2.251450456,1.566994061,-0.204945915,0.220668225,0.315138578,0.277595214,-0.455961086,0.011075112,0.048357824,0.368782371,-0.110769242,0.347710686,-0.384768549,0.020920051,0.121083151,0.161796079,7.57,0
59267.0,-4.121786795,-3.739946292,1.000856192,2.156283532,1.327022546,0.522715205,-1.052202414,1.190188327,0.014873872,-0.576946487,-0.568715157,0.483340356,-0.294886435,0.297206414,-0.183166426,-0.131546513,0.153686335,0.819977383,1.434722524,1.90892164,0.385842082,-0.552644159,0.485440097,-1.370117343,0.471169366,-0.189019792,0.20234783,-0.463805067,368.09,0
39124.0,1.219203845,-0.796348813,-0.691467304,-1.715072263,1.277126506,3.63756939,-1.107577466,0.995035355,1.936385699,-1.155007177,-0.478654546,0.822676448,-0.141781993,-0.255286941,0.424935019,-0.577685404,-0.279926008,0.274112438,1.287339729,0.053024038,-0.199351205,-0.42042984,-0.089318519,1.022708933,0.701460219,-0.717520131,0.095403744,0.032086839,36.0,0
3110.0,1.116050252,0.354819024,-0.014955648,2.15459652,0.674664462,0.711815449,0.197260012,0.062514626,-0.746145944,0.600869479,-1.47406271,-0.282504437,0.558450781,0.226323426,0.835761765,0.811834151,-0.86634441,-0.476965046,-0.778633084,0.016343738,-0.217849043,-0.793077731,-0.111015409,-1.364367668,0.436061212,-0.089670643,-0.008446985,0.020286499,71.45,0
123558.0,0.052937868,0.114659024,-0.673002516,-3.046585998,0.098313533,-0.49779781,-0.536709885,-2.930759874,-0.903081304,-1.086248208,-1.473177415,0.168105071,-0.121168609,0.592231504,-0.895142444,-1.246213476,-0.388187135,0.549022472,-1.706223333,0.032747,-1.809000412,-0.786046895,-0.024707903,0.460808441,0.763898854,0.371132316,-0.002646762,0.248561592,27.41,0
158047.0,1.987416359,0.128297718,-2.172226602,1.110943842,0.884337849,-0.814837086,0.770939535,-0.36824916,-0.037276248,0.356820414,-1.135260192,-0.357502387,-0.783769966,0.944605703,0.384289693,-0.309600369,-0.477193755,-0.269389978,-0.336905629,-0.18785421,0.12525323,0.28559903,-0.049824938,0.394706531,0.474202643,-0.4991324,-0.049544989,-0.052109229,59.7,0
70396.0,1.170507742,-0.056688801,0.615255111,0.785465423,-0.702704513,-0.530472102,-0.198711538,0.065498418,0.370906801,0.009196952,1.014423201,0.595612496,-1.350708812,0.377278192,-0.794905119,-0.089354696,-0.076443682,-0.137976795,0.438817759,-0.188184256,-0.179641511,-0.434262609,0.038673521,0.547619301,0.355850585,0.242495872,-0.034050554,0.00260506,8.62,0
28761.0,1.335053154,0.331464026,-2.057762777,-0.346175355,2.583233822,2.854101997,-0.187547337,0.68515377,-0.286614069,-0.535902735,0.332848418,-0.268318739,-0.127614196,-0.868299961,1.128538982,0.786506054,0.316435261,0.587856253,0.049350083,0.045217441,-0.191819983,-0.650117796,-0.114069464,0.9159356,0.73007304,0.383879418,-0.031902304,0.029849341,0.76,0
50084.0,-0.847024372,-0.151573667,1.750276099,-1.956622054,0.756848889,-0.20312885,1.004741563,-0.689610163,-1.391849751,0.94282285,1.243856281,-0.016287955,0.155723074,-0.425977122,-0.14669407,-1.602504398,-0.56661313,0.857370317,-1.012966591,-0.311103822,-0.471125312,-0.508975084,-0.380497062,-0.269976646,0.172230791,0.858723046,-0.81869454,-0.55195538,30.0,0
79232.0,1.20353248,-0.412005893,0.878225366,-0.772895953,-1.041910418,-0.359936037,-0.664474194,0.117164077,1.849140038,-1.117851353,-0.252464238,0.715839949,-0.268765505,-0.079052328,1.546879807,-0.725254763,0.145446475,-0.23576311,0.198968165,-0.170829855,0.012901892,0.311695779,-0.003638106,0.092382803,0.420313222,-0.656189665,0.108772785,0.031438705,1.0,0
172582.0,-0.527516434,-0.52029527,-1.223259713,-2.859174148,0.504635475,-1.59772732,0.30858346,-0.060937758,-2.920629725,0.642626347,-1.369306331,-0.955255688,0.683598554,0.373541879,-1.098384952,-0.716507312,0.356402388,-0.168691157,-0.803374659,-0.312450437,0.233154143,0.673689174,-0.04974209,0.686058166,-0.317748683,-0.204955622,0.04131095,0.056361644,42.0,0
141520.0,2.118823451,-1.147999677,-0.804249615,-1.079545117,-0.747227906,0.210682497,-1.188389684,0.171735432,-0.002350351,0.90826732,0.378375143,-0.333923704,-0.46984853,-0.182883599,-0.326058042,1.481381322,-0.207238659,-0.472545568,0.843825943,0.008127562,0.34725395,0.952874274,0.102348176,0.239172739,-0.1458035,-0.10758395,-0.003547959,-0.05458206,29.95,0
87637.0,-0.607365565,1.43838969,-0.839168736,-0.883971526,1.002701031,-0.297369517,0.873651664,0.089637852,0.251736579,0.24096495,0.906931545,0.637934859,0.195236889,-1.091002388,-0.843923714,0.489311863,0.022813896,0.210311205,0.009636917,0.412286802,-0.399936066,-0.797968266,0.108392143,0.182899142,-0.256547526,0.132373596,0.542349483,0.27253714,15.27,0
113161.0,2.024825854,-0.176527821,-1.43411635,0.085700317,0.148483425,-0.57506383,-0.036593365,-0.053516889,0.67780342,0.098180918,0.839850265,0.348585348,-1.301309662,0.931152009,0.381617747,-0.083777205,-0.653153748,0.655803515,0.022003253,-0.30439871,0.311083168,0.952929539,0.029675012,0.693948898,0.257401345,-0.465650219,-0.005209389,-0.059795553,1.0,0
77432.0,-1.266632431,0.608765643,2.31435947,-0.311888793,0.400146959,2.386364398,-0.342142745,0.981727074,0.207160558,-0.328384677,1.554046449,1.123889628,0.013866788,-0.344252538,0.478101196,-0.980126663,0.703063713,-1.437804578,-0.98596604,0.155016148,0.029698771,0.538990211,-0.172568765,-1.298751865,-0.013131611,0.503377659,0.481822745,0.172094699,14.68,0
127220.0,1.774110503,-0.783925993,-0.214788308,0.419601068,-0.771611845,0.108601909,-0.753688596,0.119142577,1.536079385,-0.241740685,-0.953459154,0.48258789,0.348715375,-0.275024881,0.983479532,0.424920526,-0.683185389,0.247147023,-0.357614957,0.026531105,0.124145881,0.298279459,0.206809899,0.59798244,-0.400664883,-0.448575626,0.037506574,-0.002756484,109.0,0
120715.0,-0.407856936,0.542491872,0.722381643,-1.999996205,0.202108342,-0.441457039,0.43171969,-0.039756381,-1.480508218,-0.428195749,1.085802449,-0.098045518,0.506871729,-1.543790963,-0.954303628,1.622049879,0.763334808,-0.79528417,0.900151578,0.117142453,-0.226425367,-0.797075486,-0.054154005,-0.540155596,-0.353897054,-0.676180276,-0.011039094,0.1375186,19.95,0
32313.0,-0.457664553,-0.018335699,1.815485147,-1.634054182,-0.40856553,-1.011923696,0.564192511,-0.342017622,-1.219096976,0.192165228,-0.718186397,-0.806219927,-0.316749796,-0.153511226,0.45151197,-1.10434887,-0.374081377,1.010525148,-1.227510495,-0.345729562,-0.433647151,-0.8005577,-0.000143638,0.370472616,-0.307494034,0.733774136,-0.167936498,-0.123141264,38.0,0
97195.0,1.982997693,-0.325314164,-1.081457807,0.342139391,-0.081572754,-0.502335321,-0.187548257,-0.179302716,2.279951507,-0.39319336,1.203929944,-1.694808044,0.916869849,1.782521708,-1.788550306,-0.36399006,0.354584019,0.505418792,0.475572627,-0.257100491,-0.032243237,0.371060664,-0.019782244,-0.349060197,0.161170499,0.155535856,-0.065475357,-0.079233229,29.0,0
43649.0,1.277538988,-0.455477043,-0.002625751,-1.986733561,-0.719786682,-1.06514751,-0.111144903,-0.129029412,2.057939299,-1.624714411,-0.077306459,0.844897996,-0.641688896,0.342883979,1.566636639,-1.536412879,0.511450842,-0.647425303,1.013948274,-0.174960197,-0.16374015,-0.196804991,-0.015854267,0.088193905,0.609844768,-0.864336527,0.078492863,0.017456321,7.07,0
31843.0,0.676038511,-1.021860763,1.42713453,1.89782988,-1.341392336,0.808810741,-0.670246438,0.234956102,1.570924287,-0.520094762,-1.633896191,1.141618875,0.78109633,-1.236069175,-1.639998829,-0.42709135,0.14085859,-0.165197503,0.232941106,0.363134455,0.056116183,0.198897365,-0.351436723,0.115650589,0.551671523,-0.230066189,0.071225069,0.076752591,236.79,0
147559.0,2.043591861,-0.141388405,-2.953971373,-0.579777517,2.611084202,3.142011764,-0.419205058,0.784847168,0.360108505,-0.350260015,0.329625811,0.18343604,-0.273230547,-0.597832858,0.583676661,0.178445021,0.473846396,-0.499208351,-0.139539752,-0.12427784,-0.353394179,-0.996013146,0.365027355,0.604736773,-0.263917029,0.219857289,-0.038878794,-0.043091661,0.23,0
49853.0,1.162594501,-0.259409284,0.578097175,-0.048638414,-0.699311333,-0.348902048,-0.3991957,0.028102215,0.18280276,-0.000569812,1.126401876,0.818193211,0.315437461,0.187133908,0.625290663,0.805835202,-0.819826284,0.470205154,0.20380466,0.061309536,0.135179944,0.304242321,-0.11080019,0.09505914,0.239207129,1.068491182,-0.071814869,0.004733088,47.85,0
44520.0,1.043949153,0.154749141,0.170867905,0.904326736,0.56137959,1.081338309,-0.087798319,0.347678104,-0.080605408,-0.188461482,0.611552758,0.719401683,0.222487291,0.451784191,1.977660525,-1.228823556,0.75933987,-2.129442623,-1.924166002,-0.246456619,0.154681252,0.642106246,0.017845721,-0.9469605,0.380923711,-0.201281438,0.085706731,0.00748122,11.74,0
46014.0,1.183441084,0.100782358,0.107604304,0.896065336,-0.064964903,-0.039063895,-0.124679355,0.201847336,0.082903124,0.207263188,0.84912042,-0.343732564,-2.301729765,1.042151813,0.741872336,0.153853858,-0.38903995,0.277529446,-0.300106921,-0.302207449,0.058185793,0.109731147,-0.093729049,-0.357545552,0.552994329,-0.28806294,0.011618358,-0.001723828,2.44,0
48388.0,1.190006855,0.3301095,0.418664287,0.71808873,-0.324112351,-0.784031871,0.031122687,-0.098645584,-0.026927003,-0.333829906,0.48384171,0.54480275,0.36952359,-0.28346124,1.29791733,0.080833287,0.378843048,-0.881314743,-0.681016066,-0.10854463,-0.235927045,-0.637633992,0.19629308,0.366092247,0.107212809,0.10316741,-0.004758827,0.031219685,1.98,0
120365.0,1.973900346,-1.918575977,-0.739473071,-1.322175966,-1.758095779,-0.790068218,-1.073396235,-0.218261719,-1.003950781,1.48482607,-1.023388816,-0.904351647,0.164838972,-0.44187055,0.028075008,-0.466859343,0.523060292,-0.01272225,-0.339217214,-0.154801898,-0.049106045,0.040130495,0.136333677,-0.033849274,-0.365410773,-0.188302817,-0.000959138,-0.019065462,168.0,0
59746.0,1.428827278,-1.165575391,0.914754327,-1.373000358,-1.926597778,-0.610548871,-1.366968147,0.010451507,-1.815556682,1.603463374,1.305541842,-0.341221792,0.108030868,-0.216024298,0.164244115,0.004292498,0.218298397,0.780460926,-0.228969349,-0.325708122,0.004310869,0.359029424,0.010866508,0.51803832,0.268418998,-0.132697033,0.04488169,0.019448033,18.5,0
55230.0,1.206543737,0.334202042,0.63439595,0.754266068,-0.567727081,-1.304004356,0.248683966,-0.346066394,-0.226297182,-0.102725035,0.453368587,1.224257493,1.495839528,0.042095803,0.744114358,-0.013497269,-0.256650545,-0.87035598,-0.320931316,-0.00537634,-0.145117701,-0.368467746,0.11917075,0.962577702,0.289806674,0.134501481,-0.027631013,0.025666333,14.35,0
81329.0,-0.974983927,1.12797863,0.689965394,-2.014529178,0.684584256,0.201616776,0.711036569,-0.147391968,1.097593578,1.182842208,-0.127709773,-0.321010594,-0.379608569,-0.578687017,0.118903824,1.123118018,-1.782581796,0.63389312,0.06944179,0.701324711,-0.395340677,-0.543646051,-0.277564541,-1.389500942,0.079845308,0.775478036,0.259667398,-0.168742855,0.77,0
150169.0,-6.422335783,4.854354618,-3.703623735,4.320708177,-2.226395986,0.220757737,-2.403219475,3.169268915,-1.111665067,3.273226593,-2.323549476,0.561746393,0.846021053,1.888357258,0.359106385,0.471668815,1.356739084,0.440276031,0.998950675,-0.613461682,0.504890707,1.125837928,0.520479634,0.693844506,-0.011976873,0.460262761,-1.979143235,0.268143388,10.59,0
164862.0,-9.109280869,7.401891927,-5.829053338,-1.850936056,-1.899707504,-0.086144088,-2.046983458,3.278497761,3.45329548,5.234122467,-0.5498403,1.045834414,-0.353845603,-0.404413532,0.763373116,-0.442924889,2.453345196,-1.676119581,-1.967977777,1.594005119,-0.293741514,-0.818316571,0.775873893,-0.485303932,0.877761382,0.313614577,-0.478401774,0.654445146,2.49,0
47758.0,-0.583432423,0.719222979,1.993548473,0.006244151,0.250452813,-0.54178488,0.688526472,-0.191202,-0.327518196,-0.175667571,0.351612801,0.773152419,1.363777724,-0.379521398,1.013463678,-0.270730989,-0.24062888,-0.832365981,-0.589310458,0.297264401,-0.004162276,0.287341785,0.029543535,0.440833114,-0.502978156,0.139262383,0.200714432,-0.009569255,17.0,0
164137.0,2.264233641,-1.45997744,-1.222618359,-1.606243981,-1.038305652,-0.505650455,-1.026233658,-0.184346608,-1.16644143,1.571382099,-1.364580318,-1.147458289,0.050275495,-0.328157486,-0.106033848,-0.490943737,0.415652584,0.039237682,-0.013283414,-0.363197172,-0.178524903,-0.120400712,0.201719721,0.445402248,-0.135366475,-0.1802526,-0.005837094,-0.042213309,50.0,0
42805.0,-1.181120794,-0.211998536,0.376287782,-2.746862239,1.514309042,3.364109242,-0.954404915,1.428745599,-1.556343704,-0.325811914,-0.624989087,-0.428824086,0.359532989,0.195888105,0.797387052,-0.286826251,-0.748629638,1.66231285,-1.018407896,-0.275605252,-0.388224459,-1.206880954,-0.025036792,0.990284483,0.111708307,0.785642991,-0.139871587,-0.057975688,35.89,0
121910.0,-1.227268051,1.555571903,1.245848454,4.071686243,1.154572871,2.058276185,-1.179950913,-2.211139877,-2.24816764,1.121174973,-0.856063486,-0.845207475,-0.967957625,0.827133538,0.271727683,0.618318871,-0.287965629,1.185758957,1.86313637,0.721438657,-1.284389697,0.336805217,-0.38010922,-1.485002207,0.23772884,0.52414088,-0.037543419,0.121961748,0.0,0
59628.0,1.326184153,-0.103762982,-1.671099593,0.191359898,0.6195574,-0.917304224,0.891767641,-0.475064816,-2.035443096,1.122302391,0.202523397,-0.179501961,-0.565087665,1.181200698,-0.604366418,-1.988948928,-0.265341471,1.659422442,-0.311080458,-0.434917889,-0.040572078,0.230195729,-0.591949727,-0.471342226,1.49842609,0.181250162,-0.066472232,-0.021219225,81.54,0
157654.0,2.028645566,0.390124398,-2.510974642,1.269100082,1.164603093,-0.417938471,0.460249756,-0.08040695,0.099963874,-0.149746807,0.524412944,-0.160774151,-1.639692926,-0.559080107,-0.845525001,0.160838401,0.66670043,0.837262194,0.037147322,-0.298526703,-0.035499392,0.019330142,-0.037167729,0.060008371,0.466886186,-0.506978599,-0.013261038,-0.040752884,1.91,0
41447.0,0.981224824,-0.200147345,0.441318739,1.220809831,-0.588407423,-0.39194504,0.003003808,0.061357214,0.229856445,0.058900876,0.879332331,0.367463288,-1.500504842,0.60952217,-0.317808084,0.115138268,-0.363125691,0.221643537,0.196369569,-0.031047563,-0.114442606,-0.531188691,-0.063476211,0.274522293,0.420042431,-0.536092905,-0.001636577,0.029378361,103.19,0
36243.0,1.403334575,-0.720237771,0.198761762,-1.415524501,-1.010596158,-0.638649201,-0.501672157,-0.202694986,0.527370064,-0.332354875,-1.146794319,0.872072289,1.056218932,-0.433870746,0.052015722,-2.521231195,0.283943672,1.150074348,0.338269675,-0.468155446,-0.447843368,-0.436616874,-0.141709246,-0.095943424,0.805079501,-0.558015852,0.097150122,0.022983557,10.0,0
169328.0,-0.443235624,1.157597389,0.057701992,-0.641108345,0.18183581,-0.3131443,0.192286022,-0.477996123,0.157255691,-1.0377204,-1.62317053,0.747112694,0.915050818,0.141476751,-0.364042256,0.178751153,-0.51967753,-0.42501326,0.286891739,-0.412062237,0.373104539,-1.391513333,0.278256097,-0.727421049,-0.546892216,-0.870456131,0.01076088,-0.007830428,12.99,0
124211.0,2.11524886,0.410229153,-2.240488088,0.960785155,1.282466489,-0.568849219,0.814782606,-0.430751232,-0.273014428,0.329237259,-1.181059428,0.454962888,1.047722147,0.556910849,0.21174244,-0.286259121,-0.721198017,-0.370679814,-0.186100284,-0.166248026,0.08899088,0.386347795,-0.073859393,0.051637596,0.604861692,-0.475513315,-0.0287654,-0.061179946,8.36,0
29145.0,-1.888906056,-0.476948859,0.852471596,1.841334178,0.263665526,-1.008464985,-0.029184643,0.486880678,-0.318276507,-0.309251324,-1.12386094,-0.066074481,-0.695536302,0.539264147,0.073426122,-0.746924802,0.580153715,-0.023977752,1.035136827,0.660689267,0.162011637,-0.052281312,0.125127605,0.389878324,0.010766836,-0.266720464,0.271175499,-0.069337869,119.0,0
50178.0,1.198681349,0.117441064,0.59400338,0.565532244,-0.624902284,-0.811408738,-0.110991108,-0.007834093,-0.057655828,0.135221812,1.47281437,0.524104178,-0.935805145,0.673592516,0.440734981,0.492889841,-0.534791333,0.025456241,0.100635853,-0.157594344,-0.204216121,-0.687866173,0.161282836,0.499487076,0.121154615,0.068062774,-0.040338631,0.008798101,3.59,0
151709.0,2.017615643,0.336901684,-1.827791888,1.227975551,0.674304228,-1.192991335,0.792024529,-0.450836177,-0.211544655,0.34859699,-0.384984716,0.329454516,-0.030926917,0.801250131,0.233839311,-0.552041662,-0.284177415,-0.604516178,-0.583450204,-0.234453937,0.155420786,0.502265203,0.057808349,1.089874488,0.428809976,-0.539510151,-0.035406449,-0.050337805,19.9,0
128633.0,1.887303696,-1.362282129,-0.106395426,-0.45802461,-1.393046515,0.25038278,-1.341403521,0.242518485,0.093278961,0.928811471,0.532337271,0.456931809,-0.064986788,-0.156120527,-0.003654581,-0.617255409,-0.596943533,1.91992995,-0.78493203,-0.40260703,-0.258991634,-0.415989989,0.371040284,0.734348587,-0.776778749,0.3992048,-0.016367529,-0.022454867,94.52,0
35554.0,1.202410714,0.193871409,-0.095970065,0.982171715,-0.16360019,-0.512284031,-0.056363746,-0.079335364,0.60329122,-0.785533494,-0.805914374,0.09920848,0.034108186,-1.613644259,-0.209417458,0.245685739,0.94811666,0.186570285,0.164031052,-0.015249806,-0.201384954,-0.367963456,-0.173631172,-0.171400144,0.611550014,0.440181639,-0.001700078,0.041218258,29.56,0
101695.0,0.200537534,1.180082517,-0.329471479,0.049947827,0.810948198,-1.355620032,1.019399699,-0.417851318,1.16097242,-1.378583995,0.351616135,-2.917980561,1.379010287,0.611989451,-0.102204941,-0.005959876,1.254328029,1.073074539,-0.351672638,-0.169811093,0.212668447,1.013929636,-0.134662679,-0.087045021,-0.89738399,-0.27121786,0.256266916,0.283689574,7.95,0
149720.0,-1.346893814,1.155831949,0.812195769,-0.993437399,-0.650748613,-0.468184802,-0.205388583,0.683011217,0.286124688,-0.570109882,0.745020213,1.336798875,0.446415232,0.202197531,-0.4759832,0.511314102,-0.624221946,0.279008236,0.086213409,-0.197386068,-0.078620043,-0.264557449,0.086900826,0.055812974,-0.197907815,-0.340494815,-0.530351713,-0.294721897,7.7,0
27287.0,-0.597323363,1.026597154,1.475204659,1.097711387,0.174490354,0.439791608,0.756049916,0.065373184,-0.116236056,0.589686656,1.071014343,0.380849949,-0.969307442,0.071575543,-0.356978137,-1.084244448,0.303015986,-0.141651761,0.991200094,0.281390685,-0.081241605,0.331286376,-0.187028738,0.00894399,-0.119241767,-0.260921879,0.382027759,0.019811654,32.27,0
168491.0,-0.23296964,0.817757675,0.351826301,-1.54089747,1.000420924,-0.775650504,1.239907822,-0.155814977,-0.477325819,-0.836444652,0.429351975,1.195269799,0.72724218,0.123845497,-1.950704632,0.562507369,-1.27559969,-0.353648707,-0.786533174,-0.252542869,-0.117591827,-0.313986188,-0.003441784,-0.324779201,-0.798214937,-0.133564157,0.119680718,0.190603736,0.99,0
163071.0,-1.02491884,2.033123106,-1.288573983,-0.880727274,1.163663493,0.975636913,-1.20747545,-5.358989665,-0.592951942,-1.155865627,0.4353583,1.324660249,0.717872908,-0.560305544,-1.125210686,0.930628106,-0.069614079,0.438535491,-0.005534574,1.578657365,-2.92214078,0.035700659,0.407034266,-0.266562436,-0.418964646,0.083049519,0.101020827,-0.025291141,2.68,0
28501.0,1.305616397,0.151458121,-1.485607171,-0.058496417,2.394842775,3.189058726,-0.195306716,0.71127711,-0.267472532,0.0809009,-0.15287234,0.035844399,-0.073509267,0.614248161,0.964026651,0.244839873,-0.858283128,0.139293448,0.089315993,-0.018767871,-0.080875458,-0.346227194,-0.132473634,1.000004609,0.886957867,-0.343033942,0.005249324,0.010524739,7.32,0
160606.0,-0.019033233,0.775825479,-0.637364061,-0.895124827,1.693739574,1.207944948,0.597222469,0.531951803,-0.228771198,-0.798471651,1.331518434,0.489592716,-0.52955338,-0.66003794,-0.047837341,-0.294385055,0.914152021,-1.002847797,-0.965183445,-0.080741282,-0.226331455,-0.453987077,0.150610334,-0.84534392,-0.653260072,0.214280803,0.267024829,0.058904924,7.49,0
139586.0,-0.67307639,0.683163035,0.204950127,-0.830933193,0.516100074,-0.112159034,1.991601928,-0.880069195,0.557163109,1.054224953,0.603110083,-0.257792895,-0.862401548,-0.304091549,-0.483510779,-0.087990964,-1.184468101,0.487813159,-0.077895466,0.041161302,0.179060896,1.411520987,-0.2873204,-0.333476613,-0.435184304,0.376621437,-0.295967812,-0.36168513,127.4,0
55940.0,-3.012498779,1.143116912,0.350459954,0.332247708,-0.701445664,-0.825367827,-0.508791435,1.269472214,-0.451618752,-0.218218202,0.871526726,1.936942032,1.018750973,0.531251495,-1.238358496,0.069640011,0.258078602,-0.16561679,0.639435155,-0.446707185,-0.223512092,-0.012106655,0.68894615,0.587516718,0.319133431,0.258993454,0.305607775,-0.075648033,17.18,0
147361.0,1.701114599,-2.12153484,-1.670633714,-1.413149931,-1.308572624,-1.145984075,-0.24713789,-0.399713262,-1.982434768,1.710666667,0.967054407,-0.334323322,-0.053430219,0.366406201,-0.538714723,-0.42476408,0.278304541,0.148445913,0.065090834,0.155578175,-0.073387388,-0.544141655,0.031552265,0.036403529,-0.346521979,-0.369415092,-0.086507879,-0.014149697,319.99,0
77952.0,-1.248750603,0.313435043,0.355498116,-0.794877912,-1.037668474,-0.668441916,0.209143836,0.034680249,-1.289797483,0.761708745,-1.109120041,-0.772262777,-0.027533487,0.271754301,1.0833779,-1.456686079,0.200999929,1.304791466,0.226589748,-0.749519743,-0.359538019,-0.301711251,0.096735398,0.074610795,-0.634721998,0.984383328,-0.720336249,-0.530986554,100.0,0
42072.0,1.161789449,0.197371066,0.603112779,0.497371486,-0.287467807,-0.302510697,-0.079838902,0.037345705,-0.311939963,0.043645349,1.976306386,1.490322404,0.70095852,0.371559838,0.510558877,0.12245812,-0.35129802,-0.62719364,-0.26798172,-0.088471896,-0.159135172,-0.43645352,0.173167146,0.23327158,0.10538662,0.09250401,-0.01253235,0.00848964,0.99,0
159768.0,-2.404135588,1.811780954,0.030016188,-0.527395555,-0.822013728,0.282601342,-0.959484066,1.763802895,-0.334255213,-1.604270857,-2.173862632,0.3235072,0.337055638,1.001602782,0.668201712,0.674842456,-0.000347468,0.442875053,0.736514244,-0.50923609,-0.03567897,-0.705541862,-0.049135149,-0.004864458,0.490549542,-0.431480967,-0.778909249,-0.268872363,15.0,0
97879.0,-0.323313398,0.799409953,1.228099275,1.290624569,0.352832766,0.632975621,0.474101024,0.047184181,1.602300546,-0.748610333,-0.622768968,-2.492311635,1.080611067,1.184316531,-1.595115441,-0.890234672,1.003072953,-0.276952374,1.014047293,-0.154268061,-0.569416711,-1.177620065,0.192424339,0.465114148,-0.841385803,-1.079809655,0.137861179,0.190643856,55.08,0
2218.0,-0.280115625,0.874868165,0.832591018,0.159420903,0.694396527,0.227075775,0.936983249,0.018146432,-0.862452724,-0.304142623,0.209302214,0.48934331,0.646996215,0.288704273,0.029604977,0.477717212,-1.124192617,0.834697241,0.482180681,0.102597322,0.11023356,0.236388502,-0.294668803,-0.835021255,0.414969636,-0.316603306,0.020960336,0.008574429,53.7,0
44124.0,-1.163794276,0.747605549,1.228790062,0.040611904,-0.035940281,0.547477039,-0.013402833,0.911701422,-0.322328944,-0.600257677,0.972249566,0.545638219,-1.354236124,0.624880134,-0.520925448,-0.634833417,0.607069118,-0.749799952,-0.0510768,-0.056527966,-0.024202381,-0.051827062,0.010602293,-0.282842937,-0.202255661,0.284910337,0.210951823,0.068732864,27.63,0
153547.0,2.112352885,-1.419572841,0.281746652,-0.508513791,-1.893634498,-0.112942214,-1.743381293,0.239907232,1.308329399,0.559018847,-1.757067516,-1.155016094,-1.684355676,-0.86383643,-0.829726624,1.020768779,0.554894532,-1.03785515,0.872865575,-0.177176903,0.106348051,0.540405477,0.242129352,-0.125247186,-0.38476737,-0.176181283,0.050289084,-0.04248682,4.5,0
84224.0,1.240500206,0.19880836,0.39914126,0.427158559,-0.253383824,-0.478317036,-0.040605643,-0.043761464,-0.208763225,0.100418955,1.208828165,1.00806737,0.396931472,0.394531308,0.343331674,0.58950687,-0.798937971,0.046380518,0.293177881,-0.064590379,-0.225998646,-0.683255246,0.082278476,0.000979489,0.234708656,0.097062017,-0.032589288,0.005757203,1.79,0
150049.0,-2.099568326,2.91781041,-0.755084249,1.111237434,0.393682775,0.078439842,-1.191110813,-5.697402644,-0.364734548,-0.524301331,-0.090621545,-1.316159701,-1.407665398,-2.044052471,2.392294498,0.004681188,3.27628679,1.850873087,2.09021175,-0.903389431,5.40641368,-1.544651269,0.180337954,-0.382831907,0.587266091,1.297516389,0.178390772,0.197654901,1.0,0
25854.0,-0.999171991,-0.286048504,2.074734623,-2.526753869,-1.201499741,-0.265782945,-0.440389217,0.053244035,-1.944310355,1.023992899,-0.546929081,-1.392827486,-0.013506124,-0.641833231,0.601370886,-0.281278171,0.439121225,-0.024447398,-1.307220007,-0.346278558,-0.034927669,0.335987325,-0.296997995,0.048524306,0.299180144,-0.160431903,0.109141657,0.109511697,51.0,0
59011.0,-0.783115697,0.383737584,2.073280445,3.126934167,-0.008403588,0.841512602,-0.137024197,0.38744529,-0.564560979,0.760261448,-0.074248445,-0.292602004,-1.573914375,-0.017283564,-1.176470468,-0.40418861,0.328549342,0.599626357,1.759539128,0.026706087,0.008436199,0.201462095,0.009607358,0.00683058,-0.25402223,0.250532828,0.043383492,0.168504696,39.84,0
86103.0,0.98689951,-0.040770617,1.432433729,2.600225837,-0.491811669,1.454451468,-0.893525838,0.699392989,0.217124253,0.560477225,0.754262614,0.232283215,-1.903079818,0.076196566,-0.906827106,0.02544507,0.214635684,-0.648208447,-1.03168962,-0.338877987,-0.113653514,-0.157724432,0.133325268,-0.334339528,0.085616408,-0.04382018,0.061222697,0.013226337,1.0,0
55919.0,1.192909444,0.22422753,0.475258315,1.003983088,-0.398591448,-0.588486944,-0.059479738,0.013440684,-0.063988367,0.193744995,1.171474391,0.416923013,-0.970829871,0.711266833,0.422792688,0.414016029,-0.674435102,0.443079726,-0.075199458,-0.191053508,-0.014178174,-0.091234771,-0.019393879,0.297847805,0.481705008,-0.453015119,0.012848832,0.013196158,2.5,0
9340.0,-3.703319382,-1.487583832,1.532471243,0.525558757,0.983539643,-0.858128252,-0.247231974,0.145427182,2.032224108,-0.286079613,1.642352883,-0.974965012,2.361850531,0.605023013,-2.793891281,0.009421703,0.35474033,0.073442618,0.215605552,-1.412955682,-0.752433968,0.416901911,1.798911806,0.35740625,0.657962226,0.414155777,0.621816254,-0.50330365,0.01,0
46840.0,1.144683856,-0.024975663,1.330454487,0.681690972,-0.963557371,-0.250402768,-0.623968052,0.08579566,0.442674421,-0.162920023,0.275912194,0.8291581,0.990324143,-0.227402628,1.596719177,0.297536202,-0.276055482,-0.472350754,-0.976383514,-0.072095538,0.149076509,0.546835395,0.080528423,0.45341955,0.102847761,0.370308206,0.03290773,0.031210834,4.24,0
67153.0,-0.741475203,0.279394104,1.754111596,-1.850364302,-0.568926031,-0.909048303,0.148153767,-0.031313605,-1.39994731,0.332038431,1.332072542,-0.534115407,-0.943612182,0.055163986,-0.482341064,1.506390544,-0.154062732,-1.042143668,0.333278749,-0.043255702,0.038453624,-0.272702082,-0.004466385,0.46737537,-0.305669488,-0.731971073,-0.213555192,0.13481995,10.12,0
74325.0,1.333575096,-1.406903971,1.318696672,-1.14997783,-2.18072684,-0.140924488,-1.598206412,0.128895603,-1.360993998,1.396187893,1.051853598,0.286154123,0.662434883,-0.81332057,-0.982413759,-0.358959183,0.533987215,0.442682056,0.11846002,-0.247059485,-0.154003722,0.036029976,0.046895177,0.534547361,0.189997679,-0.229616288,0.071802573,0.030699441,45.0,0
128215.0,-0.657589439,1.089299894,1.052588269,-0.660539837,1.062556703,-0.161881053,1.338405868,-0.420570223,-0.392736132,-0.394594691,-1.045122086,-0.073978878,0.376764594,-0.227205974,-0.13230614,-0.51216204,-0.278688886,-0.633165627,0.860693219,0.086872725,-0.285502263,-0.692092336,-0.381542543,0.50842695,0.562557325,0.409509052,-0.466247868,-0.183353151,4.25,0
160761.0,1.789000704,-0.05850641,-1.877282336,1.246560603,0.471620319,-1.106643095,0.850266513,-0.388770216,-0.39853797,0.488915838,1.031205571,0.787625738,-0.423768446,1.089350784,-0.43992932,-0.274690068,-0.585626669,0.006509236,-0.23381541,-0.063225563,0.25203433,0.540098812,-0.108242463,0.017695586,0.367096718,-0.515549273,-0.055887826,-0.053558766,120.4,0
60804.0,-0.979659954,-0.825304777,0.997909318,-1.904841119,-0.668907518,-0.567958808,-1.102785159,0.577464425,-2.308266378,0.768805354,-1.366594226,-2.12918779,-1.379834703,0.34748247,0.840530438,-0.466224023,0.929153815,0.155038361,-0.210513859,-0.319062441,-0.049934685,-0.203506827,-0.091414819,-0.501165519,-0.17664869,-0.186448425,0.01507451,-0.063102253,10.0,0
151556.0,1.849336591,-1.252150051,-1.664239108,-0.431464391,-0.541276995,-0.66543473,-0.092164681,-0.193183884,-0.61328358,1.027620384,0.040971624,-0.179183296,-1.179670498,0.708488422,-0.655981468,-1.302349576,-0.305786264,1.344762878,-0.165258771,-0.349150146,-0.451011101,-1.180447487,0.130993715,-0.541847782,-0.348476584,0.437573148,-0.111203019,-0.051386176,174.63,0
78248.0,-0.981024868,0.920879438,2.409865156,0.564890104,0.248886356,-0.251572622,0.649909474,-0.213115863,-0.357464292,-0.127682026,0.102159963,0.135790323,0.374398363,-0.250619322,1.20858432,-0.30756891,-0.248565284,-0.301723141,-0.819785877,-0.025560717,0.244274482,0.850205366,-0.403663043,0.438585362,0.370455065,-0.241323846,-0.337874097,-0.117114261,7.8,0
126230.0,-1.097087949,-1.974475253,-0.068163743,-1.691099729,-1.690097552,-1.053958797,1.380737488,-0.449122645,-0.074680489,-0.266984034,-0.564768068,-0.590527271,-0.838891739,-0.48850362,-1.676053745,1.257614246,0.053918584,-2.063196545,-0.970721754,-0.287295568,0.053968091,0.192220927,0.970412691,0.830478657,-2.309443482,-1.165414507,0.47349479,0.3076328,497.94,0
73143.0,-1.155340938,0.936412268,1.848892161,-0.046348892,0.062599257,-0.89726279,0.665481583,-0.182858353,-0.379986817,-0.263455841,-0.455943674,-0.386834367,-0.471264963,0.170554375,1.007388688,0.175232304,-0.345288324,-0.291351575,0.168513007,-0.136681938,-0.183254347,-0.705374427,-0.026850287,0.351949579,0.102102114,0.096527298,-0.406520351,0.122155443,1.79,0
122727.0,0.054048729,0.508388881,-0.258852508,-0.128839173,-0.181197803,0.200632343,-0.303727349,0.672838035,0.587217747,-1.26678546,0.414152287,1.186916864,0.409622214,-1.647258353,-2.113645691,0.487226767,0.667460942,0.98381291,-0.170946263,-0.172737909,0.355797428,1.209385072,0.072722226,0.757785521,-0.673890232,0.54985424,-0.059261137,-0.020046838,37.0,0
61550.0,-1.853971287,-0.738136655,1.661938577,0.214881633,-1.581700596,3.508282537,0.965664313,0.549500921,-1.128336017,0.489564908,1.360898632,0.012290722,-0.483604445,-0.219570554,1.307003766,-2.368325657,0.881690909,0.414732847,-1.367083302,-0.786701573,-0.371840263,0.225193489,0.513086098,-1.406435536,-0.106735438,-0.175641596,-0.261983774,-0.464559385,418.0,0
141201.0,2.011347214,-0.210751265,-1.037116232,0.337527209,-0.269336023,-0.979126938,-0.020753039,-0.106231101,0.509160782,0.287274013,0.777686028,0.337095686,-1.58052509,0.784838812,-0.497880173,0.136466274,-0.416715496,-0.215253887,0.410875466,-0.314872692,-0.24907341,-0.695970523,0.357661339,0.03520845,-0.393232046,0.177846052,-0.084554931,-0.072452272,1.98,0
78182.0,-0.788939735,0.389778277,1.335218325,0.952675594,0.471680363,-1.016235698,0.169755947,0.162984949,-0.500043445,0.254631258,1.064763906,-0.244886367,-1.826798851,0.892901736,0.516999242,-0.130554133,-0.255645114,0.762292009,0.628936609,0.183667773,0.203184158,0.46054843,-0.014428987,0.500103898,-0.284642593,-0.341450215,0.381196432,0.225872953,5.47,0
137527.0,-0.570073351,0.834238233,-1.919555153,-2.337473085,3.992813376,2.73510631,1.306636535,0.650547793,-0.846644263,-1.503568601,-0.078489342,-0.411866198,-0.745313962,-0.534108893,-0.866444851,0.07971422,0.244179775,-0.329520628,-1.431917863,-0.12302787,0.11504465,0.20385878,-0.414981821,0.665266204,0.610286471,0.53750547,8.61e-05,0.115376973,26.0,0
160890.0,-0.399694234,1.14210906,-0.761658148,-0.576325654,0.468523151,-0.699516378,0.382419557,0.511335128,-0.169038764,-0.727816812,0.710627346,-0.080887768,-1.643578282,-0.213648343,-0.801790145,0.676058084,0.415378017,0.465727853,0.025275754,-0.210818035,-0.243595894,-0.837427831,0.221026099,0.61426709,-0.499933044,0.083440066,-0.047359995,0.002483716,1.98,0
135285.0,1.821922787,0.171530521,0.247991417,3.899961199,-0.370643328,0.271463929,-0.511176116,0.111101178,-0.226122915,1.369411695,-1.489760781,-0.297347608,-0.038511582,-0.248186384,-0.562414741,1.210145857,-0.929275685,0.134900049,-1.75513779,-0.239192929,0.237465094,0.752495006,0.123400321,-0.040493143,-0.192388992,0.087051668,0.010889363,-0.028587944,30.33,0
52100.0,-0.479281576,0.977864214,1.664509873,-0.000885858,-0.084524908,-0.622139607,0.6107465,0.073963263,-0.360124129,-0.345439636,0.044338886,-0.074284558,-0.454172142,0.271338789,1.120852143,-0.169897131,0.027141461,-0.857520074,-0.465041643,0.029568908,-0.183297178,-0.453530173,0.054214579,0.369707811,-0.324058323,0.08202821,0.279350905,0.120033311,3.58,0
78559.0,1.001067211,-0.14191838,1.254307196,1.174645907,-0.853812436,0.246987199,-0.675573626,0.325035156,0.265806634,0.125001706,1.568928724,0.764571113,-0.452627347,0.308313356,1.001288283,0.548876615,-0.577960096,0.379105817,-0.857267278,-0.09781229,0.213707832,0.5390766,0.008570826,0.212603868,0.178256643,-0.364307507,0.064570646,0.03480318,45.0,0
164364.0,2.306493531,-1.470694875,-1.072949365,-1.821646776,-0.955463505,0.11723292,-1.379624248,0.068101382,-1.233516988,1.743817961,-0.003889521,-0.637204318,-0.097264951,-0.239758948,-0.674231138,-0.067666397,-0.001143714,0.756950223,0.359436651,-0.427518624,-0.164370417,-0.027430218,0.211124635,0.053657874,-0.196867197,-0.189595315,0.008901493,-0.058189983,10.0,0
172699.0,1.019594185,-1.95647271,-1.43126799,0.539726917,-0.499994585,0.301250977,0.326078602,-0.062474843,1.121288357,-0.403164957,-0.090502986,1.230073663,0.367172654,0.173776724,-0.563205862,0.24639676,-0.88579337,0.368107786,0.810865544,0.849979194,-0.081893929,-1.202749374,-0.182683477,-1.075678793,-0.417647775,-1.080841694,-0.049143718,0.039077882,521.9,0
55009.0,0.764792396,-1.850618498,1.192603653,-0.201725073,-1.858690939,0.834152779,-1.271640129,0.398113466,0.252018076,0.324364841,0.839918446,0.485804773,-0.316271297,-0.883325831,-1.508465682,0.573761632,0.869826242,-1.298168333,0.818999315,0.494316168,0.312407171,0.625750222,-0.249781974,0.090735196,0.243307306,-0.131252822,0.039184735,0.054818371,250.0,0
130081.0,1.89731272,0.055650038,-1.654598576,1.441182423,0.410542398,-1.111545256,0.774101057,-0.470219016,0.106274397,0.209366798,-0.872769448,0.634383221,0.326732788,0.434284405,-0.573490239,-0.757541009,-0.157616229,-0.717516671,-0.249349556,-0.125892934,0.097919891,0.385608926,-0.068883697,0.011652876,0.452566409,-0.498683303,-0.023767423,-0.048903759,76.81,0
157990.0,-0.85408972,0.80295139,-1.016872869,1.110670436,1.608726657,-1.703236653,0.91549855,-0.043780958,-1.257535919,-0.002995092,-0.976889476,0.658609896,1.345413286,0.911258546,0.109320718,-0.856312391,-0.07113392,-0.172068187,0.567298833,0.274310119,0.407298694,1.051982505,-0.231318535,-0.042735303,-0.255749091,-0.389403549,0.379763104,0.089265852,3.6,0
135568.0,-1.334153745,-1.150512526,0.609042665,-2.629931876,-0.625096936,-1.210921302,-0.674408792,0.356757738,-1.992112314,0.504256192,-1.557062098,-0.958193917,0.455774985,-0.301520845,-0.847432726,-0.158451279,0.313564244,0.167438809,-0.835546784,0.013053282,0.015177661,0.032203032,0.02509629,-0.137910758,-0.078520777,-0.272116313,0.252568141,0.003652651,75.0,0
171051.0,-0.900260313,1.487095803,-0.624090722,-0.588937091,-0.159377687,-1.058610829,0.320684846,0.670426268,-0.225342195,-0.574383013,-1.237677037,0.590723838,0.452594798,0.613891279,-0.434885221,0.109661567,-0.098886674,-0.759984268,-0.140660969,-0.102129857,-0.20572281,-0.601871211,0.17282508,-0.173001696,-0.37443675,0.161034649,0.114399589,0.018705828,15.99,0
126713.0,-0.304896704,0.115501816,1.759120622,-0.038800553,-0.89295853,-0.182747524,0.195701306,0.197527882,0.211799663,-0.44525428,1.014854476,0.617278316,-0.440723336,-0.007426584,-0.198547032,0.468062192,-0.625676858,0.679047992,0.021536062,0.086913405,0.300725802,0.771467338,0.368529252,0.541413941,-1.352885967,0.052347239,0.20578486,0.242739705,96.72,0
75853.0,1.292398383,-1.399036495,0.607182497,-1.436068692,-1.665340276,-0.242371715,-1.193907519,-0.031905393,-1.935930418,1.533634063,0.994538408,-0.001294128,1.181964964,-0.419634246,0.109619018,0.12685127,-0.028195701,0.855165711,-0.063413994,-0.061807205,0.035104861,0.29107728,-0.145648454,0.02943527,0.339243676,-0.113185156,0.033294093,0.03200557,109.0,0
148712.0,-0.415074864,0.118846939,-1.098281762,-2.319984977,-1.216659325,-1.162472777,-0.100433988,0.417005862,-2.449853819,0.561522289,-1.698070015,-1.245068222,-0.549749031,0.507855131,-1.245330345,-0.935278838,1.104281117,-0.290059378,-0.119911624,-0.73586992,-0.021634925,0.135302856,0.001515397,-0.103159722,-0.052479422,-0.112139636,-0.304476781,-0.134402843,79.82,0
172612.0,1.995766248,0.358011086,-2.177267944,0.89847043,0.525074419,-1.151549719,0.230386742,-0.273028912,0.584986746,-1.095818455,0.162342085,0.331171186,0.347533591,-2.754052596,-0.399078825,0.170893774,2.162886948,0.373187137,-0.472254762,-0.088623311,0.015056558,0.36789236,0.030509115,0.965579565,0.182129727,0.670792268,-0.034347167,0.000130211,12.31,0
77587.0,1.042279747,-0.036146763,1.079817668,1.109309344,-0.616186813,0.28885508,-0.550975506,0.280402997,0.127952214,0.12119998,1.484712674,0.942862756,-0.009022032,0.274359051,0.896978989,0.520616431,-0.640146662,0.25547581,-0.708707766,-0.087818479,0.124162777,0.313626732,0.016787434,-0.004815687,0.211507214,-0.413896446,0.062295889,0.030349151,34.9,0
131093.0,-0.071321949,0.656480409,-0.85618906,-1.356683469,-0.156332924,-1.185518327,0.229431448,0.158359292,-1.607985637,-0.160330949,1.127318995,-0.107978143,-0.041048201,-0.862630512,-1.152604274,1.130602194,1.327868936,-0.642801788,1.16220296,-0.059909006,0.183693561,0.354543482,0.067028411,-0.016427998,-0.677125581,-0.368446036,-0.131655017,0.043118028,25.0,0
163897.0,-4.157762099,4.120661923,-2.610422253,-1.123261868,-0.971951164,-1.514721865,-0.052816812,0.937175317,2.60270239,3.815558691,-1.1707106,-0.161707606,-1.013235188,0.344546037,0.768011461,-0.469646502,-0.109627808,0.086959615,-0.427117742,1.419376834,0.054605946,0.947102147,0.222860509,-0.139167732,-0.082979123,-0.19113177,1.159784955,0.759916312,0.89,0
147362.0,1.978388806,-0.442990224,-0.243828331,0.52886512,-0.841051381,-0.548064318,-0.666020974,-0.008577289,1.560299785,-0.150281532,-1.045330851,0.201320205,-0.43401384,-0.092377952,0.579869322,0.027157341,-0.410584081,0.229865228,-0.329239088,-0.275602054,0.245158981,0.971615049,0.101233754,0.00657189,-0.078280441,-0.148675674,0.042500503,-0.04016177,3.71,0
156002.0,-1.094190491,0.043863617,1.499966703,-0.473733948,0.285401676,1.264659384,1.391697753,0.135735696,-0.143166676,-0.74212424,-0.372400999,-0.694164374,-1.252606144,0.060133638,-0.222468965,1.132528597,-1.642842883,1.47903341,-0.718400861,0.404695423,0.283305886,0.435069593,-0.077841467,-0.231397158,0.914696704,-0.553728246,-0.197890718,-0.154932169,240.0,0
39868.0,-1.182248404,0.450796384,2.055389335,-0.841795169,-0.737224507,-0.452895629,-0.078462336,0.501466629,0.275684444,-1.487569485,-1.009139903,1.035862197,1.024641016,-0.598156927,-1.165470576,0.15532668,-0.038106128,-0.641777756,-0.210540024,-0.02622995,-0.066613701,-0.217557288,-0.040058959,0.487382568,-0.083292304,0.776316592,-0.102642929,-0.000315719,35.69,0
43659.0,1.112060097,-0.633667723,1.109540116,-0.407979472,-1.296880754,-0.141537343,-0.745133716,0.157598368,2.290622779,-1.313460153,-0.412127528,1.33185886,-0.065472006,-0.615425406,-0.099493902,-1.556099305,0.786735746,-0.617024451,0.48080431,-0.139626807,0.082293802,0.746497371,-0.13192763,0.483685777,0.666716217,-0.468000016,0.123033082,0.032433399,22.25,0
106058.0,1.725564361,-0.676084074,-1.304427935,0.131506742,0.577633211,1.13025865,-0.310709343,0.250574629,2.210948531,-0.576027961,1.687796065,-1.436850909,1.081375052,1.885361097,-0.850146319,-1.000017889,1.007318107,-0.949552388,-0.417852285,-0.175472797,-0.170108434,-0.156337434,0.138078587,-1.685108934,-0.300039531,-0.0244111,-0.027856345,-0.073075431,105.0,0
123925.0,0.212354957,1.174901965,-1.03362756,0.004989395,0.285205338,-1.494537594,0.539966552,0.124572867,-0.108562028,-1.146985147,-0.674039212,-0.26254402,-0.317647498,-0.558108358,0.69309948,0.251533354,0.691337161,0.792109376,-0.265881272,-0.281138646,0.313979257,0.906748405,-0.107696814,-0.040369991,-0.285300643,-0.151049458,-0.066575754,-0.045670139,1.5,0
84550.0,-0.733321258,2.738119519,-3.087553601,1.519344015,0.214579269,-1.268232203,-0.294263815,1.281379209,-0.803873076,-1.131163926,2.317222662,0.870574263,0.348919759,-2.585114492,0.49575884,1.04300886,3.314045115,1.586543679,-0.558470443,0.033429244,0.004842784,0.020950174,0.279122015,-0.326993661,-0.372934071,-0.373864152,0.107067332,-0.064591527,1.79,0
161334.0,-1.301466611,1.066522843,-0.59009405,-1.277309413,1.019613361,-1.846620809,1.393790797,-0.058884174,-0.649420803,-0.932217057,-0.98236676,-0.027011173,-0.366271313,0.988873208,-0.258380677,-0.40031027,-0.287552537,-0.498238374,-0.617197539,-0.185690882,0.221826042,0.544861174,-0.545812914,0.046587071,0.711726351,0.173009001,0.040450426,0.012265387,24.6,0
43664.0,-1.151604059,-0.024259086,2.219923023,0.823208312,0.009172908,2.828827675,0.19889616,0.900530261,-0.381688659,-0.634562331,1.507852842,0.637618017,-0.380465023,0.07770924,1.280292551,-1.017614936,0.726173002,-0.757269168,-0.772278381,0.33695416,0.441743833,1.168462302,0.156546242,-1.342176126,0.097055378,0.017377933,0.123920571,0.07605501,190.0,0
142080.0,0.380316361,0.120623739,-0.076847044,-2.036009842,0.30192442,-0.579223572,0.42844187,-0.174792545,-1.633976852,0.35093554,1.082833661,0.314039149,1.160947603,-0.14388244,-0.900372572,1.084272285,-0.301949404,-0.795005217,0.477565866,0.112042139,0.560828471,1.549932551,-0.218319023,0.846086151,0.01473547,-0.063583677,-0.000930091,-0.014683977,15.0,0
55898.0,-0.907181422,-0.933925681,1.535862861,-1.107699501,-1.589575333,-0.487898461,-1.158243005,0.489735388,-2.496654134,0.935860544,-0.255647801,-0.912750616,0.5883916,-0.106570303,1.362286353,-0.888454317,1.314119476,0.141282375,0.169954091,0.041473897,0.241435881,0.694360711,0.202821001,0.394463589,-0.544065837,-0.027968207,0.075321536,0.002976956,86.0,0
153295.0,-1.566740749,0.906408544,-0.814980829,-0.613505172,1.093100182,-1.031262754,1.248334963,-0.646014329,1.154340972,1.452967041,-1.282521778,-0.316818973,0.256214105,-0.325661611,0.697046104,-0.391411812,-0.964254664,0.236532422,0.330172081,-0.086724992,-0.024867386,1.318009455,0.259090723,-0.61449938,-0.46977411,-0.245085837,0.013565875,-0.271911379,8.99,0
110928.0,0.160761628,1.360423398,-0.635800095,0.880905386,1.555988131,-0.458385872,1.2864765,-0.286602073,0.109547863,0.04746663,1.869633132,-1.694663234,2.073124122,2.293370868,-1.170652412,-0.782131721,0.306038512,0.510468727,0.512609526,0.060963547,0.174517543,0.955084525,-0.043125189,0.668952053,-0.792196049,-0.606029935,0.498552876,0.327427229,6.99,0
119220.0,2.067212229,0.051844791,-1.957406424,0.63186277,0.397809474,-0.773350336,0.039836551,-0.194075981,0.937501515,-0.666845015,-1.226368501,-0.337894822,-0.490941001,-1.64868737,-0.278925563,0.279154957,1.068392868,0.367488578,0.071647851,-0.191030312,-0.075952035,0.086818676,-0.039151112,-0.794382369,0.153314805,0.686394879,-0.041646148,-0.038297216,6.99,0
136778.0,1.966831351,-0.168521467,-0.87643035,0.126797966,-0.247175584,-0.301553698,-0.597564912,0.146337755,1.042463459,-0.537375021,1.262299482,0.817243979,-0.282564479,-1.060924663,0.172416243,0.831786932,0.202455989,0.813151338,0.139687373,-0.162550478,-0.219354695,-0.543595957,0.405113067,0.624489494,-0.522935529,-0.337840606,0.015074778,-0.013255849,0.77,0
64028.0,0.976846512,-0.01953171,0.546557086,1.582379645,-0.480189398,-0.46259168,0.189963557,-0.076346082,0.231776228,-0.1642267,-0.043223397,0.757425634,-0.120590777,0.097628217,-0.1338522,-0.872963487,0.454824632,-1.147794466,-0.594135278,-0.043853797,-0.01850899,0.009091942,-0.066433674,0.62097527,0.566280536,-0.3538045,0.02655929,0.03505168,86.19,0
46640.0,1.211640412,-0.590665347,0.376846243,-0.140582577,-0.893656951,-0.407242054,-0.430492276,-0.116775877,-0.932198452,0.669062726,-0.300724476,0.173507948,0.821055926,-0.000387486,1.093767903,-1.572605412,0.121423674,0.72439374,-1.416637943,-0.37491454,-0.160579225,-0.015701416,-0.067316209,0.124813497,0.339836907,0.679787652,-0.006770798,0.022844135,67.9,0
82473.0,-1.110025493,1.448151581,0.824180356,0.793249708,-0.407535338,-0.632465539,0.301431147,0.37316021,-0.624919697,0.279842958,1.078862585,0.265592233,-1.01794321,0.922704152,0.401639337,-0.058529376,-0.165221075,0.666776168,0.624319083,-0.0953115,0.250145642,0.543981291,-0.060350175,0.5217929,-0.292230734,-0.380320065,-0.12953908,0.171467928,17.5,0
41818.0,1.068194059,0.093818027,0.291779605,0.49373846,0.329178356,0.785925826,-0.131183305,0.287380336,-0.121272402,-0.233972951,1.032302997,0.993251941,0.559216043,0.345555454,1.930470549,-1.260671428,0.93187903,-2.461122718,-1.878083045,-0.219480626,0.14576547,0.644211875,0.098083416,-0.579856148,0.192409214,0.504142669,0.03502192,-0.001161365,1.5,0
132871.0,1.675560781,-0.610322096,-0.82204159,0.85437057,0.575954775,2.060156078,-0.743016592,0.601506166,0.615890556,0.20401079,0.819295516,1.076937203,0.445862087,0.184548131,0.911897979,0.010523331,-0.504207681,-0.26146019,-1.298532221,-0.080453306,0.363192905,1.051624435,0.078234901,-0.948636778,-0.24486404,-0.490695617,0.082312653,-0.034486525,95.0,0
149013.0,-1.08795242,1.238057665,1.488812108,1.042117899,0.003241608,0.370407541,0.350185482,0.570149281,-0.231548965,-0.766308499,-1.658311283,0.653706804,0.643612162,-0.181267672,-0.857883866,-0.763886826,0.40485113,-0.598588257,1.386886453,0.15982226,-0.515097175,-1.288816128,-0.113469592,-0.470740377,0.491906223,-0.756868641,0.233619422,0.066899408,31.5,0
124771.0,-1.318085099,0.372969467,3.003443032,0.51207306,-1.40256111,1.241149615,-0.89780007,0.435570757,0.47946719,0.830512935,-1.972693403,0.689222158,1.572733199,-1.944535891,-1.449097639,-2.281500364,0.471444613,1.645583634,0.194412578,0.042751097,-0.340351541,0.326663063,-0.390236755,-0.080181204,0.642961751,-0.149769466,0.547152621,0.33005231,25.0,0
91121.0,-1.051117605,1.251457019,-1.52908989,-0.142257074,2.249987893,4.432401511,2.50229459,0.244053817,-0.14988476,-0.465642678,0.99494524,-3.06159813,1.293411574,2.254536574,0.310260559,-0.973911295,0.54845388,0.026109962,0.417722795,-0.132308394,-0.095169376,0.303970206,-0.631103973,0.695284041,1.183569284,-0.198998134,-0.470057988,-0.628169095,341.04,0
141904.0,2.041778672,-0.031451884,-3.323063615,-0.532001175,2.853909877,2.976968909,-0.175390205,0.702319556,0.42508423,-0.549255975,0.344221573,0.228128438,-0.356362924,-0.571306542,0.616624784,-0.191562927,0.625461526,-0.203885366,-0.139041017,-0.147512863,-0.19873581,-0.500311249,0.193448285,0.587506455,0.13897762,-0.39502029,0.009036059,-0.037064451,4.2,0
43255.0,-2.385672273,-1.989797665,2.96770464,3.282813104,1.461737188,0.395871897,-0.972831499,0.531373807,-0.333699412,0.490101006,0.497002317,0.458113868,-0.6570627,-0.529322385,-1.353312744,-0.641338696,0.402478944,0.196290888,0.543290582,0.991386929,0.380219071,0.647347563,0.37397809,0.030368873,0.41687057,0.374635741,-0.173577133,-0.097282277,166.66,0
144091.0,-2.895594806,-0.847084781,0.507533645,-0.544597191,1.930730148,-1.143030109,0.463778758,-1.391063047,0.753527072,1.009355932,0.503451292,-0.343893382,-1.707566708,-0.032785874,-0.544203766,0.199815406,-0.893528854,-0.080664152,0.665179661,-1.354974506,-0.070771755,-0.816854388,0.512701785,-0.338252936,0.086086139,0.229885205,0.26622481,-0.340402372,9.85,0
85667.0,1.188631751,0.173773535,0.610720748,0.653899068,-0.490467444,-0.718102897,-0.031781807,-0.066464976,0.077702796,-0.10010554,0.231039364,0.354843022,-0.151705965,0.365509292,1.303045355,-0.066261783,-0.003506958,-1.049407524,-0.598637383,-0.155117724,-0.211192201,-0.603251123,0.208679553,0.384421141,0.08684162,0.105061484,-0.015206142,0.018551666,4.49,0
144017.0,-0.459458312,0.008007671,-2.326056575,-5.560117581,2.371446922,2.334309229,0.112838184,1.061090084,-0.046588512,-1.422468087,-0.473078221,0.396624412,-0.214064621,0.840620422,0.151721792,-2.429744927,-0.255773966,1.107006799,-1.17111335,-0.643750407,-0.119929001,0.167819817,-0.115230446,0.682161846,-0.073733946,-0.989914377,0.364937225,0.195323058,4.08,0
34286.0,-0.358805049,0.533181651,-0.077338826,-0.550767286,2.622312417,3.597975484,0.978590969,0.606370496,-0.797628478,-0.245846254,-0.12352222,-0.308487548,-0.151791666,0.298118526,0.838693258,0.314792046,-1.002251039,-0.070838125,0.370180168,0.344653087,-0.435042885,-1.515510928,0.245162929,0.898122857,-0.039036434,-0.894523226,-0.135615899,-0.152077134,112.4,0
369.0,0.953918203,-0.760595478,1.091610595,0.147114857,-0.729795657,1.430147882,-1.070469565,0.727964986,1.43273387,-0.602645979,0.152245213,0.109983152,-1.936454675,-0.055090886,0.961466874,-1.394626546,1.569742928,-2.466115156,-1.203796456,-0.290093422,-0.098744241,-0.015598071,0.248460927,-0.596978808,-0.291046077,1.053935319,0.021905607,0.003336826,32.63,0
33555.0,1.385351265,-0.809158995,0.258331045,-1.195004494,-0.394513142,1.070846084,-1.193557752,0.302124186,-0.615835242,0.715591449,0.135920759,-0.179530099,0.986204663,-0.418562188,0.742131162,1.866550729,-0.571345873,-0.298693566,0.798199657,0.182912441,0.360436442,0.997311233,-0.315817183,-1.641076626,0.566230702,0.066750974,0.048538474,-0.001887259,24.99,0
64384.0,1.125375744,-0.553281078,0.471731745,0.38161098,-0.73491293,-0.000531149,-0.417762169,-0.022495431,-0.912513272,0.681993729,-0.624345713,0.151411808,0.873996401,0.010252603,1.224383937,-1.37810045,-0.154236249,0.887405696,-1.433524501,-0.33771724,-0.372573674,-0.740022349,0.008498157,-0.341259015,0.263481726,-0.452267301,0.062452214,0.046696197,100.0,0
124141.0,-0.103376803,0.66746029,0.336112036,-0.856268706,0.234658204,-0.169725819,0.088232931,0.319189176,0.718131785,-0.86098595,0.977148487,0.047825131,-1.278415177,-1.077956077,-0.106727874,0.839749664,0.175388477,0.945733769,-0.179158082,-0.067651568,-0.187984502,-0.50320873,0.169728865,0.530094721,-0.737571828,-0.397882585,0.162458873,0.097656739,3.7,0
129837.0,-1.138565519,0.201603971,1.089215932,-0.038281988,-0.080181065,-0.152947892,-0.068867047,0.574858482,-0.259194506,-0.893806813,0.519484506,0.986156645,0.502937777,0.5267062,0.611439898,0.150136004,-0.497386301,0.930495321,1.308383158,0.272475307,0.109927932,-0.071637308,0.071039864,-0.373676681,-0.280726835,-0.749933133,0.058948502,6.51e-05,79.5,0
122037.0,-3.394599036,-3.027522092,0.966111816,0.587550278,4.290117929,-2.732025887,-1.460898309,-0.450528344,0.509281742,1.119481476,0.659331633,0.075813577,-1.057762065,0.131573514,0.02044672,-0.22024062,-0.54229675,-0.080073013,1.596121676,-0.850653292,-0.686555021,-0.769377299,-1.054329951,-0.208858726,-0.40882308,0.335979209,0.278086473,-0.227239248,11.78,0
53582.0,1.377011567,-0.683954281,0.491844017,-0.944549358,-0.925833528,-0.082410611,-0.932741969,0.09809463,-0.724930359,0.774229551,0.666550506,-0.329784532,-0.021564826,-0.095660858,0.37546867,1.845263025,-0.401341815,-0.456512607,1.03900713,0.122097229,0.083836087,0.071267259,-0.060332824,-0.508584716,0.322209696,-0.300291612,0.016602946,0.009217831,23.22,0
60820.0,1.111255873,-1.325923682,0.349584871,-2.108028281,-1.222622486,0.180919572,-0.901124416,0.234805384,0.409036708,-0.289923501,1.514969292,1.139620891,-0.187868305,0.160894894,0.815921889,-2.538706689,0.632783317,0.862298214,-0.359530974,-0.398600522,-0.233994009,-0.13536225,-0.015919895,-0.262524801,0.211599943,0.036656242,0.061472221,0.019063994,89.99,0
79211.0,-0.565277382,1.345092204,1.205509241,0.001917298,0.044402701,-0.99637604,0.725995865,-0.092979783,-0.28685277,-0.216899225,-0.094152272,0.225219866,0.669560173,-0.609481948,0.84825786,0.334853474,-0.031388773,-0.22382388,-0.124429465,0.271450981,-0.288866009,-0.666106868,-0.017511709,0.345953047,-0.092054901,0.074716208,0.357229045,0.158706833,1.29,0
135713.0,-0.848524769,-6.515940532,-2.98627518,-0.431304687,-2.486570605,0.057311184,1.260775665,-0.689505244,-1.569717176,0.775382626,-1.571157565,-0.62478499,1.587280762,-0.10957371,0.34322567,0.153143044,0.034270538,0.068297028,-0.150054975,3.022419448,0.329964402,-2.398811223,-1.034618352,-1.006675695,-1.11838805,-0.80432568,-0.298693948,0.24174097,1678.0,0
72003.0,-2.650506849,0.549825543,1.724864964,0.211578965,-0.283688591,1.387127604,-0.972438613,1.54946352,0.13045458,-0.815917731,0.265887882,1.264458262,0.69532468,-0.041396321,1.059931089,-1.106743822,1.464487929,-2.141968661,-1.463708212,-0.331477859,0.027311262,0.627746377,0.485813341,-0.58786066,0.113082801,0.499700401,0.260836621,-0.04629584,23.95,0
47084.0,1.39613423,-0.91338783,-0.973677203,-1.615071492,1.310818004,3.513564333,-1.193063189,0.864069865,-0.513733645,0.524885113,-0.350251024,-0.479704233,0.028192333,-0.371605931,-0.22825233,1.00169707,0.145251045,-1.333091487,1.30683135,0.218635565,-0.127516471,-0.491278078,-0.024464303,1.016858672,0.592341844,-0.319931525,0.019114799,0.014656028,32.25,0
72576.0,0.835145191,-2.050603725,-0.150358908,-0.993007087,-1.732542952,-0.733435513,-0.358343069,-0.251550801,-2.086712251,1.411593186,1.124424325,-0.143439033,-0.003918982,-0.020912044,-1.032562738,-0.788966816,0.725390552,0.205322327,0.160817354,0.306784281,0.052608734,-0.128251495,-0.360477609,0.554488135,0.490351956,-0.128077481,-0.051295227,0.058012312,344.1,0
138217.0,-0.430586091,-0.122649551,-0.422296638,-0.411151024,2.104264521,4.398978463,0.303621256,1.067604529,-0.14980993,-0.486421276,-0.38536263,-0.163335767,-0.065723422,0.182092466,0.9830647,0.199959885,-0.825742258,0.52844863,-0.583998922,0.362939775,0.475680799,1.030846592,0.392647223,0.670303001,-0.708736696,-0.606404633,0.24470337,0.253476435,189.28,0
112379.0,2.081227173,-0.187370136,-1.504462594,0.200625347,0.011369346,-0.964174374,0.015273971,-0.167999576,1.087232379,-0.034328051,-1.137830478,-0.887351378,-2.144217571,0.912379636,1.14385458,-0.155311171,-0.43220833,0.389854686,-0.160832816,-0.367294399,0.23768166,0.72558168,0.037413602,0.696462982,0.28067214,-0.44547383,-0.010839388,-0.051851695,1.0,0
153092.0,-1.293013821,0.407426997,0.16278378,-0.761167267,-0.400019613,-0.02696132,0.403815486,0.63351132,0.312996011,-1.34284063,0.854853286,0.15917669,-1.035382441,-0.816141569,-0.105049435,1.076630855,0.28022077,1.09394618,-0.044810498,-0.145321135,-0.222759225,-0.610974661,0.553291592,0.5919195,-0.081858774,-0.297335028,0.128448433,-0.044554958,154.09,0
146418.0,-0.218621627,-0.6413912,0.442428724,-1.473551187,-0.725946983,0.81858772,-0.035993783,0.147252069,0.181304211,0.273865787,-1.985074693,-0.80789625,0.160080818,-1.103323273,-1.063875127,0.831256509,0.274068487,-1.184351609,1.387561753,0.180012751,0.036421441,0.465980802,0.509456766,0.027503677,-1.386224095,-0.483761709,0.525880657,0.304151445,150.0,0
161335.0,2.25858914,-1.359317276,-1.251984596,-1.648316642,-0.933179557,-0.431363318,-0.998862206,-0.164828059,-1.632982046,1.759969274,0.711188611,0.059338079,0.790475367,-0.265532209,-1.059919969,-0.627564712,0.291082172,0.532110857,0.044423255,-0.355402197,0.188793791,1.062830992,0.014817896,0.817448768,0.178376136,0.123535736,-0.008558102,-0.061004399,27.0,0
45740.0,0.076141427,0.22284702,0.271208328,0.544344742,0.511027438,-0.664425161,0.034490716,-0.004084203,-0.280107831,0.408615725,1.533512855,1.058828155,0.335913343,0.425648579,0.286289623,-0.345881651,-0.228334653,-0.036672183,0.201349208,-0.157927414,0.451930527,1.428284751,0.392687845,0.285241481,-2.488749516,0.062314786,0.286230386,0.380426226,0.37,0
2112.0,-0.423787289,0.727723317,1.226384559,-2.014555065,0.267050881,-1.20338676,1.154493838,-0.368496236,0.692826106,-1.21657237,0.301266557,0.820080412,0.463761853,-0.023068194,1.028540015,-1.004204334,-0.216611638,-0.605999633,-0.587835612,0.036292835,0.118235046,0.791245975,-0.235254961,0.426641229,-0.017599704,-0.832516336,0.260730523,-0.012156731,1.0,0
161062.0,0.044540992,0.903221953,0.308286245,-0.587898336,0.447288017,-1.120220723,1.043965574,-0.235811015,-0.118929595,-0.424847376,-0.835178634,0.401243622,0.498432141,0.01531301,-0.457726186,-0.118940054,-0.433301016,-0.811644905,-0.090460506,-0.008595165,-0.254572615,-0.529582876,0.063831745,0.052870782,-0.47405561,0.136110683,0.25054537,0.098530527,2.69,0
49888.0,-3.098656672,2.63678473,0.606165319,-2.085168503,-0.402371957,-0.551638702,0.672904376,-0.086751286,2.522733833,3.783451957,2.132299175,0.759683027,-0.157718674,-1.212872591,0.306317668,0.026668306,-0.944633916,-0.659343999,-1.258831374,1.708400032,-0.533077457,-0.157366967,0.083047734,0.215027056,0.159584607,0.665911992,0.661545191,-0.154122799,0.92,0
74923.0,0.534829033,-1.895313084,-0.521419983,-0.348631673,-0.931725242,0.064533081,0.127876045,-0.084394493,-1.053611947,0.560688846,0.853542061,0.525297629,-0.053227181,0.365931882,-0.389840684,-1.731619155,0.248040204,0.862498739,-0.540264865,0.326252723,-0.14091043,-0.759904835,-0.393921893,-0.233487284,0.213249616,1.080304821,-0.137093562,0.053447938,424.98,0
47457.0,-1.104302938,0.246376501,3.183802992,0.908391276,-1.472887205,1.234418564,-0.955881667,-0.406403996,0.374168886,0.901501216,-1.254483605,-0.271187795,-1.068270787,-1.262153402,-1.024579183,-3.018595865,1.422124962,0.83106194,0.124497318,-0.316024175,0.222586869,-0.485231454,-0.093806052,0.354313493,0.182845994,-0.08156934,0.439790908,0.013384197,20.0,0
113041.0,2.081732391,-0.137457557,-1.490137588,0.193930465,0.072856264,-0.947782494,0.062017036,-0.207140859,0.982912404,-0.054563618,-1.020336487,-0.520932193,-1.455250512,0.775266647,1.068263082,-0.187629216,-0.471578933,0.305326706,-0.165484439,-0.323151924,0.24560311,0.782006508,0.029143962,0.715326303,0.303983714,-0.447782607,-0.006335443,-0.050372015,1.0,0
150393.0,2.081683715,-0.063040588,-1.661437518,0.508462434,0.061434141,-1.465773401,0.44517544,-0.375091202,0.840511211,-0.012280162,-1.172473765,-0.425290955,-1.84944102,0.812148802,-0.135071155,-0.736328567,0.01276552,-0.440800649,0.241903194,-0.384345155,-0.023843108,0.107504299,0.056548822,0.028313178,0.306128592,-0.217428988,-0.046216695,-0.070540696,1.49,0
56191.0,-0.724501462,-0.791365161,1.292148159,-2.151419497,-0.526735117,-1.129919074,0.23664708,-0.279420802,-2.538582372,0.609451878,-0.819520296,-0.597603379,1.101103109,-0.646709785,-1.113272069,-0.862184329,0.579348655,-0.288218088,-0.50872584,-0.013519969,-0.028661244,0.12670237,0.005101976,0.393867955,0.390741229,-0.223047156,0.043337917,0.110542287,100.0,0
159465.0,-0.321075346,0.507992049,1.379199222,-0.388104955,0.166908552,0.267156048,0.359852532,0.097529717,0.343639603,-0.913454697,-1.090962624,0.464371908,0.990943757,-0.443125995,0.347612747,-0.188584473,-0.455095512,0.312438829,0.155039771,0.082801447,0.301309347,1.024866434,-0.17041065,0.656159524,-0.206780544,-0.19843069,0.196002007,0.183275447,35.97,0
150856.0,2.080765294,0.066703235,-1.590107521,0.251524268,0.536056699,-0.701344528,0.396414338,-0.346711562,0.482612324,-0.117253946,-0.86768648,0.963489033,1.1773036,0.169275986,0.037364529,-0.410257192,-0.460826481,-0.638979471,0.288103558,-0.129263271,-0.167554761,-0.302211546,0.180021565,0.490472952,0.147136371,-0.478387759,-0.020395353,-0.047949559,10.58,0
137026.0,1.991428272,0.149775186,-1.542322289,1.297265205,0.383576643,-0.893013769,0.484854164,-0.23446159,0.048688748,0.45142369,0.675987266,0.648451734,-1.10093893,0.880756508,-1.145209859,-0.53385163,-0.304783747,-0.103580146,0.04106999,-0.353509809,0.094902753,0.445231228,0.010542787,0.002979249,0.394067237,-0.509020844,-0.0219947,-0.07402239,2.31,0
5750.0,1.300038808,0.415241885,0.465646337,0.698622399,-0.083916814,-0.640066525,0.017873262,-0.304370868,1.230312675,-0.461293756,0.436982104,-1.831782323,2.926245084,1.467997624,0.233736514,0.377268106,0.077682961,-0.215026661,-0.140213409,-0.064764313,-0.430832993,-0.949708946,0.076498173,-0.156771845,0.290917882,0.083981442,-0.050567229,0.009365512,1.29,0
50371.0,-2.021981019,1.945791566,-0.054147867,-1.827168664,-0.336447102,-0.255546104,-0.14423247,0.852681537,0.642602254,0.807018363,0.152314166,0.725231361,0.501132399,0.059938984,-0.104734796,1.228465718,-1.194971315,0.436642716,-0.191274291,0.572756665,-0.243813627,-0.444656567,-0.063229299,-0.810838865,0.158877983,0.775496182,0.280997741,0.006158143,3.84,0
134187.0,2.006968737,-0.136406871,-1.799105188,0.53639219,0.219672689,-0.628373662,-0.045212529,-0.054136522,0.741790044,-0.268694292,0.439518803,0.055313585,-1.488968283,-0.742499793,-1.023970272,0.183266019,0.649979338,0.679181901,0.319615249,-0.252745373,0.079784247,0.455470288,-0.063813004,-0.514736172,0.167424347,0.740175628,-0.064237609,-0.061023891,11.5,0
162474.0,2.208982936,-0.681052919,-1.635018856,-1.145297283,0.073905042,-0.294587251,-0.330865007,-0.163077869,-0.822837697,0.92713174,0.736807279,0.447025929,0.762192356,-0.001288077,-0.967957556,0.889223123,-0.029772018,-1.365675742,1.222721989,0.041322514,0.056724177,0.170114608,0.156932975,0.248333471,0.04466412,-0.301646893,-0.042020915,-0.069815651,13.48,0
38180.0,-0.630060855,1.215009571,1.325053765,0.116429047,-0.229482542,-1.130493646,0.759227021,-0.170341173,-0.257098888,-0.29722051,0.068127863,-0.073353864,-0.109396342,-0.448433865,0.908813931,0.278844504,0.120003299,-0.236964122,-0.205547527,0.050425238,-0.215096026,-0.641856988,0.070096836,0.654494524,-0.225402997,0.027826702,-0.018747953,0.097963179,18.88,0
124989.0,1.982326346,-0.035611754,-1.333782242,1.074749427,0.461466298,0.040878462,-0.00544079,-0.032006932,0.270709099,0.416830543,0.330729871,0.837876522,0.072307827,0.401638813,-0.642015739,0.095280304,-0.866007065,0.662010046,-0.074627044,-0.192193237,0.344499024,1.140952201,-0.108350769,0.384936474,0.448229286,-0.346593294,0.004412113,-0.056617041,17.0,0
35269.0,-2.177348411,-1.365350339,1.834820694,-1.587569766,1.359068194,-1.493068169,-0.609151172,0.181444774,0.95169217,-1.363832602,0.737817894,0.976563623,-0.423521262,0.102767162,-0.069287702,-0.253916053,-0.603411096,0.759351975,0.615229076,0.058382965,0.134413725,0.218476808,-0.260447378,0.030784997,0.750886509,-0.716784097,-0.148071389,0.335875527,14.0,0
75320.0,-1.045810789,1.287878719,0.385948923,0.037648698,-0.680092138,-0.375586442,-0.178788027,0.926317571,-0.747952509,-0.478011942,1.231829832,0.716816152,-0.782964405,1.147411734,0.236136519,0.250713129,0.078813119,-0.214988865,-0.17501423,-0.431319365,0.092370208,-0.138692152,0.239031463,0.194351021,-0.614786555,0.047442666,-0.475497308,-0.129795154,22.49,0
5934.0,-4.325656967,-3.242567104,1.558942613,-0.552979971,-0.622997544,-0.899429887,0.079283892,-0.212508257,1.376826771,0.362070694,0.361148231,-3.323010064,1.912703404,0.248541765,-0.563459577,1.553200997,0.655830669,-0.683713583,-0.145809362,-0.271426552,-0.312874421,0.810691359,0.553010624,0.417131685,0.882402204,-0.125323729,0.645830498,-0.555925043,338.0,0
164843.0,-0.820977353,1.299021311,-0.774204869,-0.099858062,0.104624468,-1.143752557,1.121673361,-0.141975572,-0.348106684,-1.030306955,-0.414950181,0.375796283,1.078702616,-0.833730937,0.668067204,0.126635454,0.545053476,0.576967993,-0.102315115,-0.351181641,0.299143297,0.971878082,-0.211399792,0.02545538,0.129599347,-0.103233542,-0.316228153,-0.066184344,98.43,0
38718.0,-1.046618574,-0.54848525,3.009853897,-1.067560804,-1.345359826,0.208897101,-0.638472894,0.376024261,0.198751641,-0.345650163,-1.726508004,0.173610646,0.021258971,-1.446213664,-2.226190576,-1.884596857,0.576316326,0.801751877,-0.563082069,-0.191846312,-0.502117965,-0.613148226,-0.077657264,0.445500667,0.240236937,1.016324486,0.264523988,0.132208835,50.0,0
75307.0,-0.379746871,1.013329367,1.26944474,0.083741008,-0.018101217,-1.01984085,0.644704947,-0.024136563,-0.268525181,-0.488109494,-0.356928789,-0.517296501,-0.703474421,-0.263106087,0.98659235,0.422683618,0.054172403,-0.032594014,-0.084586942,0.083673458,-0.267002064,-0.760568652,0.014895589,0.305341773,-0.183826093,0.074806591,0.236903765,0.097704211,8.43,0
53181.0,-1.937907791,1.545148709,1.454944748,2.50850567,-0.439142121,0.206426646,0.409709909,-0.72417169,-0.97162565,1.114105496,-0.009464104,-0.363384809,-0.378259018,0.219025231,1.175205096,-0.241639549,0.293062946,-0.442130668,-0.465199301,-0.444199379,0.927444748,0.507345615,-0.084753531,0.623508088,-0.163604048,0.111082338,-1.069440323,-0.618510386,77.59,0
60920.0,1.214562615,0.04720344,0.081784014,0.945696568,0.126391534,0.379022926,-0.098099198,0.127379961,0.316239293,0.022758569,-0.147829737,0.564381961,-0.406066124,0.2033262,-0.792811761,0.193817283,-0.688997998,0.397744479,0.775801882,-0.105845032,-0.22457415,-0.538132687,-0.186371553,-0.843702946,0.718836198,-0.401845597,0.022014479,0.003434966,21.7,0
144796.0,2.050906945,-0.354159034,-1.808637108,0.060744349,0.249213494,-0.788079171,0.177694634,-0.294935003,0.634096628,0.179145664,-1.78643659,-0.733540499,-0.769198284,0.578950547,0.822032186,0.393720049,-0.787858532,0.185819617,0.150300633,-0.125639133,0.163068837,0.425951403,-0.116769927,-0.952822084,0.140382714,0.846968999,-0.108494199,-0.073431529,59.95,0
131889.0,1.850390275,-0.656075952,-0.496379626,0.271274975,-0.717101861,-0.295746834,-0.584499165,0.15663392,1.423999574,-0.072177369,0.309212311,0.240553351,-1.703344498,0.532912859,0.250207085,0.448730553,-0.803146744,0.71716589,0.376204196,-0.214695434,-0.121943009,-0.430053397,0.272350986,-0.438326748,-0.419632007,-0.940065922,0.033602228,-0.033955017,64.0,0
169094.0,-0.523140182,1.10622192,-0.929811692,-0.028421366,-0.437302555,-0.346928368,-0.112674003,0.734239431,0.02108027,-0.320820716,-0.240011659,0.643471177,-0.739500531,0.749586291,-1.475638537,-0.02070009,-0.083751769,0.385593666,0.675282981,-0.50099417,0.303116399,0.694777066,0.009465526,-0.294863774,-0.416120624,0.37649527,-0.6325543,-0.177647209,29.85,0
80938.0,1.149284865,0.242033987,0.744371409,1.061427467,-0.331437872,-0.26904599,-0.104190341,-0.003374849,0.095220938,-0.103102604,-0.012492512,0.674550746,0.665887367,0.140097162,1.357312349,0.05502064,-0.304557825,-0.712662835,-0.733424047,-0.104545255,-0.151422125,-0.400780438,0.126570034,0.053787133,0.242607893,-0.596823757,0.055511362,0.034345562,15.0,0
58735.0,-3.314927505,-2.984824654,0.916308227,-0.948369685,1.810881867,-1.330975772,-1.491130522,0.87519082,-1.598433736,-0.247521831,1.128700476,-0.009005403,-0.857623429,0.571163872,-0.81803402,0.453867389,0.991857835,-1.740145859,-0.164045153,0.840653891,0.644281119,0.505316946,-0.286192636,-0.232553893,0.600674465,-0.136331901,-0.051825325,-0.521684437,50.0,0
86356.0,1.316765952,-1.390377863,-0.135683964,-1.299094547,-1.314960785,-0.523250577,-0.732244477,-0.108927393,-1.898091812,1.543700266,0.503343232,-0.769406355,-0.778457932,0.059389215,-0.930981245,-0.624666516,0.571755165,0.434113,0.440863438,-0.196974399,-0.131454471,-0.173699338,-0.212914828,0.000389671,0.618283,-0.06837006,-0.01401669,0.010900536,114.0,0
27700.0,1.127992885,0.136983709,0.637530103,0.732066612,-0.526362637,-0.773848083,0.048556705,-0.148365489,-0.049941835,-0.130535297,0.516024561,0.914285637,0.818665892,0.148660747,1.125567306,-0.238291577,0.031174709,-1.046412594,-0.774756778,-0.044546363,0.02107723,0.10076189,0.066708949,0.667494886,0.270476275,0.296917766,-0.013686238,0.023186277,30.5,0
154633.0,-0.407127194,0.795764292,1.137909713,-1.151774984,0.852240401,-0.812126541,1.353299427,-0.339261424,-0.547523857,-0.58285346,0.937117038,0.901476329,0.201400139,0.057493453,-1.400976779,0.133721772,-0.903695965,-0.38832857,-0.224043268,-0.081126406,-0.212328628,-0.455009253,-0.178798027,0.085962196,-0.198237079,0.052131388,-0.131750759,-0.112405686,0.89,0
134842.0,-0.947891565,0.920109409,1.363625467,1.015804741,-0.419008675,-0.210735174,-0.036795966,0.621253758,-0.068345017,-0.416863534,-1.282004117,-0.466127681,-0.994760744,0.481142601,0.864924102,0.010266325,-0.004168387,0.254459213,0.500589148,0.0663053,-0.083326224,-0.328509379,0.067921496,-0.106107686,-0.312901047,-0.725897186,0.309695615,0.126209177,35.0,0
138109.0,-0.360814802,0.942994707,0.2569978,0.385238312,0.60677161,-0.806141945,0.943830322,-0.286445208,0.049831886,-0.08214032,-1.178507177,-0.208170094,-0.487647937,0.141213672,-0.355248408,-0.282963159,-0.498095173,-0.090242107,-0.66546418,-0.389772614,0.272937189,0.861661718,-0.125324924,-0.021665047,0.011628506,-0.565084611,-0.283592612,0.017380849,1.99,0
151629.0,-2.06077981,-1.870057012,1.772413629,-2.639422946,-1.89490304,-0.360411837,-0.758025671,0.593420247,-1.789980354,0.174779702,-1.429628387,-1.320259343,0.529958005,-0.579433705,0.507223954,0.769884053,-0.127442355,1.092047183,-1.348141584,0.534505119,0.311548369,0.416472944,0.301778433,-0.164964133,0.499896962,-0.066917424,0.123790883,-0.059147327,272.65,0
141549.0,-0.069324949,0.453845756,1.12665305,-0.618568433,-0.283286055,-0.633147717,0.355504552,-0.054423961,0.470652147,-0.580896948,-0.995909814,0.020620033,-0.050982049,-0.245707971,0.108828167,0.46149982,-0.628814061,-0.29057863,-0.269528985,-0.185769989,-0.129866111,-0.366330092,0.164344663,0.035197407,-0.906855034,0.184546027,-0.079120474,0.041713887,26.99,0
46784.0,-0.976010096,0.774528748,1.778946877,-1.320969226,-0.216732708,-0.768005753,0.738123233,-0.137605408,0.507402281,-0.124427796,-0.00941322,-0.444831955,-1.052160768,-0.132469865,0.899607319,0.150860474,-0.346992618,-0.836104904,-1.18017874,0.088136661,-0.119829948,-0.08085205,0.033474475,0.404122695,-0.464865412,0.697668669,0.090444003,0.00704048,19.99,0
162602.0,1.525207044,-1.912092717,-0.653900168,0.079505276,-1.603462172,-0.405535221,-0.679242832,-0.075849505,0.538287365,0.543928311,-1.441013807,-0.463951132,-0.766772466,-0.015540873,0.508630064,-1.42333792,-0.113798811,1.689009927,-1.12622751,-0.120678178,0.028651531,0.10703048,-0.074077569,-0.112903835,-0.30202054,-0.186082576,0.004428748,0.012982703,300.43,0
85389.0,0.181682885,-2.095276311,-0.863804301,-1.546388076,-1.135264946,-1.265998779,0.988098725,-0.482356029,1.298839609,-1.683678989,1.827586708,2.336478777,0.915351718,0.46603304,0.300876089,-1.367918594,0.077434942,0.179344224,1.385735124,1.124869733,0.416959128,0.218507,-0.72929466,0.650613855,0.781963368,-0.753922953,-0.058538981,0.104521583,581.06,0
161371.0,-0.270722122,0.676542172,0.817701505,-0.408739406,-0.500964544,-0.521044926,-0.099794197,0.428307737,0.545586404,-1.081907108,-1.333723646,0.492491531,0.470345701,-0.081057057,-0.048985259,0.216741854,-0.488784951,0.343301642,-0.414247785,-0.262600399,0.31332086,0.975254062,-0.092593378,0.004601281,-0.302642408,-0.284873505,-0.007389418,-0.005855887,9.99,0
77509.0,0.192895298,0.085999915,1.246940056,0.90111263,1.500717474,-1.258876629,-2.467497107,-0.63138482,-0.160851453,0.603973255,1.82216432,1.209458468,-0.270415946,0.837687503,1.025089316,-0.271443441,0.167514401,-0.549913435,0.474971611,-0.32789361,0.670233316,-1.036937187,-3.074169632,0.386676921,-0.982410085,0.119694998,0.38213618,0.369242361,0.89,0
128563.0,-0.577158962,0.92472043,0.70071855,-0.508654156,1.384659814,-0.98252903,2.479295957,-1.922866017,1.039055258,0.900349494,0.05629478,-1.039626041,-0.427912379,-2.25495142,1.041353708,-0.567865929,-0.168322485,0.523440855,0.032366017,0.102896708,0.042189985,1.099271092,-0.542791789,-0.011029364,-0.209801846,-0.327645932,-1.748363086,-1.078830543,46.5,0
161638.0,1.937755966,-0.267095324,-1.411694227,-0.008624493,0.802874272,0.916341765,-0.172662306,0.277697322,0.325620653,0.111813697,1.013378238,1.131536729,-0.020216465,0.528524501,0.156505664,-0.593459832,0.060715048,-1.504199423,-0.39280311,-0.292573278,-0.199481163,-0.36938768,0.334961264,-1.633077163,-0.460336356,0.310303181,-0.02586188,-0.087506361,1.1,0
137081.0,-0.916180878,1.730992838,-0.983818768,-0.398352818,-0.018868775,-1.244815228,0.357931715,0.517973184,-0.18310357,-0.333233529,-1.105680403,0.606352708,0.751559625,0.827935298,0.384312355,-0.301742335,-0.156616519,0.069679209,-0.045655207,-0.102826596,0.447259152,1.36190691,0.001013434,-0.033538787,-0.682799109,-0.217166491,0.239750727,0.252803563,0.79,0
125883.0,-0.927745278,-0.708684331,0.959714147,-0.74038579,0.120965952,0.608217265,0.388773376,0.225505622,-0.232641964,-0.562787026,0.297822108,0.216430274,0.366367859,0.032627159,0.624405978,0.533016694,-0.714405575,1.040540433,1.380609026,0.77771195,0.39412857,0.626919435,0.33001394,0.168883988,-0.278393562,1.440279998,-0.042598793,0.143117166,222.0,0
68355.0,-0.232278205,0.767529542,1.284466764,0.696400167,0.392693109,-0.171654337,1.041875696,-0.232294104,-0.764872693,0.123251707,0.963046309,0.334816392,-0.051826281,0.325984834,0.371962796,-0.107030093,-0.662713382,0.70928211,0.837465319,0.200352116,0.167326677,0.58096962,-0.140588112,0.014358322,-0.250734721,-0.36215566,-0.011931532,-0.068297892,55.0,0
157271.0,-0.013402599,1.04670535,-0.723863088,-1.012946365,0.958640087,-1.802460989,1.672875158,-0.455469778,-0.247257666,-0.447365742,-1.076085219,-0.666385448,-1.321057807,0.930025194,-0.067745377,-0.621263091,-0.336698241,-0.260439164,-0.132289464,-0.147115314,0.234563783,0.844547614,-0.236675571,0.072307533,-0.345638238,0.088985014,0.388898342,0.2665754,3.78,0
57290.0,1.368119546,-1.018954759,-0.634581617,-1.782294661,0.991229392,3.542678762,-1.557313655,0.921696916,-0.547086734,0.651129705,-0.076449232,-0.759700005,0.361415447,-0.318071176,1.296296931,1.805249191,-0.447811818,-0.413255907,0.584480312,0.285573835,0.348634382,0.742680525,-0.167252502,1.050870595,0.577863203,-0.03776922,0.034412405,0.024863621,44.0,0
132617.0,-0.499902922,-1.068736203,1.432659535,-2.997028678,0.263014482,-0.415884739,-0.467264628,-0.127245802,-2.180221718,0.942379377,0.709788878,0.12300428,1.458431717,-0.918643702,-1.554807629,-0.210616428,-0.263512384,0.459167481,-0.567798992,-0.090273275,-0.016549264,0.374797608,-0.077958682,0.770053386,-0.210329001,-0.374197339,-0.038276017,-0.066563345,6.0,0
128141.0,-3.08580104,2.933389581,-2.32620701,-0.407785338,-0.89875594,-1.299564515,-0.449164918,1.358872687,0.111800673,0.137715465,0.639535749,0.671566796,-0.648512645,0.351345187,0.01250817,0.53494863,0.878144631,1.322613045,0.050065948,-0.190915858,0.519160622,1.022396585,-0.036466111,-0.014755338,-0.332963649,-0.238038308,-0.695640207,0.286941572,20.29,0
41098.0,1.293710079,-0.248332189,0.173501135,-0.199180334,-0.720180951,-0.991154861,-0.03901579,-0.228442008,-1.560047315,0.903214005,1.495016021,0.898706737,0.49547495,0.484650237,-0.136645058,-1.352082755,-0.185454818,0.859314949,-0.449373489,-0.440383322,-0.663743704,-1.552549513,0.218307351,0.488694059,0.119512141,0.106769926,-0.04380228,0.010648247,29.42,0
123354.0,-1.956764526,1.230966208,-0.243856635,-2.345336494,-0.831589602,-0.63443669,-0.325015427,-2.965060258,-1.573116743,0.24644832,1.235002178,0.122715273,-0.677528187,0.739800985,-1.196974391,1.228888564,0.360731376,-1.331200683,-0.050477851,-0.893660981,3.177787383,-0.709447881,0.163972814,0.437802287,0.003049779,-0.416709572,0.492950825,0.007095623,99.78,0
142673.0,2.041063661,-0.158024699,-1.191742891,0.232002528,0.010423147,-0.721905647,0.030143607,-0.129788586,0.404188313,0.262027712,0.5585543,0.668943689,-0.628095015,0.584918607,-0.564259109,0.215573598,-0.617083551,-0.188550415,0.560522795,-0.245105198,-0.266096118,-0.699913828,0.296066495,-0.354145655,-0.308359402,0.200496393,-0.079342388,-0.074748494,1.98,0
159779.0,-3.532628127,-3.536810695,0.517295735,-1.008955899,1.344641473,-2.106226875,-0.891270592,0.438403128,-0.891804775,-0.748081499,-1.762959877,-0.609745126,-0.321683965,-0.138928278,-1.924620367,0.471693226,0.777958233,-1.172651208,0.286685784,1.192301511,0.877990542,1.118802927,-0.392057756,0.090217139,1.399865261,0.298892247,-0.130709451,-0.540255361,175.0,0
53203.0,-1.235003602,1.228235267,1.815717706,1.122023013,-0.779251182,-0.545313128,0.17753757,0.505612238,-0.121622349,-0.435569208,-0.857943691,-0.359531415,-1.489869991,0.421449205,0.185355176,-0.570376369,0.584253931,-0.196092102,0.803547857,-0.076126927,-0.206913969,-0.535698187,-0.015892216,0.651360657,0.332767979,-0.414969217,0.093920898,0.063717549,19.99,0
144444.0,2.058195881,0.058349765,-1.853514878,0.217291658,0.611787809,-0.350350008,0.03863598,-0.03482952,0.341031134,-0.193224793,0.698516231,0.426246881,-0.485538719,-0.56478117,-0.408904512,0.649207119,0.114306312,0.377618433,0.489871769,-0.166150272,-0.344019675,-0.946217175,0.286347015,0.08510751,-0.255333455,0.179636948,-0.070535451,-0.045607671,1.98,0
11607.0,-3.771315026,-2.757319166,0.960179501,-2.849845468,-0.856237068,0.169014972,0.806861221,0.254303162,3.185229455,-2.920960283,2.452664717,-0.981591111,1.321895923,1.464040013,-0.159944638,-0.429798877,0.459184675,0.320136386,-1.187882238,-0.118411113,0.066406031,0.626667625,-0.749066735,-0.213466727,0.569575694,-0.907250367,0.466694465,-0.851935828,511.83,0
124057.0,1.972185433,-0.297139595,-0.808012872,0.363494607,-0.176714712,0.132905237,-0.761876818,0.102179306,1.219503422,-0.522664261,-1.048199347,0.228697732,0.962198923,-1.675479474,0.876359552,1.215189882,-0.035694879,0.708504144,-0.239541045,-0.000176465,-0.079530094,-0.122525798,0.225001584,0.01934587,-0.451161911,0.349145998,0.002486211,-0.004422486,34.75,0
58463.0,-0.557704253,-0.212879151,2.74295858,-0.020100162,-1.106002651,1.128031827,-0.795554564,0.580263541,-0.066504049,0.059878765,0.198493863,1.097509199,-0.170207795,-1.147473406,-2.931524308,-2.06583129,0.426752335,1.054939146,-1.259843809,-0.674342052,-0.30035672,-0.013005473,-0.043411387,0.197794513,-0.236981248,-0.476530478,0.036229536,0.058969074,10.0,0
92517.0,-0.211078961,1.143599613,-0.69518837,-1.181291349,1.814362715,-1.25102356,1.997990192,-0.859585502,1.066980376,-0.815387409,0.254231517,-1.845900622,2.906897435,1.605934672,-1.061890847,-0.859292715,-0.0642686,-0.148638988,-0.553523693,-0.014897463,0.077301279,0.882977645,-0.31784473,0.675100004,-0.104065526,-0.655057493,0.148641404,0.03235197,36.97,0
49863.0,1.446884121,-0.263870841,-0.192447565,-0.660946006,-0.598712233,-1.387964239,-0.001654006,-0.430534877,-1.207217964,0.67521823,-0.171896895,-0.426317803,0.481757888,0.042767479,0.383974197,0.711576225,0.385058783,-1.64339323,0.634491562,0.091247634,0.194922345,0.511845516,-0.170092402,0.445334266,0.805624909,-0.086403916,-0.026795112,0.002981901,15.0,0
153848.0,-0.342131917,1.302967893,-0.520290802,-0.809390715,1.067118585,-0.709662388,1.314608902,-0.467131839,0.957691772,0.53606143,-0.769568393,-0.77793385,-0.82635478,-1.496925992,-0.024492917,0.209510782,0.099627302,-0.151336559,-0.224094475,0.475986513,-0.567328357,-0.955005595,0.017536913,0.338718905,-0.321439213,0.086012523,0.223545159,-0.191049446,14.97,0
40706.0,-0.334591549,0.972752821,1.553646221,0.064274751,0.196485195,-0.671461342,0.848047715,-0.172826212,-0.268859925,-0.346495892,0.384745101,0.001479563,-0.024755702,-0.580472744,1.157612999,-0.085282799,0.303921709,-0.713565497,-0.569438414,0.157446249,-0.261974228,-0.493261541,0.033384078,0.347224837,-0.301651159,0.052885622,0.096092128,-0.124175112,9.42,0
43430.0,-4.214178897,2.653866923,-0.73521019,1.01195619,-2.835020367,-0.154466503,-2.69947855,2.802832295,-0.314572304,-0.760916431,-2.112077191,0.489617139,0.250903444,1.712212414,1.658059128,1.351351441,0.420998705,1.27702535,0.259216334,-1.090901143,0.717877131,0.868052847,0.062443176,-0.132717432,-0.29217421,-0.303487527,-2.000057493,-0.232443432,22.78,0
42185.0,1.211907783,0.219638606,0.253054149,0.655247993,-0.290763531,-0.631076441,-0.07113555,0.002018353,0.208087617,-0.292095312,-0.046959043,-0.309752727,-0.978180046,-0.023435072,1.475851467,0.241691076,0.340738843,-0.602732496,-0.548804033,-0.187994861,-0.273487521,-0.812645528,0.172901429,0.001504746,0.103139793,0.128067628,-0.014368713,0.024900525,1.98,0
154070.0,1.660093498,-0.259436904,-2.012764718,1.086437092,-0.076338023,-1.562724578,0.491075351,-0.342896684,0.919090613,-1.085963975,-0.058571698,-0.065702721,-1.006787841,-1.766507045,-0.084037891,-0.108268302,1.831535712,0.283739175,-0.35571742,0.076749009,-0.044289151,-0.231064267,-0.012038959,0.222640009,0.028120638,-0.331930966,-0.015900767,0.022073846,173.7,0
39505.0,1.365802287,-0.404888413,-0.123316221,-0.685642378,-0.593556701,-0.967117195,-0.021248024,-0.336634775,-1.154099041,0.64217177,-0.751636274,0.03332309,0.827840992,0.168554065,0.694019398,-1.256943314,-0.149091935,0.452710883,-0.310026956,-0.352531077,-0.808494922,-1.984767208,0.187119124,-0.136765855,0.054866468,0.649335731,-0.080803999,0.011569578,49.48,0
70811.0,1.178444735,0.333798475,0.195105782,0.492226167,0.037292036,-0.530139361,0.299485602,-0.09197837,-0.604253084,0.05388885,2.042484106,1.615051667,0.799635509,0.53449884,0.202174551,-0.158882722,-0.219590374,-0.991540563,-0.076169478,-0.079002432,-0.290284799,-0.829701751,0.186820985,0.227535123,0.186122887,0.011789117,-0.035366566,0.00222689,5.75,0
27397.0,1.368967468,-0.722785085,-1.217082388,-0.995271799,1.551832777,3.529474109,-0.89252005,0.80360625,-0.782608792,0.686213746,-0.696084539,-0.065997999,0.10341153,-0.005075824,-0.242675622,-1.561455446,-0.166796923,1.103357475,-0.179001892,-0.368171053,-0.561734184,-1.152067906,-0.029025092,1.007428705,0.622418452,0.382656231,-0.006375056,0.009577468,28.0,0
131312.0,-3.72371638,-4.934520301,-0.448615639,-1.081954157,3.119004463,-2.86638115,-0.80675187,-0.236543168,-0.867439179,0.318788068,-1.003871928,-0.800944444,0.380806015,-0.075507529,-0.165243041,1.213297075,-0.277068775,-1.022031078,-0.138561835,0.588092627,0.674547611,1.273454188,0.905556817,0.719109069,0.082093116,-0.160412333,-0.214876523,0.921480323,285.15,0
51143.0,1.21999812,0.132820692,-0.456001275,0.178415624,0.436853266,-0.236330335,0.407432737,-0.150830695,-0.464227155,0.0729076,0.551105788,0.908999071,0.759174268,0.500669006,0.085765552,0.542019212,-0.956959027,-0.068639247,0.816732975,0.092513839,-0.369618982,-1.222076034,-0.0641657,-0.831188175,0.412149037,0.185831596,-0.075378699,-0.00200126,59.9,0
87989.0,-1.163640165,1.840347213,-1.04624169,-0.665996203,0.319756235,-0.915042784,0.635083381,0.221342512,0.617666391,0.735021465,-1.083983708,-0.095513183,-0.191765394,0.431881089,0.570645106,-0.386110053,-0.402956225,0.212488226,-0.015009204,0.267290686,0.2609211,1.220462572,-0.006399672,0.749571912,-0.630873625,-0.301902896,0.114014732,-0.069822777,1.79,0
41311.0,-0.62580953,0.77058868,0.977043673,0.718527495,0.083008153,-0.340434492,0.585027974,0.137766731,-0.313639236,0.322981487,0.462469384,-0.916247655,-2.562558917,0.957042965,0.648443618,0.085856841,-0.430864502,1.023063277,0.846993339,-0.045129024,0.112226828,0.343486309,-0.014179336,-0.060730509,-0.236927693,-0.311558801,0.292568464,0.186613111,34.4,0
143592.0,-5.280959061,1.022447362,-1.747971109,4.939436588,-4.465120148,3.116370953,2.091670569,1.776802866,-2.255633183,1.049854503,0.188289287,0.974579858,1.194529429,1.11705545,-0.19690616,1.159694008,0.657253699,0.248091494,1.839503664,-1.204336839,-0.972552628,-1.012761284,0.597343971,0.843510299,0.434224652,0.14597614,1.592950754,-1.356192436,729.39,0
4280.0,0.835007919,-0.447309789,1.811235396,1.504693035,-0.647567236,2.028130231,-1.340420697,0.715312011,2.521875576,-0.824132304,1.242669821,-1.569177603,1.558396006,0.932218424,0.526656058,-1.173721773,1.762784747,-1.417608774,-2.274530935,-0.234681752,0.190959403,1.135832337,0.030376437,-0.648945322,0.073445286,-0.124839327,0.135702596,0.032286725,51.48,0
65144.0,1.247169721,-0.197437851,0.829099521,-0.208210431,-1.031385307,-0.914897464,-0.420445456,-0.102285998,0.528527729,-0.225368573,-0.214642309,0.191523252,0.180015983,-0.002246493,1.401430818,0.638641713,-0.414514456,-0.364767073,-0.004272077,-0.011506463,-0.119949221,-0.380341733,0.129648406,0.462077545,-0.065944747,1.234135675,-0.086835827,0.01272579,17.99,0
172069.0,2.061069585,0.097744279,-2.364043045,0.331712907,0.616766305,-1.628048703,0.930500372,-0.50872617,-0.058201985,0.264955224,0.844718861,0.484884034,-1.243635043,1.283827827,-0.734294709,-0.828659788,-0.261007006,0.050210332,0.348911003,-0.301034356,0.348237139,1.122494927,-0.221624104,0.133331667,0.74953235,0.098726666,-0.088870838,-0.094121721,17.18,0
116323.0,1.996807561,0.20279419,-1.777270923,1.035389093,0.713584678,-0.622028542,0.503879839,-0.184655624,-0.239743235,0.525654282,0.894666365,0.490859795,-0.873852774,1.083292027,-0.262868608,-0.101762502,-0.650137513,0.084545412,-0.159578577,-0.275135163,0.089792445,0.232352557,0.099325507,0.665664413,0.271583102,-0.642894019,-0.035242012,-0.061397791,13.9,0
120985.0,2.123054746,0.108008576,-1.987803222,0.267097039,0.692315103,-0.516999757,0.13608699,-0.165676144,0.615136432,-0.361981291,-1.241779342,-0.337219441,-0.322065357,-0.784327073,0.308202014,0.531664409,0.262932201,-0.031746243,0.304573555,-0.168948394,-0.414294584,-1.106315839,0.265441905,-0.137244992,-0.186878592,0.214247863,-0.066634621,-0.038387465,0.69,0
31666.0,1.219780309,-0.333418856,0.619796617,-0.164312154,-0.678324072,0.04232673,-0.682077285,0.166785248,0.469326571,0.013263932,0.555526215,0.322496338,-0.170060039,0.155852063,0.861221378,1.120276889,-1.034808755,0.878840556,0.303370079,0.003151648,0.148900647,0.372283529,-0.152981642,-0.425176853,0.241378794,1.13927492,-0.059194207,-0.000795275,27.95,0
79467.0,1.189285668,-0.425626916,1.007486451,-0.788987615,-1.290514694,-0.627182872,-0.700996961,0.125781092,1.614276754,-0.898371546,1.367382228,1.26334871,-0.60065777,0.14745537,0.605017462,-0.284828764,-0.296525228,0.670589179,0.771789027,-0.149408647,0.047685901,0.328264979,-0.0176859,0.547560103,0.428063729,-0.715183169,0.087225,0.026237423,1.0,0
44535.0,-0.403835613,0.348584428,1.941271255,-1.152202165,-0.445254811,-0.183147929,0.105624594,0.008658312,-1.995215303,0.34452893,1.30902942,0.183806892,1.154139131,-0.245293817,0.223832228,1.089361378,0.102052128,-0.840258028,1.914994657,0.381368163,0.013152402,-0.123956563,-0.163432916,0.003730735,0.116484829,-0.346831863,0.064895712,0.066578689,25.0,0
151214.0,1.708747558,-0.166702908,-0.694376462,3.77125294,0.376315708,1.288911274,-0.308347965,0.351453097,-0.275389698,1.450496872,-0.82962661,-0.300897509,-1.469830422,0.117246212,-2.399641504,0.862079507,-0.811088308,0.454643732,-0.745639523,-0.150234299,0.131567229,0.305097983,-0.046009416,0.063888365,0.093933042,0.114489488,-0.040312541,-0.042282575,100.6,0
118686.0,1.93350207,-1.140931525,-0.519723448,-0.480725164,-1.042816657,-0.188648787,-0.836224498,0.009445627,-0.295419723,0.934052176,0.383440532,0.765635016,0.577996748,-0.049779524,-0.319053742,-0.781807183,-0.639740937,1.455559566,-0.38961432,-0.387354788,-0.544467669,-1.216450664,0.385892552,-0.452738177,-0.762072443,0.22908888,-0.032843658,-0.037452292,94.8,0
162838.0,2.029294597,-0.165349476,-1.470941429,0.15188939,0.178407868,-0.586838642,-0.008359364,-0.061593554,0.527993565,0.208251597,0.826701961,0.246356711,-1.372920925,0.94864135,0.279850225,0.005358687,-0.634143053,0.536958357,-0.002746337,-0.298276554,0.282954817,0.847696417,0.049459742,0.703272458,0.19213239,-0.154235697,-0.034158694,-0.064964972,1.79,0
153187.0,-1.070276363,0.750548345,-0.432042556,0.795661734,1.894682729,-0.913714118,1.370460804,-0.728017589,-0.391774884,0.802916638,-1.104909933,-1.02170414,-1.113662514,0.567535653,0.702678293,-0.83475283,-0.308511649,0.015249329,0.826971785,-0.513372298,0.084740192,0.626612866,-0.215755599,0.581448161,0.018814197,-0.465960386,-0.551072512,0.00927571,2.0,0
151162.0,-2.677137664,-0.997876813,-0.467564616,-1.84051386,1.437567319,-1.464284919,0.75447873,-0.573111145,-1.04219814,0.371353503,1.076699874,-0.162975692,0.600196654,-1.772332402,-1.403365674,1.56189015,0.47425891,-0.828261163,0.715928994,-1.406756313,-0.431034508,0.42898365,0.979168225,-0.387635029,0.403892212,-0.390890601,-0.364488862,-0.692779376,15.0,0
7705.0,-0.63088517,2.772820896,-1.24309845,0.847615934,2.185299608,-0.909380694,2.418848817,-1.969722003,3.798317002,3.530700813,4.729479511,-2.764958709,1.732016702,-4.567407699,0.242185452,-0.281705608,2.530675561,1.352506564,-0.959655807,2.033028104,-0.961587192,-0.057965673,-0.123550293,-0.413612533,-0.289152764,-0.640967653,-0.180936273,-1.409101243,0.89,0
71471.0,1.137512703,0.113272177,-0.027743194,0.845524222,-0.029952196,0.173948857,-0.295822344,0.233908828,0.415623711,-0.636551246,1.168682229,0.626979969,-0.667830775,-1.27027273,-0.609690815,0.12495159,1.068700476,0.244173584,0.040821093,-0.112183511,-0.127969209,-0.148110298,-0.112943316,-0.36856785,0.473547316,0.445001989,0.010660097,0.025262272,12.31,0
65771.0,1.287169502,0.224307419,-0.177172837,0.31119946,0.208530495,-0.089740325,-0.068176867,0.044310469,-0.074860394,-0.099943345,0.505908769,0.282704146,-0.13403809,-0.064386195,0.532166394,1.038705581,-0.65307432,0.637112617,0.533267601,-0.054055195,-0.315683651,-0.974146264,-0.025421592,-0.890931668,0.324069769,0.150551115,-0.032358269,0.00849907,5.99,0
120553.0,-1.267672056,-0.286080928,-0.265309348,-0.896620928,2.460429469,1.052404167,0.447322633,0.572042649,-0.123272808,-1.754105181,0.994078309,0.439113772,-0.456002917,-1.369318791,-0.30001232,-0.439299023,1.443115784,-0.261913671,-0.516063097,0.303315664,0.012300097,-0.192882769,0.143182932,-1.092955225,0.007478422,-0.008721335,0.082824072,0.161750101,103.71,0
135516.0,2.081202873,-0.078060503,-1.723039425,0.178832005,0.346248702,-0.926029034,0.371632959,-0.291491677,0.189638796,0.271675087,0.505159271,0.822519519,-0.349913433,0.621055359,-1.093604096,-0.264417904,-0.412176374,-0.251930206,0.647069765,-0.232351154,-0.013710677,0.141222163,0.036550878,-0.273586793,0.161300627,0.676350431,-0.110187607,-0.093065264,1.0,0
39006.0,1.205725977,0.304113426,0.145672144,1.194030926,0.01284948,-0.418032047,0.23632177,-0.106407946,0.10368873,-0.105651715,-0.393946983,0.457659241,-0.082333349,0.267043,0.272849282,-0.714441557,0.176905105,-0.888557716,-0.433500017,-0.198003085,-0.00729072,0.190267588,-0.118549597,0.105849975,0.776545279,-0.24731243,0.0280405,0.010049134,1.0,0
112390.0,2.02472481,-0.186510337,-1.436981351,0.087039294,0.136186041,-0.578342206,-0.045941978,-0.045688632,0.698667415,0.102228031,0.816351467,0.275301511,-1.439103074,0.958574607,0.396736047,-0.077313596,-0.645279627,0.672709111,0.022933578,-0.313227205,0.309498878,0.941644573,0.03132894,0.690176234,0.25273903,-0.465188463,-0.006110178,-0.060091489,1.0,0
77080.0,-0.116562174,0.267909767,2.106474713,-1.192182393,-0.685344114,-1.156830077,0.428610831,-0.438665254,-1.438690455,0.324238015,0.4267595,-0.104143402,1.235086122,-0.692596715,0.423118499,0.821392814,0.266754543,-1.764628806,0.57560403,0.279482353,-0.014907429,0.020182961,0.014694303,0.919284632,-0.283693021,-0.586608556,-0.094958446,-0.151627907,15.0,0
68828.0,0.564256613,-1.119800545,1.388980417,2.110155494,-1.107135875,1.654062872,-0.947897694,0.711491797,0.679871499,0.249725239,0.639646375,0.35155867,-1.793158979,-0.248659905,-1.248981445,-0.006733508,0.461482474,-0.714927953,-0.762142509,0.170592639,0.076550926,-0.021761373,-0.089831446,-0.242684237,-0.137027303,0.989272944,-0.03251291,0.040250609,227.79,0
63632.0,1.529893655,-0.724855026,-0.028439177,-1.419587633,-1.088605026,-1.138446741,-0.506313356,-0.332575093,-2.591709679,1.648251163,1.552770463,0.245957713,1.045936409,0.0167895,-0.530364002,-0.67894735,0.444039722,0.07472812,0.085787771,-0.316670351,-0.106258743,0.13067424,-0.066461424,0.554837431,0.655782256,-0.114276178,0.00122633,-0.002242687,0.01,0
160026.0,-3.148150834,3.519752742,-2.103154411,-0.438916703,-0.710757222,0.690253097,-3.288004413,-8.513014185,-0.493165621,-1.087313655,-0.974708016,1.606618769,0.367710971,1.774797897,0.077326425,0.033671192,0.507013033,0.188847458,-0.541960776,0.380646102,1.751554654,0.865802402,1.026983244,1.094576082,-0.745215516,-0.275017997,0.495293248,0.352976373,18.91,0
150159.0,-1.170020534,2.001402754,-1.313185272,-1.237186308,0.761747551,-1.865028304,1.574191181,-0.294277717,0.256310211,0.729564061,-0.772422766,0.282516046,0.296061519,0.440016746,-0.188667278,-0.739124755,-0.398497804,-0.508858418,-0.261829681,0.415289396,0.118691087,0.9040155,-0.180277688,0.099158996,-0.083995206,0.077024277,0.536088956,0.229024297,3.85,0
75614.0,-0.641936993,0.106092073,1.574883415,-2.059279903,0.153288599,-0.024027868,0.211192038,0.122303318,1.283101411,-1.79458662,-1.871903811,0.192578588,0.501015638,-0.452544324,0.74172158,0.091499504,-0.907883299,0.745712832,0.585347903,0.055969872,0.037644076,0.196864547,-0.328345809,-0.994309091,0.32853038,-0.734002209,0.14927589,0.115668571,35.0,0
29560.0,1.350967124,-0.721958384,-0.334704912,-1.049059046,-0.247971382,0.269551786,-0.590563614,0.118118766,-0.93110102,0.796506385,0.451107473,-0.770308837,-0.745859725,0.295596236,0.407129655,1.286070687,-0.045486444,-0.830538245,0.884874503,0.094427815,0.225347799,0.461017495,-0.261344818,-1.139708352,0.636212569,-0.032210203,-0.008256952,-0.010760419,47.7,0
132997.0,-0.020946408,1.35617123,-0.97221457,0.682213812,2.126391626,0.280328111,1.509883718,-0.181657494,-0.69466232,-0.22541149,0.116942971,-0.458035774,-0.796461818,-0.995074342,-0.655708075,-0.263877928,0.630999201,1.202153829,1.227362576,0.229679358,-0.042824722,0.28918118,-0.433648695,-0.485290293,0.112299308,-0.388747109,0.278153534,0.039130673,16.23,0
43917.0,-0.431324704,1.073283959,1.707950497,0.042053802,-0.215055083,-1.083869172,0.716412997,-0.094922963,-0.438285326,-0.315003911,-0.083205261,0.13260047,0.11276511,0.133759348,0.808632912,0.09620804,-0.282197796,-0.476959287,-0.109813025,0.090518383,-0.206189178,-0.52282824,0.011833059,0.696475531,-0.233845683,0.050562002,0.267384947,0.124428312,0.89,0
42360.0,-1.280886743,-1.313750176,1.557105744,-1.366405681,-1.344291775,-0.196792148,-1.252122658,0.670963244,-2.727640868,0.973728568,1.28074402,-0.35790172,0.318849873,0.113824985,0.560671194,-0.527029772,0.934006542,0.681038453,0.217899058,0.14734509,0.30180175,0.66480135,0.179784779,0.221809757,-0.337465489,-0.056036887,0.032747902,-0.068923391,111.5,0
109800.0,0.112977136,1.004464628,-0.273451351,-0.313971658,0.909887854,-0.788115876,0.743564134,-0.084514588,1.450236312,-1.16750713,0.099595559,-3.339586577,0.226246622,0.707592035,-0.775985999,0.297991705,1.24975323,0.130086128,-0.50776861,-0.115061817,-0.497713027,-1.108253984,0.139922882,0.470403288,-0.510675986,0.081194328,0.188694033,0.075405922,1.98,0
77754.0,-0.542814928,0.859591758,1.52145214,-0.240905871,0.307168959,0.355235489,0.407701489,0.391179691,-0.577408166,-0.215263969,1.655346273,0.511861483,-0.661236532,0.508912813,0.716070724,-0.169562609,-0.048355913,-0.693786785,-0.417117964,0.007004667,-0.126812708,-0.296792427,0.032306285,-0.321664645,-0.391093813,0.114935254,0.291046893,0.102789295,2.69,0
158936.0,2.063096565,-0.004950336,-1.04789126,0.412333159,-0.094430086,-1.205046561,0.224809839,-0.36944221,0.450418802,0.055955231,-0.631155154,0.759633216,0.660501728,0.156808406,-0.026329211,-0.135921909,-0.319021867,-0.946029461,0.138888925,-0.187406295,-0.282110472,-0.648198647,0.334583716,0.062659877,-0.279151062,0.193432246,-0.066715998,-0.058649938,1.29,0
73896.0,-0.229969815,0.953189045,0.984567461,-0.355522174,0.82911791,0.043502817,0.810061218,-0.087157778,-0.472398023,-0.14042708,0.582972881,0.28917911,0.504425515,-0.567909155,0.278035852,0.823418616,-0.787083527,0.677132457,0.639288985,0.269623362,-0.332344505,-0.743144885,-0.197821816,-0.881661861,-0.048435902,0.09724992,0.076078739,-0.145356503,8.94,0
145654.0,2.060458766,-0.56414112,-1.322803811,-1.627016118,-0.244850087,-0.813314134,-0.197596164,-0.141167673,1.523469306,-0.7390571,1.147302354,1.57815229,0.203138407,0.374328065,0.202241627,-0.571470454,-0.423243166,0.252605061,1.083261047,-0.144973257,0.06103466,0.378145733,0.157808791,0.810115666,0.020203612,-0.294310262,-0.009724855,-0.056822608,8.26,0
52873.0,0.784824846,-0.395636341,0.030100545,1.312307292,-0.508161348,-0.883226558,0.532054179,-0.293452658,-0.041011237,-0.094900622,-0.39419646,0.182927554,0.010580047,0.448888698,0.95264953,0.081349977,-0.417028903,-0.099777702,-0.446759963,0.338441756,0.171300534,-0.001075815,-0.308144012,0.409359742,0.599229301,-0.353706792,-0.031383793,0.061716393,242.18,0
68046.0,-0.212210717,0.292008985,-0.1130263,-1.326296157,2.383688614,3.559371557,0.047900151,0.972641128,0.037104135,-0.725111882,-0.694697141,0.029363398,-0.290641056,-0.113627921,-0.644117329,0.354749446,-0.794989577,-0.186320782,-0.065807478,-0.018824669,-0.243277842,-0.79554462,0.037855522,0.996592776,-0.165798174,-0.022877017,0.014873412,0.034486531,24.94,0
79221.0,-0.563936493,0.482545049,2.460724919,1.210097116,-0.076557867,0.785986951,0.40302857,0.168105051,-0.015626051,-0.220992399,1.010761079,0.930703421,-0.415420593,-0.426843522,-1.205222691,-1.139001861,0.440227847,-0.206863604,0.813013569,0.115919842,0.034738017,0.530707162,-0.211171833,0.248004766,0.070381378,-0.237689439,-0.008395301,-0.116920242,37.0,0
140894.0,2.166772356,-0.518304566,-1.231390477,-0.291323444,-0.459410192,-1.083302652,-0.179789051,-0.436250177,-0.451792331,0.754236959,-0.982985524,0.572951873,1.465805524,-0.024594738,0.247644577,-1.80997595,-0.291460502,1.256795293,-0.927901198,-0.559317863,-0.043482978,0.603334474,-0.009257363,-0.068698437,0.274295867,-0.016203768,0.019197972,-0.051562381,11.86,0
83594.0,-0.316776579,1.046016857,1.124215549,-0.011683914,0.116314317,-0.808112595,0.625606465,0.010367622,-0.209952783,-0.478468175,-0.712554403,-0.757950729,-0.874057669,-0.240941087,1.03583341,0.536313696,-0.061640491,0.10741872,0.051783988,0.055622366,-0.300061983,-0.841827347,-0.049289349,-0.054753317,-0.148789111,0.09774177,0.238655113,0.092350301,1.79,0
33550.0,1.052515411,0.073224669,0.534787569,0.478125989,0.19602739,0.862604881,-0.249599624,0.357459312,-0.036819123,-0.265203038,1.082080978,0.998400007,0.459732413,0.324052314,2.066899438,-1.071734011,0.883899389,-2.627331605,-1.794621492,-0.22469522,-0.113689821,-0.165238081,0.301852322,-0.633937609,-0.131192409,0.202092848,0.044772661,0.008014901,0.89,0
78423.0,1.2735345,-0.69523976,0.681075575,-0.653441625,-1.298013133,-0.544245853,-0.75384406,-0.011820992,-0.906487271,0.813820281,1.163211671,0.526926106,0.272163382,0.140450186,0.375301956,-0.846652257,-0.384613974,1.587214388,-0.591092271,-0.395752725,-0.308684722,-0.5056725,0.069150949,0.363198334,0.042773241,0.969159065,-0.049540606,0.010105857,37.9,0
156102.0,-0.631253669,1.16663816,-2.120234403,-1.632978342,2.851552624,3.158622819,0.203391785,1.139719476,0.2026284,-0.201223678,0.127975316,-0.068077809,-0.391181495,-0.78425557,0.183945925,0.221330837,0.397813236,-0.398428158,-0.460103889,0.249602733,-0.411019985,-0.94138999,0.120397348,0.588478557,-0.32948065,0.147369631,0.188908308,-0.11402375,14.97,0
157314.0,1.85132311,-1.211287336,0.094335632,-0.286203681,-1.527228332,-0.165559509,-1.149874429,0.076465516,0.249225801,0.635130012,0.797163894,1.373531979,1.123533116,-0.312125321,0.026313508,-1.071754814,-0.662893365,2.070210378,-0.804438551,-0.399090977,-0.159723971,0.026254404,0.246780063,0.034940957,-0.470736411,-0.767703403,0.093598425,-0.009536181,94.9,0
113003.0,2.129527611,0.060927995,-1.699549518,0.012850785,0.654271817,-0.506223719,0.250187005,-0.334801196,0.576479955,-0.141064901,-1.091889975,0.848805991,1.635584263,0.143874329,0.788953431,-0.138399529,-0.877182948,0.151353686,0.058530412,-0.111400114,0.23725059,0.906568491,-0.086659737,0.148147943,0.491165348,-0.417594623,0.012279583,-0.050545994,1.0,0
125160.0,2.411498619,-0.945026079,-2.179706059,-1.663149848,-0.141162619,-1.013505826,-0.193540859,-0.561755175,-1.988910976,1.631796268,-1.084611209,-0.33344496,1.544801433,-0.237134378,-0.84765188,-1.243756547,0.599265616,-0.487120041,0.175205784,-0.36155664,-0.057992237,0.438084568,-0.0198197,0.53730378,0.490309359,0.089883137,-0.042104913,-0.071083665,10.0,0
155260.0,1.771777364,-0.801315898,-0.731838639,0.263006271,-0.528800742,-0.316079845,-0.320515113,-0.169138398,0.935542904,-0.039934966,-1.223699601,0.614507978,1.445848168,-0.31155165,0.821055844,0.699676768,-0.951114212,0.17505495,-0.173368793,0.214043466,0.235558114,0.543609841,-0.037869542,-0.563226481,-0.275944107,0.672867811,-0.057364671,-0.026961422,156.6,0
172264.0,-0.895737827,1.265369578,-0.658885725,0.016598036,-0.143575526,-0.252427753,0.688958652,0.505713494,-0.771534177,-0.83780524,-1.663591127,0.54747624,1.102642606,0.625923316,-0.073684925,-0.34720748,0.206661105,-0.477404923,1.385551873,-0.166457474,-0.073724154,-0.3009213,0.025622475,-0.655086057,-0.545900877,0.409228186,-0.175639615,-0.010528644,109.3,0
130887.0,-0.868418204,-0.4318303,1.314239814,-2.124694931,0.216237094,-0.033667569,0.081426297,0.275831721,-1.265033372,-0.079441998,0.203219036,-1.373860928,-1.99972694,0.237790395,-0.640366303,1.432564341,-0.051387458,-0.826306205,1.320177624,0.258717481,-0.20868972,-1.141150493,0.059320566,0.231970996,0.273213848,-0.570538834,-0.03870184,0.056488992,69.0,0
117375.0,-1.020913913,-0.120366675,2.245904329,0.830037584,-0.0245189,1.165129065,-0.234355182,0.517240181,0.382809575,-0.58435411,-1.942744309,-1.220103152,-1.079181148,-0.17108655,1.540044686,0.516912869,-0.592277421,1.324810927,0.474175111,0.370911007,0.299591773,0.574685454,-0.102053031,-0.030510857,0.45630734,-0.269257221,0.090121307,0.108093006,121.14,0
119040.0,-2.405179874,-0.807825861,-1.013340498,-0.367294302,1.475351171,-0.668911566,0.284088878,0.459482686,0.30553057,-1.180855947,0.512201577,0.354538527,-0.589019659,-1.175492113,-0.892791394,0.581371734,0.710558368,0.825230969,0.455711158,-0.64271913,-0.406732214,-0.421983356,1.02189374,0.083158055,0.612857549,-0.039415696,0.137362413,-0.119485543,75.46,0
120842.0,1.915615115,-0.206031761,-0.582688274,1.429129554,-0.027385257,0.239787754,-0.235009799,0.050215824,1.12567536,-0.03951405,-1.534519647,0.796024123,0.253903437,-0.371382668,-1.18897705,-0.323866488,-0.205686383,-0.790211884,0.329105636,-0.175843094,-0.530169265,-1.304411959,0.408224694,0.399046289,-0.255585009,-1.126409915,0.046943329,-0.020840805,34.0,0
136712.0,-0.442693087,-0.090510717,0.385224268,-2.268693367,0.403056029,-0.172004133,-0.03984097,0.207059828,-0.824079898,-0.731721947,-0.086171942,-1.450657378,-1.076364764,-1.853488094,-0.885997375,2.406682501,0.523035807,0.654612783,0.266503251,0.119361615,0.305046214,0.68014808,-0.341410443,-1.238855364,0.018940063,-0.142352105,0.115243136,0.156898542,39.95,0
74411.0,1.191532062,0.248863848,0.358718517,1.078230962,-0.196565181,-0.444558986,0.026474768,-0.045047468,0.104712483,-0.02401369,-0.249265505,0.072568333,-0.367211171,0.436753574,1.270609022,-0.166674755,-0.157485336,-0.462988896,-0.777087491,-0.193248454,0.095354611,0.343058317,-0.078892634,0.081405819,0.594030325,-0.266066132,0.033352495,0.018036824,5.9,0
155832.0,-1.802864817,1.772621449,-0.158001793,-0.855981993,1.017009673,0.501923776,-0.502243636,-3.934698707,-0.06029732,-0.001006188,-0.041337153,0.713941085,-0.084870735,0.629464848,-0.283231636,0.087489233,-0.588827285,0.484310588,1.115070647,-0.915633445,3.511928361,-1.881111904,0.1356098,-1.123214251,0.117945394,-0.426152176,0.643597149,0.174566691,13.0,0
109761.0,-2.411139094,0.036059907,0.686905922,3.385737564,1.742552508,-1.063883433,0.191406561,0.18521006,-0.69735581,0.271952612,-0.57216021,-3.34430018,1.123545552,2.229638365,-1.274652341,1.076841701,-0.043851053,0.297431197,-2.017928476,-0.405822614,0.168801374,0.312446329,-0.879372889,0.032193433,0.128376166,0.080687045,0.087353336,-0.407363579,60.79,0
162467.0,2.001402604,-1.016507606,-0.861843414,-0.499777687,-0.77539179,-0.185197151,-0.73992264,0.009760175,-0.410664584,0.999138704,0.599470832,0.552267541,0.02751368,0.14642091,-0.470220849,-1.138316829,-0.388013861,1.521195756,-0.570394665,-0.47161642,-0.287407235,-0.405771146,0.28300308,0.757804614,-0.419415717,0.498020643,-0.051988177,-0.045433854,62.7,0
65117.0,-0.242433879,1.161644023,0.727164262,-0.275321835,0.792970272,-0.159836566,0.747494996,-0.037207244,-0.441688632,-0.537475267,-1.302962425,-0.041209802,1.303108139,-0.700313322,0.893042708,0.746655133,-0.554091866,0.202764336,0.429994766,0.220114951,-0.34478058,-0.869979629,-0.198329351,-1.042420926,0.058140221,0.155521331,0.24983724,0.086139609,3.59,0
153929.0,-0.36738869,-0.955626157,-0.133342168,-2.780038135,-0.055931407,0.002600285,-0.751715989,0.230265678,-1.801695644,1.21379498,-0.87431336,-0.684306927,0.744660738,-0.472000715,-1.276144004,0.177363409,-0.444603851,1.113818286,0.398858458,-0.520841648,-0.042064321,0.53614431,0.440248527,-1.412717344,-1.134990436,-0.353454405,-0.04961883,-0.091408827,6.0,0
36455.0,-1.925495886,-2.100095943,0.569250294,-3.313878424,2.251098807,3.101417476,0.082134804,0.826917734,1.264434434,-1.933693149,-0.310790482,0.198142861,-0.091579655,-0.374797128,0.848963478,0.154008803,-1.015401668,0.68224385,0.248925291,1.042514201,0.196566574,-0.161329539,0.504581165,1.001234377,0.720631132,-0.183680782,-0.25377006,-0.120204851,300.0,0
21417.0,-2.437793879,-2.270669911,1.755740797,-2.217898919,0.431686308,-1.655021181,0.178320172,-0.483387585,3.216430503,-2.159732778,0.402835896,-1.754130119,2.026847853,0.696177115,-0.487828633,0.050818243,-0.156242298,0.402595942,-1.008783031,-0.273940055,-0.01886467,0.582500071,-0.17434614,0.448091417,-0.056647892,-0.417939191,0.076548001,-0.104465857,298.47,0
154606.0,-1.789377769,1.680987954,-1.027426828,-0.5867366,-0.535648869,-1.234831005,0.265800652,0.866137801,0.228087174,-0.162774332,-1.654406543,-0.208445464,-1.222628208,0.954813389,-0.611304935,0.025763759,0.112437673,-0.502749592,0.003982706,-0.170101081,-0.165052656,-0.39669778,0.233181203,-0.052444945,-0.718200361,0.135903939,-0.050094585,-0.046891888,29.69,0
126027.0,1.768748276,0.18591309,-0.763596425,3.779311193,0.444492049,0.482915932,0.109520783,0.052023056,-0.85700435,1.521109737,-0.234610799,0.378922196,-0.188582142,0.191913042,-2.179483141,0.793461328,-0.923403702,0.146215501,-0.89744245,-0.150084677,0.136835637,0.386899304,-0.048600035,-0.495064262,0.138337972,0.100208826,-0.044311956,-0.053853515,75.0,0
49287.0,-2.597212015,-2.537279348,1.556985368,-1.128720561,0.474978719,-1.106014974,1.201430242,-0.731679972,-1.276974615,0.269245136,0.432850451,-0.469781907,0.945265032,-0.814284497,0.452005112,0.694305568,0.140744607,-1.924059294,-0.376883398,0.341079991,0.198487396,0.908992839,0.838376929,0.45296828,0.822521952,-0.222429549,-0.299398677,-0.298810962,331.05,0
166313.0,0.214239046,0.525080968,-0.916271153,-0.712961624,0.534652758,0.753531305,-0.473263894,0.840407208,0.573848897,-1.013619871,-0.789930366,-0.485408816,-1.093182863,-0.879021931,-0.499364988,1.485205268,-0.219075524,1.747439159,0.007945472,-0.291828759,0.218997373,0.575609802,-0.031302163,-0.84520563,-0.789685287,0.493530892,-0.073584635,-0.038249544,9.9,0
156043.0,-0.479834226,1.027921226,1.84272279,4.348205037,0.744024904,2.065152216,0.065521841,0.550787526,-1.578650176,1.2627992,-0.788003436,-0.876360266,-1.421873939,0.079656035,-1.254010096,-0.361393187,0.329754466,0.919893456,2.200362613,0.247735293,0.097793734,0.399935398,-0.465727032,0.098613,0.563868302,0.700425282,0.083263991,0.074040336,27.35,0
48041.0,-1.896060256,-0.056717637,1.962379038,0.657907234,0.732622283,-0.941494277,0.341433171,0.083843829,0.111638369,-0.514573746,-0.571536628,-0.62405272,-2.255579992,0.250102642,-0.391428068,-0.635954429,0.333998859,-0.8371556,-0.936373795,-0.573070613,-0.094351947,-0.060909601,0.016773437,0.57366423,0.602087967,-0.422244989,-0.143139816,0.130025207,5.0,0
31507.0,-0.35103044,-0.796388157,1.631434026,-2.994982816,-1.056914162,-0.049777691,-0.300745651,0.008254445,-1.615730137,0.336950319,-1.751998601,-0.650305605,1.63547007,-1.330153282,-1.200914815,0.432214004,-0.488207051,0.462165198,-1.630797231,-0.24081453,0.089915167,0.618413599,0.008210132,-0.439027634,-0.342143392,-0.426443408,0.173990907,0.179276245,89.0,0
6182.0,1.162481551,-0.003318425,1.122478723,1.079935967,-0.794627358,-0.332832053,-0.469840609,-0.137526965,1.958167455,-0.618137969,0.340618552,-1.600120754,2.624822171,0.919740347,-0.765822885,-0.083610947,0.562149741,-0.016241782,-0.278020211,-0.043502109,-0.066342719,0.28360499,-0.123172653,0.42772464,0.494009255,0.465886527,-0.019898117,0.018430417,29.99,0
142917.0,-0.385939149,0.66291833,0.225586541,-0.820156461,0.479693449,0.674373378,-0.071315757,0.654940809,-0.275815255,-0.660630296,-0.307248272,0.828029867,0.907725483,0.213286505,-0.398948021,0.817694867,-0.968598623,0.571057316,1.005356475,-0.016900179,-0.084105975,-0.391649182,0.183419668,-0.340588147,-1.198989148,0.18493332,0.061842137,0.141999386,21.98,0
153779.0,-0.314742636,0.584869487,1.55011672,0.752856339,0.601513676,0.537372221,0.299238831,0.032410753,-0.146549056,0.193529043,0.858568473,0.739043585,0.287825269,-0.144101048,0.032135219,-0.047914465,-0.672419498,0.523624248,0.783358662,0.065236641,-0.036390128,0.078806307,0.05965308,0.656766484,-0.928469134,-0.934824511,-0.027851082,0.010747836,11.0,0
37403.0,0.953854532,-0.236516898,0.790516456,1.47793442,-0.84472686,-0.397631326,-0.122233241,0.100892852,0.702277655,-0.20316268,-0.301126636,-0.115272505,-1.854928834,0.352027962,0.250967394,-0.627830936,0.496948277,-0.947544453,-0.523949181,-0.144431766,-0.176785718,-0.566244671,0.084697561,0.542137925,0.265212667,-0.550977142,0.030843953,0.040617287,88.95,0
149560.0,1.876802827,-0.524548767,-0.404549896,0.153272266,-0.739053075,-0.733869206,-0.375028809,-0.125442655,1.178921292,-0.217655865,-0.636512489,0.632809496,0.497232049,-0.022956534,1.028840318,0.308824725,-0.601123936,-0.268544836,-0.148810672,-0.055466627,-0.107235919,-0.324920076,0.324354609,-0.099529188,-0.538009197,-0.277704578,-4.52e-05,-0.024543813,71.63,0
141367.0,-1.263605405,1.530968027,-0.408148428,-0.531946737,0.184640662,-0.599395717,0.116929347,0.858506152,-0.241654879,-1.482113893,-1.112243953,0.054491082,-0.033024233,-0.755541172,-0.230927132,0.800321104,0.832049655,-0.027682157,-0.008325047,-0.137067398,-0.442782866,-1.494886288,0.25928681,0.419152147,-0.703597343,-0.126273112,-0.00727142,0.102957426,14.14,0
46211.0,-2.47345025,0.301547657,1.740614859,-1.086309213,-0.800130247,0.167218002,0.105175665,0.289191535,1.012271078,-0.148861693,0.352047821,0.599431932,-0.653980535,-0.641321324,-1.430207942,0.419799754,-0.490189969,0.022231222,0.27210326,-0.340082774,-0.310715579,-0.396823584,-0.638235914,0.086317261,0.065106802,0.717908494,-1.028869359,-0.772417945,97.99,0
146410.0,2.190001694,-1.11348777,-1.304072896,-1.224310849,-0.346671625,0.359952405,-1.045198754,0.192446133,0.005318539,0.952766202,-0.261946378,-1.020801244,-1.392522927,0.111039201,-0.326451361,1.546137001,-0.283795322,-0.41205237,1.201768412,-0.058579259,0.172600137,0.402686803,0.088647005,-0.380062512,-0.089230761,-0.159210019,-0.023761862,-0.06770523,22.0,0
72048.0,1.080950657,-0.216694593,0.702817586,0.663192738,-0.642189516,-0.014063446,-0.342721236,0.227823606,0.433166951,-0.0771701,1.276197495,0.746213589,-1.263796052,0.339123212,-0.469891863,-0.280870155,0.176651214,-0.630433753,0.108419452,-0.163519128,-0.208622381,-0.543091329,0.116530623,0.217658562,0.137869657,0.287443076,-0.02197765,0.005592056,29.99,0
43649.0,-0.027209476,0.643972179,1.200220701,-0.524479543,0.452780045,-0.485308706,0.73535834,-0.36620796,-0.268105143,-0.218149022,-0.915724051,-0.168364803,0.811011446,-0.176656765,1.257862249,0.012604591,-0.503977138,-0.059709705,1.191002294,0.208416823,-0.077677448,-0.000170923,-0.17898727,-0.373935813,-0.601690418,0.975670085,-0.084591131,-0.082028102,0.77,0
78585.0,-0.681784421,1.026792368,0.748127572,-0.043176849,-0.102370216,-0.506138918,0.346200475,0.564692262,-0.810443063,-0.470988383,1.093673556,-0.167282031,-2.101999594,1.284985391,0.220653091,-0.068000292,0.093477174,-0.034864409,-0.090227352,-0.328571456,0.182431223,0.307384975,-0.015496226,0.20072207,-0.50199667,0.262822139,-0.031492902,0.069760951,6.79,0
35032.0,1.095143347,-0.23423894,0.085506312,0.184883914,-0.58770206,-1.149936214,0.244864185,-0.308517176,0.08112592,-0.162936517,-0.245171892,0.209383561,0.174562988,0.299022425,0.994146583,0.180017939,-0.276846897,-0.469789415,-0.03179416,0.148681797,0.039116986,-0.095608632,-0.129414616,0.480972229,0.353280729,1.026861991,-0.110141164,0.018299114,110.9,0
64226.0,-5.933151751,-2.673112999,-0.829384243,-0.292541109,-3.142624484,1.72881936,3.725477433,-1.048388292,2.315420148,0.737047037,-1.355244842,-0.237860759,0.505168674,-1.793756048,-0.199977962,0.909187826,-0.992525916,-0.555629376,0.353844567,-2.221499263,-1.44209152,-0.369024411,-0.622498279,-0.308799007,0.162247686,0.685920034,-1.117266725,-0.587854395,697.06,0
34521.0,1.407591449,-1.22971542,0.407873838,-1.527634939,-1.191206107,0.188637046,-1.186510377,-0.037781229,-1.743638392,1.320521472,-0.822550396,-0.409782606,2.013293116,-0.763782934,1.018178409,-0.251320941,0.275608068,-0.015828495,-0.510830956,-0.128303692,-0.039365593,0.277859121,-0.139483662,-0.73640366,0.40247001,-0.031684593,0.065243338,0.027800806,68.0,0
65502.0,-0.386578719,0.667351347,1.714593014,0.718199579,0.813676117,1.140851855,0.502137769,0.28715298,-0.40479149,-0.21513761,0.791901725,0.050921653,-0.647098357,0.340963122,2.290813462,-1.563492691,1.00787859,-2.079690551,-1.152241254,-0.087702736,-0.009229,0.244828271,0.188099413,-0.684360906,-0.976613175,-0.556043724,0.08585986,-0.060444677,9.99,0
166418.0,-5.396484812,5.273985897,-3.304890971,-1.695988582,-0.630854512,-1.071173529,0.229343839,0.839162084,3.766791461,6.009186196,-0.906678528,0.472821255,0.626503878,-0.763487506,0.748662319,-0.668363479,-0.584902775,-0.044972344,-0.447923401,2.544577229,-0.327649346,0.927423338,0.159986345,0.434932916,0.278002632,-0.307294692,0.986996729,-0.109647097,1.52,0
66261.0,0.877129146,-0.913131843,0.935805805,0.326364776,-1.196667473,0.128564585,-0.55817506,0.177112029,1.246200505,-0.554210822,-0.64036711,0.449026652,-0.428858878,-0.411359932,0.013043901,-0.373683511,0.451021504,-1.007078324,0.061904482,0.170925361,-0.119761242,-0.411337273,-0.01773162,0.157412784,-0.005634702,0.957158051,-0.048375487,0.036343192,159.08,0
33911.0,1.304709386,0.064205785,-1.296633643,-0.480400611,2.135913536,3.182783873,-0.500546653,0.803980368,-0.074470128,-0.219004495,0.131624782,-0.028006519,0.012064181,-0.112153631,1.300433599,0.813254537,-0.49538297,0.16716768,0.174093491,0.039637725,-0.340622139,-1.150292758,0.092290872,0.946295183,0.368468192,0.11026412,-0.022477136,0.024228637,5.37,0
141439.0,1.828488948,0.175663474,0.277526532,3.901439265,-0.38553655,0.310314622,-0.558453572,0.152676511,-0.185437732,1.374419904,-1.435316412,-0.416317235,-0.353686185,-0.181738537,-0.488070132,1.146255417,-0.833763791,0.060411576,-1.844903547,-0.2876679,0.23768885,0.768460813,0.150438587,-0.038165901,-0.221969717,0.09046607,0.014146991,-0.030966921,19.98,0
44723.0,-0.875218379,0.381467955,2.525938891,0.187029551,-0.545730944,-0.174774195,0.274499595,-0.028503739,0.707022835,-0.215244187,-0.91078827,-0.39592103,-0.813793611,-0.623537535,0.150509936,-0.020639833,-0.208778794,0.005845462,0.159793355,0.136483374,-0.106246513,0.050421374,-0.162244896,0.410788595,-0.123736181,0.275627709,0.051924612,-0.041397048,50.0,0
79569.0,-1.223027903,-2.054694615,0.450961355,-1.298873703,-3.064765877,1.051551056,1.465806115,-0.469706014,-2.079980067,0.913847222,-1.40248034,-1.860041978,0.528217683,-0.64039251,1.191467921,0.022383772,0.217695123,1.034921956,0.620961233,-0.216050888,-0.00909619,0.591892126,0.190357309,-0.41663791,-0.398951491,0.009595574,0.489530306,-0.059919649,699.0,0
114530.0,2.083213156,-1.03542305,-0.367264278,-0.751507571,-1.294895197,-0.882460643,-0.903454777,-0.146003275,0.097098523,0.697791263,-0.724601449,-0.436618611,0.11204667,-0.414581889,0.230918577,1.262563797,0.135515847,-1.50001988,0.604992831,0.034546879,-0.021520839,-0.134775861,0.356184409,0.017739851,-0.51788975,-0.491330297,0.004788773,-0.033466751,49.0,0
50244.0,-1.344465858,1.090801839,0.129592186,0.362493042,1.050522517,0.819485293,0.473216922,0.508946047,-0.943548496,-0.062576509,-0.197477334,0.056619918,-0.214910838,0.880088659,0.687284233,0.164069836,-0.521097247,0.259871849,1.372352363,-0.260096443,-0.293422357,-1.020784088,-0.011931731,-1.780857169,-0.001021301,-0.58214205,-0.371407154,0.054262549,32.53,0
57006.0,-1.597624766,0.844768823,1.668774052,1.158987168,-0.18160346,-0.483124226,0.209892695,0.41092811,-0.38844064,-0.481760252,-0.788825027,0.668878986,0.709621097,-0.018897856,0.008575033,-0.553441536,0.335474097,-0.333240414,0.936994788,0.067425834,-0.215565663,-0.415349621,0.166252859,0.375288355,0.512211689,-0.392421238,0.142677774,0.034870265,29.99,0
36579.0,-0.955630372,0.495279289,1.226289265,-1.508734084,0.103671754,-0.226350748,0.360524226,0.162849741,0.696081339,0.361396526,0.988501169,-0.40781582,-1.945609802,0.147981078,0.3761256,0.625149059,-0.802092823,-0.04789161,-0.743421789,0.187219669,-0.193150961,-0.27331383,-0.033462803,-0.322628232,-0.293390981,0.743675997,0.222432269,-0.004790986,22.28,0
127903.0,1.873356339,-0.211168973,-3.537939342,-0.234786018,2.790315442,3.104467551,-0.242173852,0.765083332,0.704280976,-1.034871155,0.398572654,0.139562259,-0.446128655,-1.75352684,0.233872457,-0.044911852,1.497558629,0.285176489,-0.225942229,0.019283648,-0.130900371,-0.35178821,0.047396817,0.536947293,0.193606896,-0.280439807,0.022296979,-0.003677451,76.35,0
82064.0,-1.599016803,0.443339495,1.931701202,-2.668635236,-0.048108564,1.516532104,-0.366757956,1.320718967,1.06374433,-2.231438403,1.580894807,1.620998615,-0.662510024,0.145865876,0.028137937,-0.996449031,0.53660488,-1.345445041,-2.135868181,-0.333276339,0.159501496,0.678648897,-0.178395162,-1.035707878,0.395389142,-0.745680164,0.260734028,0.041207515,16.73,0
127499.0,-1.675905751,1.334814009,1.616644322,-0.996291412,-0.175840939,-0.006743089,-0.232316814,-3.0241226,-0.124132797,-0.789679358,-0.750729213,-0.038367675,-0.106675796,0.023570393,0.805298004,0.700003326,-0.7411469,-0.199752555,-0.360441389,0.485837253,-1.479512479,-0.25324675,-0.093229648,-0.044812086,-0.025246084,0.269314454,-0.701126725,-0.134904753,50.0,0
63540.0,-1.686345936,-0.549591841,2.660830563,0.288715113,1.373174237,0.988671204,-0.717031908,0.795131162,0.216550132,-1.08347345,0.338362922,1.201655665,0.65178481,-0.493332514,0.479116239,-1.1493008,0.756057448,-2.10564225,-2.536337318,0.033298305,0.256919872,0.7227412,0.145732673,-0.620070243,-0.155315122,-0.464868639,0.164705084,0.126731955,9.99,0
100844.0,1.934854481,-0.503047573,0.150766885,0.378275282,-0.798917891,0.126526958,-1.09909092,0.139281145,2.445027787,-0.227454786,1.510440191,-1.609571814,1.709992269,1.31204234,-0.589456147,0.87075121,-0.209161206,0.822869442,-0.175046985,-0.198176785,-0.077761552,0.134652908,0.280845823,-0.431553563,-0.628778761,0.448453099,-0.041786541,-0.057239558,15.95,0
80470.0,1.215478672,0.36786472,0.295818891,0.634947419,-0.11137646,-0.583932243,0.062972929,-0.111208453,-0.094311924,-0.350270773,0.293757914,0.752818015,1.019630095,-0.42130951,1.256499001,0.14782498,0.226531777,-0.848086963,-0.561945603,-0.062201426,-0.25117578,-0.648438238,0.149880199,0.056152447,0.171143578,0.121488424,-0.001101318,0.029001807,0.89,0
68162.0,1.37927351,-0.4465115,-0.038930553,-0.847111213,-0.629990063,-0.807778227,-0.276920561,-0.130550194,-1.212850778,0.81502353,1.148533926,-0.281482006,-0.565629955,0.375657178,-0.089264892,1.259094238,0.032702077,-1.23085032,1.210552358,0.075369739,-0.1722185,-0.73714454,0.069344536,-0.051147123,0.33314225,-0.525792169,-0.027762943,0.002016767,28.0,0
51823.0,-0.456934978,-3.521250074,-1.44643349,-0.444571278,0.367938428,4.088297053,-0.104653376,0.802728384,0.836750971,-0.736490496,-0.385356644,0.292996691,0.198842767,-0.130269171,0.585201025,0.668596555,-0.521514254,0.152372812,0.368131284,1.910696183,0.36038364,-0.976174532,-0.751193759,1.143191335,-0.137683384,1.258113003,-0.228782537,0.161420693,909.49,0
58529.0,1.229543978,0.230011698,0.40407435,0.788378468,-0.690810917,-1.301665652,-0.025391522,-0.12386541,0.279693798,-0.231437014,-0.078418792,-0.604686852,-1.611991035,0.086788338,1.265700484,0.467226188,0.214990567,-0.186708203,-0.309593597,-0.202793006,-0.285877615,-0.916467377,0.189865689,0.622799113,0.111875779,0.080040541,-0.034533661,0.03052713,3.08,0
58776.0,-2.227071538,2.024517194,1.202341625,0.375395594,-1.03279823,0.752067012,-0.889874741,0.813496799,1.066844464,1.721722977,0.95560699,0.466860927,-0.261729856,-0.145261856,1.399764855,0.389866326,-0.48750009,0.976313616,-0.104011791,0.460575392,0.383946843,1.047612727,-0.038848778,-0.326955229,-0.134761244,-0.223042683,-0.147125625,0.291746014,1.42,0
83456.0,1.333296093,-0.714904104,0.076824209,-0.256317797,-0.343123871,1.012812023,-0.840823866,0.319041632,-0.438652821,0.743775433,-0.471416727,-0.00668871,-0.601433418,-0.021787045,-0.773738305,-1.495072563,-0.075448463,1.385035404,-0.124955455,-0.558440797,-0.489336286,-0.747536504,-0.130568077,-1.354879396,0.483683031,0.512321277,0.01603275,-0.011759714,11.5,0
124089.0,1.858494816,-0.389550249,-0.277896771,1.39428089,-0.787921904,-0.58636758,-0.500126303,0.000475563,1.116916248,0.243804836,-1.164705345,-0.510601694,-1.309309945,0.299722183,0.938703235,0.53084251,-0.702444567,0.527716,-0.772435621,-0.239274443,0.23952137,0.664357836,0.111651164,-0.005898171,-0.157409002,-0.564869675,0.038059288,-0.023883217,57.0,0
75153.0,1.376607101,-0.542893702,0.267753343,-0.891675872,-0.525674172,0.010013622,-0.645983213,-0.056034675,-0.815068342,0.528443722,-0.55357191,-0.112970917,1.589945782,-0.49527456,1.053220722,1.161479903,0.0862774,-1.646907258,0.417223662,0.191899838,0.105732724,0.272173852,-0.090193624,-0.725512449,0.435724942,-0.207233087,0.035455872,0.015818205,31.0,0
88475.0,-0.064399877,0.837608659,-0.189642785,-0.827896094,0.934975954,-0.527541167,1.019660944,-0.198301462,0.054488825,-0.31044895,-1.799020472,-0.058244579,0.481298087,-0.044217665,-0.345160791,0.19015985,-0.81257251,-0.448193504,0.314515908,-0.011972946,-0.313694686,-0.733616732,0.014603238,-1.004700903,-0.335108474,0.191841165,0.12407193,0.076018147,10.72,0
138999.0,0.178087107,0.494065399,-0.809869102,-1.172847048,1.80955801,1.202676779,0.732027568,0.211367428,0.347356293,0.06200011,0.634676698,-0.016449684,-1.205268717,0.571119305,0.489525395,-0.693487963,-0.425628256,-0.40637318,-1.025073263,-0.168194833,0.383305996,1.459700547,-0.074340319,-0.949376043,-0.943953861,-0.264988641,0.156872831,-0.03581901,1.99,0
44590.0,0.865326675,-0.8887286,0.079192624,-0.37694446,-0.070575087,1.313946219,-0.360610453,0.409456525,-1.503503558,0.626999416,2.340282616,1.32613251,0.680598893,0.51739374,1.141354398,-2.356672099,0.85877268,-1.025539304,-1.97276782,-0.301001487,-0.597925201,-1.520204734,0.325600881,-1.082644444,-0.422147468,0.072373565,0.01693448,0.023532329,153.7,0
67581.0,-0.836059062,-0.165178134,3.189874947,-1.423357867,-1.408812007,0.379904947,-0.798235451,0.486792814,-0.150612509,-0.162917165,0.546636193,0.430287518,-0.070313102,-1.404034848,-2.681703459,0.827591773,0.488000623,-0.872914742,0.676297217,0.194182929,0.207204373,0.948977858,-0.397268061,0.61015978,0.500299762,-0.143482097,0.34438104,0.122325663,2.07,0
139545.0,1.956650019,-0.098264391,-1.262905208,1.15613405,0.497096035,0.335107617,-0.043327489,0.039328516,0.451498976,0.306514705,0.17063179,1.103229496,0.170121275,0.185895868,-1.293494962,-0.210267225,-0.607046346,0.250363224,0.177982952,-0.192213993,0.138218255,0.625811395,-0.029188111,0.243099436,0.365595836,-0.48427428,0.015384294,-0.055459597,20.0,0
131586.0,2.088761714,-2.198390314,-1.140752181,-2.516207361,0.16587054,4.186651258,-2.625972765,1.152624483,-0.597811138,1.480667081,-0.313304338,-0.694184805,0.626583487,-0.828929265,0.914360074,0.094449294,0.057721629,0.546944686,-0.734067305,-0.206320491,0.102407815,0.609832878,0.260329008,0.698495434,-0.515341574,-0.077091451,0.089679079,-0.021648659,74.24,0
140847.0,-0.979571174,-0.40509976,-1.093187962,-0.087591373,0.242169332,-0.227700579,3.173440274,-0.566988098,-1.235422586,-0.837743527,-0.926335472,-0.061829026,0.78640023,0.580000984,0.100956694,-0.436851426,-0.412925509,-0.201546895,0.25617118,1.124925336,0.492354462,0.53866671,0.908366677,0.595523433,0.156653885,0.392329778,-0.090964478,0.20597209,500.0,0
67704.0,1.324046591,-1.218030094,1.240226957,-0.403832959,-1.514499329,1.029499854,-1.750160369,0.496561609,0.991287105,0.262057917,-1.944660993,-1.081058745,-1.353291442,-1.117502459,-0.89552474,0.580907811,0.951570045,-1.3563757,0.956429718,-0.069750081,0.095087285,0.602346375,-0.148273865,-0.737662335,0.468015804,0.041317856,0.091750363,0.012185146,4.8,0
41527.0,1.029926172,-0.248181615,2.245296601,3.084548722,-1.449243208,0.955368668,-1.264092537,0.478303534,1.233178098,0.250964299,-1.742257532,0.22050917,-0.604329708,-1.182945735,-1.850049198,0.134684938,0.115689208,-0.023230687,-0.545345283,-0.196424236,0.061570251,0.620683517,-0.114959179,0.427754986,0.451278198,0.251473073,0.089604511,0.039923916,11.38,0
59232.0,-0.852209881,-4.12944688,-1.209031538,0.023867481,-1.615997347,0.192648755,1.024652341,-0.290891684,-1.338482877,0.236602567,1.456543037,0.187332401,0.429011786,0.409734207,0.362542796,1.153887312,0.232317107,-1.178642091,0.287045645,2.400495149,0.819205982,-0.334192417,-1.054927109,-0.223852282,0.033072923,-0.361262586,-0.211323421,0.195909533,1158.0,0
74843.0,0.920057852,-0.463908476,-0.023195998,-0.74118517,-0.570499643,-1.166366076,0.475443642,-0.286845263,0.811187361,-1.106703894,0.594656279,1.26286266,0.534385763,0.482157079,1.699854967,-0.986426203,0.216923206,-1.162082585,0.272781835,0.212370635,-0.300178838,-1.132515648,0.095806617,0.375061428,0.214676063,-1.136295514,0.027477809,0.05742724,170.15,0
36272.0,-0.998115802,-0.774899485,1.189683087,-0.967488357,-0.989699847,-0.720508819,1.124696411,-0.258735603,-1.698534754,-0.045732195,-0.588345474,-0.308674027,0.639139707,0.018606675,0.631222127,-1.345027946,-0.034708191,0.962019086,-0.531126966,0.336376419,-0.294608267,-1.02754251,0.755885593,0.356500022,-0.326482831,0.758803973,-0.072795855,0.138238549,292.82,0
